age,height_cm,weight_kg,heart_rate,blood_pressure,sleep_hours,nutrition_quality,activity_index,smokes,gender,bmi,is_fit
0.3842187646482928,-1.5682596829398205,-0.7769228686178984,-0.05814220229707266,-0.19958643874876916,-0.008505109297798425,-0.930747589831847,0.85464388222826,-0.9054480740167674,-0.9704367948586523,0.0408021531468,1
1.109580940138825,0.7980843112000601,0.5244554707755664,-0.8011735415567935,-0.3505361835782697,-0.008505109297798425,1.30432620551242,0.1680839537677232,-0.9054480740167674,-0.9704367948586523,-0.03347254876714504,1
-0.17375213957519348,1.21567442781298,0.8714896946138238,-0.7505123138799942,-0.24075455097499615,-0.008505109297798425,1.1052649456145711,-0.8529538885582032,-0.9054480740167674,-0.9704367948586523,0.01951531800174777,0
-0.9549114054880742,1.0068793695065201,0.003904135018180542,-0.8518347692335922,0.6992506781905278,-0.3556524275752888,0.399819778959037,0.5993844216467784,-0.9054480740167674,1.0304638130973318,-0.49909198635276,1
0.6074071263376873,0.03250243074303985,0.6979725826946951,-1.0291490661023894,-0.2819226632012241,0.33864220897969194,1.7164179365290193,1.611620213607826,1.1044255642002523,-0.9704367948586523,0.5029697092845974,1
-1.3454910384445147,-0.1762926275634202,0.09066269097774486,0.9213081994543786,-0.04863669391926865,0.13035381801319784,0.8084192071704108,0.9514664362419254,1.1044255642002523,1.0304638130973318,0.10672780766248235,0
1.6117547539399626,1.2852727805818,0.003904135018180542,0.7862115923162468,0.8639231270954376,-0.07793457295329626,-1.0040859487415807,0.3705311121599327,1.1044255642002523,-0.9704367948586523,-0.604155241675362,0
-0.6201288629539825,0.9372810167377,-1.1239570924561557,0.9213081994543786,-0.6387129691618614,-0.6333702821972813,1.199557121355658,1.7260468683512487,-0.9054480740167674,1.0304638130973318,-1.2826316889135727,1
0.3842187646482928,-0.7330794497139803,1.0883860845127344,-0.015924512566406687,1.4402766982626212,1.1023663091901705,-0.30911769050172255,-0.8265477374635669,-0.9054480740167674,-0.9704367948586523,1.3658413069583963,0
1.4443634826729166,1.6332645444259002,-1.21071564841572,-0.2692306509504025,0.6580825659643008,0.4080716726351898,-1.6327004536821559,-1.5395138170187397,-0.9054480740167674,-0.9704367948586523,-1.5138906322928871,0
-0.7317230437986797,-1.4986613301710006,-0.8636814245774627,-0.25234357505813587,-1.908063096137205,-1.1193765277857675,-0.6373941541929119,-1.645138421397284,-0.9054480740167674,1.0304638130973318,-0.09377725801730988,0
-0.5085346821092852,0.2412974890494999,-1.21071564841572,1.0141871168618433,-0.5220699845208837,0.6857895272571823,0.909695988521948,0.740217227484837,-0.9054480740167674,1.0304638130973318,-1.1468638318855646,1
-1.1780997671774687,-0.24589098033224022,0.3075590808766557,-1.8650593227695755,-2.0521514889290002,0.894077918223677,1.5941873383461298,1.1627156449990137,-0.9054480740167674,-0.9704367948586523,0.3323572492969328,1
-1.1780997671774687,-0.037095922025780166,0.2641798028968735,-0.5478674031727977,-0.19958643874876916,-0.07793457295329626,-0.7945477804280557,0.4761557165384769,-0.9054480740167674,1.0304638130973318,0.1799707828711273,1
-0.4527375916869366,-0.8722761552516204,-1.6445084282135416,-0.9193830728026581,-0.5083472804454744,-0.008505109297798425,-0.8958245617795928,1.426777155945374,-0.9054480740167674,1.0304638130973318,-1.1702476906822017,1
1.1653780305611736,-0.5242843914075203,0.0472834129979627,1.351928634707171,0.8639231270954376,-2.1608184826182386,0.21123542747686444,0.6962069756604438,-0.9054480740167674,1.0304638130973318,0.25968473309363493,0
0.2168274933812469,0.5196909001247799,-0.8636814245774627,-0.5056497134421317,-0.8994443465946345,-0.9110881368192733,1.0773265231727678,-0.45686162213866266,-0.9054480740167674,1.0304638130973318,-0.9638295382658422,1
0.4400158550706414,-0.6634810969451603,1.4354203083509918,-1.6793014879546455,0.40421254056923195,0.894077918223677,0.8503268408331158,-1.1170153995045633,-0.9054480740167674,-0.9704367948586523,1.6362529731848492,0
-0.4527375916869366,1.3548711333506203,1.4354203083509918,0.2036074740330571,0.5894690455872552,-0.8416586731637754,0.19726621625596275,1.4971935588644032,1.1044255642002523,1.0304638130973318,0.3370807691881828,1
-1.6244764905562576,1.14607607504416,0.958248250573388,-0.3958837201424004,0.27384685185284585,-0.14736403660879469,0.44521971542696737,-1.3986810111806809,-0.9054480740167674,-0.9704367948586523,0.11227870957132459,1
-0.5643317725316338,1.2852727805818,-1.1673363704359379,-0.5900850929034637,1.179545320829847,-0.9110881368192733,-0.91328607580572,0.15047985303796582,1.1044255642002523,-0.9704367948586523,-1.4031368435111629,0
1.1653780305611736,-1.6378580357086405,0.958248250573388,-0.6914075482570616,2.1332732540707813,0.1997832816686957,-0.24625624000766513,-0.6505067301659937,1.1044255642002523,-0.9704367948586523,2.015732772211394,0
-1.6802735809786062,0.65888760566242,-0.2563715328605124,-0.7336252379877276,0.12289710702334536,-0.008505109297798425,-0.8678861393377896,-0.8001415863689311,1.1044255642002523,1.0304638130973318,-0.5533509577290776,0
-0.4527375916869366,1.14607607504416,0.2641798028968735,0.6933326749087821,0.42479659668234543,0.4080716726351898,1.3287723251489982,0.5113639179979916,-0.9054480740167674,-0.9704367948586523,-0.37115939772197803,1
0.6632042167600359,0.5892892528936,1.3052824744116454,0.2036074740330571,-0.8994443465946345,-1.1888059914412659,-1.363793137679799,-0.9497764425718686,1.1044255642002523,-0.9704367948586523,0.6590391393478912,0
-0.11795504915284484,0.3108958418183199,-1.3408534823550664,-0.22701296121973655,-1.0435327393864298,0.13035381801319784,0.6163425528830129,1.4707874077697671,1.1044255642002523,-0.9704367948586523,-1.2713886048943437,0
0.32842167422594415,-0.8722761552516204,-0.6034057566987697,-1.1389150594021213,1.0697636882265744,1.6578020184341555,-0.8504246253116624,-0.33363291703036113,-0.9054480740167674,-0.9704367948586523,-0.1622283952908575,0
-1.6802735809786062,-0.8722761552516204,0.3075590808766557,-0.19323880943520327,0.9325366474724832,0.7552189909126802,-0.09608721938297228,0.6257905727414143,-0.9054480740167674,-0.9704367948586523,0.7197884881765689,1
1.555957663517614,-0.5242843914075203,-0.3865093667998589,0.23738162581758915,-1.050394091424135,0.060924354357699405,-0.714224815907871,0.8018315800389879,1.1044255642002523,1.0304638130973318,-0.13554962436286616,0
-0.6201288629539825,0.45009254735595994,0.3509383588564378,0.2795993155482551,-1.3385708770077258,-2.0219595553072427,-0.6304095485824611,0.6433946734711716,-0.9054480740167674,-0.9704367948586523,0.0014812797355944604,1
0.04943622211420104,0.45009254735595994,-2.295197597910274,0.13605917046399177,-0.6592970252749749,-0.28622296391979096,-0.8504246253116624,1.4179751055804952,1.1044255642002523,1.0304638130973318,-2.05091074340584,0
-1.12230267675512,0.65888760566242,0.3509383588564378,-0.961600762533324,-0.13783427040942775,1.7272314820896535,0.8712806576644686,-0.9497764425718686,1.1044255642002523,-0.9704367948586523,-0.09754497376327863,1
1.4443634826729166,0.9372810167377,-0.9070607025572448,-2.135252537045838,-0.41228835191761015,1.380084163812163,-0.48024052795776806,-1.4602953637348315,-0.9054480740167674,-0.9704367948586523,-1.1266972871041516,0
-0.5643317725316338,1.4244694861194402,1.175144640472299,1.79943614585223,0.17092657128727748,0.47750113629068763,0.7769884819233821,-1.5659199681133757,1.1044255642002523,1.0304638130973318,0.12839728617626334,0
1.6117547539399626,0.2412974890494999,1.2619031964318632,-1.350003508055451,0.9531207035855978,-0.008505109297798425,-0.16593327548748069,1.3299546019317081,1.1044255642002523,1.0304638130973318,0.8361351162300393,0
0.6632042167600359,1.6332645444259002,-0.2563715328605124,-2.0170430057999735,0.47968741298398265,-0.008505109297798425,0.15186627978803235,1.6644325157970976,-0.9054480740167674,-0.9704367948586523,-0.8953333373936527,1
-0.39694050126458796,0.2412974890494999,-0.12623369892116593,0.11072855662559122,0.5551622853987325,0.824648454568178,0.1378970685671307,-0.6945169819903869,1.1044255642002523,-0.9704367948586523,-0.2771274511331067,0
0.942189668871779,1.2852727805818,-2.078301208011363,-1.7552933294698443,-2.0521514889290002,0.9635073818791748,1.6500641832297365,0.6786028749306864,-0.9054480740167674,-0.9704367948586523,-2.0245669782723414,1
-0.2853463204198907,-0.6634810969451603,-0.4732679227594232,-0.8433912312874595,-1.6541930707421362,0.33864220897969194,-0.4767482251525427,-1.7243568746811917,1.1044255642002523,-0.9704367948586523,-0.14519203612494488,0
1.5001605730952654,1.2852727805818,0.0472834129979627,0.532905453932251,-0.8102467701044754,0.894077918223677,-1.032024371183384,-1.099411298774806,-0.9054480740167674,-0.9704367948586523,-0.5745633304962581,0
0.5516100359153386,1.4940678388882602,-1.0371985364965912,1.7741055320138308,-0.6455743211995656,-0.07793457295329626,1.4265568036953096,0.6698008245658075,1.1044255642002523,1.0304638130973318,-1.3673986948451247,0
-0.2295492299975421,-1.0810712135580804,0.09066269097774486,0.37247823295572097,0.8707844791331418,-0.14736403660879469,-1.1472703637558228,-1.530711766653861,-0.9054480740167674,-0.9704367948586523,0.6457749674665424,0
1.555957663517614,0.3108958418183199,0.003904135018180542,-0.4718755616575985,-0.8994443465946345,-0.49451135488628506,1.1541571848877272,-0.11358165790839427,-0.9054480740167674,-0.9704367948586523,-0.20493181250885326,0
-0.8991143150657256,-0.037095922025780166,-1.6011291502337595,-0.07502927818933809,0.6923893261528237,0.4080716726351898,-1.2345779338864584,0.5729782705521422,-0.9054480740167674,1.0304638130973318,-1.3855455098673028,0
-0.9549114054880742,0.9372810167377,1.0450068065329523,-1.8566157848234428,-0.8033854180667702,1.0329368455346728,0.5430041939732791,0.9338623355121676,-0.9054480740167674,1.0304638130973318,0.2767123291806373,0
1.6675518443623112,-0.38508768586988024,-0.42988864477964106,-0.48031909960373237,-1.2287892444044533,0.7552189909126802,-1.231085631081233,-0.15759190973278786,-0.9054480740167674,-0.9704367948586523,-0.2429579963480947,0
1.6675518443623112,-1.4290629774021806,1.522178864310556,-0.48031909960373237,-1.180759780140521,-1.2582354550967636,1.4649721345527895,0.4585516158087195,-0.9054480740167674,1.0304638130973318,2.4241044650108643,0
0.8305954880270818,-1.7074563884774605,1.175144640472299,0.12761563251785785,2.332252463164214,-1.1888059914412659,0.21472773028209008,0.14167780267308733,-0.9054480740167674,1.0304638130973318,2.3285872836211547,0
1.6675518443623112,0.3108958418183199,0.5244554707755664,1.9429762909364947,-0.8239694741798838,1.1717957728456683,-0.6094557317511086,-1.5747220184782544,-0.9054480740167674,1.0304638130973318,0.20789017164036858,0
1.0537838497164762,1.6332645444259002,1.5655581422903382,-1.9832688540154406,0.7198347343036423,0.1997832816686957,-1.2695009619387125,0.85464388222826,1.1044255642002523,-0.9704367948586523,0.2855487710503397,0
0.6632042167600359,-1.5682596829398205,-1.2540949263955021,-0.4381014098730664,-1.5993022544404998,0.1997832816686957,-0.46277901393164106,-1.152223600964078,1.1044255642002523,-0.9704367948586523,-0.48399701992343863,0
1.2769722114058708,1.3548711333506203,-1.0805778144763734,-1.881946398661842,1.4677221064134398,0.1997832816686957,0.7036501230136484,-1.645138421397284,-0.9054480740167674,-0.9704367948586523,-1.3616015501763947,0
1.109580940138825,-0.8026778024828004,-2.078301208011363,-0.530980327280531,0.36304442834300493,1.7966609457451512,-0.41388677465848517,-0.17519601046254524,-0.9054480740167674,1.0304638130973318,-1.6082375568131604,0
1.388566392250568,0.3108958418183199,1.478799586330774,-0.9024959969103915,0.28756955592825423,-0.49451135488628506,-0.8993168645848183,1.285944350107315,1.1044255642002523,-0.9704367948586523,0.9647304759139425,0
-1.6244764905562576,1.7028628971947202,0.003904135018180542,-1.5357613428703811,0.43165794872005053,1.1717957728456683,0.2566353639447948,-1.231442054247986,-0.9054480740167674,-0.9704367948586523,-0.7500307128185129,0
0.27262458380359555,-1.4986613301710006,-0.4732679227594232,0.904421123562112,0.5483009333610283,0.26921274532419415,-0.2986407820860465,-1.715554824316313,-0.9054480740167674,1.0304638130973318,0.3300094007717851,0
1.0537838497164762,-0.5242843914075203,-1.5577498722539773,0.23738162581758915,0.836477718944619,-1.6748122370297525,-1.1787010890028515,-1.3722748600860448,-0.9054480740167674,-0.9704367948586523,-1.2026823894954182,0
-1.4012881288668633,0.7980843112000601,1.3486617523914275,0.7862115923162468,-0.6112675610110427,-0.008505109297798425,-1.2206087226655566,-0.48326777323329856,1.1044255642002523,1.0304638130973318,0.5718897153876205,0
-0.6201288629539825,-0.037095922025780166,-0.5166472007392053,-0.5647544790650637,-0.6730197293503842,-0.6333702821972813,0.7106347286240994,0.28251060851114584,-0.9054480740167674,1.0304638130973318,-0.4753616187403087,1
-1.289693948022166,1.5636661916570802,-1.6011291502337595,-0.09191635408160471,0.05428358664629975,-0.008505109297798425,1.646571880424511,-1.0818071980450485,1.1044255642002523,1.0304638130973318,-1.753773045312571,0
0.3842187646482928,-1.7074563884774605,-0.039475142961601616,1.5883476971989001,0.7129733822659381,1.2412252365011673,-0.9447168010527487,1.0658930909853481,1.1044255642002523,1.0304638130973318,0.9568746264526136,0
-0.7875201342210283,1.4244694861194402,-1.5577498722539773,-0.024368050512539402,-0.06235939799467797,0.33864220897969194,0.9411267137689769,0.8898520836877744,-0.9054480740167674,-0.9704367948586523,-1.6978473757345172,1
-1.568679400133909,-0.7330794497139803,-0.9938192585168091,0.7946551302623807,0.8021709587560962,-0.5639408185417829,-1.4511007078104343,0.6874049252955649,-0.9054480740167674,-0.9704367948586523,-0.601325438152434,1
-0.39694050126458796,-1.1506695663269004,0.0472834129979627,-0.6491898585263957,0.6443598618888925,-0.9805176004747718,-0.4243636830741615,-0.0431652549893648,1.1044255642002523,-0.9704367948586523,0.6486812145351587,0
1.555957663517614,-0.7330794497139803,-1.6011291502337595,0.7017762128549149,-0.22017049486188264,1.1717957728456683,0.012174167579015845,-0.47446572286842004,1.1044255642002523,1.0304638130973318,-1.1750824054764262,0
-1.0107084959104229,1.6332645444259002,0.09066269097774486,-0.5816415549573304,-1.7914201114962274,-1.327664918752262,-0.8189939000646337,-0.43925752140890534,1.1044255642002523,-0.9704367948586523,-0.6704034119757495,0
0.9979867592941277,-0.10669427479460018,-1.1673363704359379,-1.9494947022309075,-0.5152086324831785,-0.14736403660879469,0.09249713209920028,0.009647047199906902,-0.9054480740167674,-0.9704367948586523,-0.9978337518429413,0
1.4443634826729166,-1.4986613301710006,-0.1696129769009481,-0.03281158845867212,1.7970670042232575,2.421526118644634,1.3252800223437728,-1.4867015148294676,-0.9054480740167674,1.0304638130973318,0.6596212464966367,0
-1.289693948022166,-0.9418745080204404,1.1317653624925168,-0.4972061754959978,0.35618307630529983,-0.008505109297798425,1.5383104934625231,0.6433946734711716,1.1044255642002523,1.0304638130973318,1.5748510344610884,0
-0.3411434108422393,0.7980843112000601,0.6979725826946951,-1.6708579500085123,-0.6524356732372697,-1.327664918752262,-1.4057007713425038,-0.5184759746928133,-0.9054480740167674,-0.9704367948586523,0.093972138423332,1
1.1653780305611736,0.7980843112000601,0.2641798028968735,0.16983332224852382,0.26698549981514075,-0.008505109297798425,-0.8085169916489573,-0.9673805433016259,-0.9054480740167674,1.0304638130973318,-0.2246395795528604,0
-1.6802735809786062,1.21567442781298,1.0016275285531702,-0.9278266107487915,0.6992506781905278,2.490955582300132,1.6605410916454126,-0.7825374856391737,1.1044255642002523,-0.9704367948586523,0.10921820695930258,0
-0.6759259533763311,-1.3594646246333606,0.43769691481600215,3.108184527502875,-0.6524356732372697,0.33864220897969194,-0.8155015972594082,-1.125817449869442,1.1044255642002523,1.0304638130973318,1.2065642575961955,0
-0.2295492299975421,0.9372810167377,-0.6034057566987697,-1.5104307290319816,1.2756042493577113,-0.9110881368192733,0.6617424893509433,1.4179751055804952,1.1044255642002523,1.0304638130973318,-0.9083891245709622,0
0.8305954880270818,1.4244694861194402,-0.690164312658334,-1.257124590647986,0.5139941731725055,-0.21679350026429253,-0.8748707449482404,-1.1610256513289567,1.1044255642002523,-0.9704367948586523,-1.118087165604111,0
1.555957663517614,-0.10669427479460018,-0.6467850346785519,0.8537598958853133,-1.1258689638388848,-0.7027997458527792,-0.5151635560100223,1.347558702661466,1.1044255642002523,1.0304638130973318,-0.5558801551933633,0
-1.4012881288668633,-1.0114728607892605,-0.039475142961601616,-0.15946465765067003,0.8845071832085522,-1.9525300916517443,-1.0913935188722161,0.25610445741651,1.1044255642002523,1.0304638130973318,0.47042183982838964,0
0.6632042167600359,-0.8722761552516204,-0.4732679227594232,0.8368728199930466,-0.41228835191761015,-0.008505109297798425,1.2309878466026867,1.2947464004721934,-0.9054480740167674,1.0304638130973318,-0.03622598336693944,1
1.6117547539399626,0.5892892528936,-0.7769228686178984,0.3640346950095871,-0.17900238263565568,0.060924354357699405,1.3252800223437728,-0.08717550681375841,-0.9054480740167674,-0.9704367948586523,-0.9208502803571125,1
-1.3454910384445147,-0.037095922025780166,0.654593304714913,-0.615415706741863,-1.0366713873487257,0.7552189909126802,-0.7212094215183219,1.5059956092292817,-0.9054480740167674,-0.9704367948586523,0.5076369836768457,1
0.8305954880270818,-1.2898662718645404,-0.9070607025572448,-1.4175518116245165,0.6580825659643008,-0.008505109297798425,1.1192341568354731,-1.011390795126019,-0.9054480740167674,-0.9704367948586523,-0.2520703517218163,1
0.16103040295889828,-1.4986613301710006,-0.12623369892116593,1.0648483445386432,-0.14469562244713288,0.13035381801319784,-0.5081789503995715,0.19449010486235943,-0.9054480740167674,1.0304638130973318,0.7067086530287577,0
-1.0107084959104229,-1.2202679190957204,0.2641798028968735,-1.3331164321631845,0.6992506781905278,-2.3691068735847334,-1.4126853769529546,-1.3194625578967727,-0.9054480740167674,1.0304638130973318,0.9196727151654549,0
-0.843317224643377,-0.38508768586988024,1.478799586330774,0.5413489918783848,-0.5632380967471107,0.9635073818791748,0.8887421716905956,-0.18399806082742373,1.1044255642002523,1.0304638130973318,1.455156228590078,0
0.2168274933812469,0.2412974890494999,0.6112140267351308,0.904421123562112,-0.6798810813880883,-1.1193765277857675,0.3229891172440779,0.24730240705163115,1.1044255642002523,1.0304638130973318,0.31429328777856463,1
0.9979867592941277,1.3548711333506203,-0.3865093667998589,-0.15102111970453733,-0.7622173058405433,-0.008505109297798425,-0.8015323860385065,0.3705311121599327,-0.9054480740167674,-0.9704367948586523,-0.8929995310413386,1
0.4400158550706414,1.4244694861194402,0.9148689725936059,-0.3283354165733339,0.41107389260693705,-0.5639408185417829,-0.8748707449482404,-0.47446572286842004,1.1044255642002523,-0.9704367948586523,-0.0455307768628587,0
-1.568679400133909,-1.0810712135580804,-0.2997508108402946,-1.020705528156256,-0.6936037854634977,-2.1608184826182386,1.6500641832297365,-1.4867015148294676,-0.9054480740167674,1.0304638130973318,0.25336873766574697,0
-1.6802735809786062,1.21567442781298,1.218523918452081,0.448470074470919,-0.19958643874876916,-0.6333702821972813,1.2554339662392646,0.5465721194575064,-0.9054480740167674,-0.9704367948586523,0.258723021888561,1
1.6675518443623112,0.5892892528936,1.218523918452081,-2.135252537045838,-0.5289313365585878,-0.7027997458527792,1.0703419175623172,-0.0431652549893648,-0.9054480740167674,-0.9704367948586523,0.5932104135268497,0
-1.4570852192892119,0.03250243074303985,-0.4732679227594232,0.7017762128549149,0.45910335687086823,-0.4250818912307866,-1.3114085956014174,-1.2754523060723795,-0.9054480740167674,-0.9704367948586523,-0.4688267213041939,0
1.2211751209835222,1.07647772227534,0.22080052491709135,0.0938414807333258,-1.777697407420818,-1.8136711643407482,0.8782652632749193,1.532401760323918,-0.9054480740167674,1.0304638130973318,-0.3733121034213517,1
0.5516100359153386,1.6332645444259002,0.09066269097774486,-0.25234357505813587,0.26012414777743653,0.9635073818791748,-1.0075782515468061,1.6028181632429475,1.1044255642002523,-0.9704367948586523,-0.6704034119757495,0
-1.568679400133909,-1.5682596829398205,1.0450068065329523,0.22049454992532372,1.7902056521855532,-0.008505109297798425,1.6535564860349619,1.2595381990126786,-0.9054480740167674,-0.9704367948586523,2.044580813960437,1
1.2211751209835222,-1.3594646246333606,-0.690164312658334,-1.4175518116245165,1.2756042493577113,-0.9110881368192733,-1.5768236087985494,1.2155279471882854,-0.9054480740167674,-0.9704367948586523,0.013681985493331378,0
-0.17375213957519348,-1.4290629774021806,1.5655581422903382,-2.135252537045838,-0.6249902650864521,-0.6333702821972813,-0.529132767230924,-1.4162851119104383,1.1044255642002523,-0.9704367948586523,2.470582332252829,0
-0.7875201342210283,-1.4290629774021806,0.39431763683621995,0.448470074470919,0.5139941731725055,0.894077918223677,-0.26022545122856683,1.7348489187161271,1.1044255642002523,-0.9704367948586523,1.2156799167197814,1
-0.3411434108422393,1.4940678388882602,-0.2997508108402946,1.309710944976505,0.31501496407907287,-0.008505109297798425,1.1192341568354731,-0.3512370177601185,-0.9054480740167674,1.0304638130973318,-0.8796182207802192,1
0.6632042167600359,-0.1762926275634202,0.7847311386542594,-1.789067481254377,1.5157515706773708,-1.327664918752262,0.916680594132399,-1.1874318024235928,1.1044255642002523,-0.9704367948586523,0.7028711821948976,0
0.10523331253654966,1.6332645444259002,-0.2563715328605124,-1.088253831725322,-2.0521514889290002,-0.008505109297798425,-0.4488098027107394,1.1011012924448627,1.1044255642002523,-0.9704367948586523,-0.8953333373936527,1
-1.2338968575998173,-1.1506695663269004,-0.6467850346785519,0.7355503646394481,1.1520999126790283,-1.1193765277857675,0.21822003308731544,-0.9673805433016259,-0.9054480740167674,1.0304638130973318,-0.05778832528886591,1
1.6675518443623112,0.65888760566242,0.003904135018180542,0.3387040811711877,-0.2681999591258148,-0.008505109297798425,1.161141790498178,0.08886550048381524,1.1044255642002523,-0.9704367948586523,-0.3580055360294495,1
0.2168274933812469,-0.38508768586988024,-0.21299225488073026,2.981531458310877,-0.7553559538028382,-0.07793457295329626,-1.6955619041762136,-1.310660507531894,1.1044255642002523,1.0304638130973318,-0.04999047078693876,0
-1.0107084959104229,1.6332645444259002,0.7413518606744772,1.0648483445386432,-0.7896627139913609,1.1023663091901705,1.042403495120514,-0.08717550681375841,-0.9054480740167674,1.0304638130973318,-0.24865980181718086,1
-0.06215795873049621,1.14607607504416,-0.4732679227594232,0.8199857441007801,-1.3317095249700215,2.074378800367144,1.5487874018781997,0.20329215522723793,-0.9054480740167674,1.0304638130973318,-0.8848123867211116,1
0.8863925784494304,0.65888760566242,-0.08285442094138377,-0.8011735415567935,-0.6249902650864521,1.380084163812163,-1.6466696649030574,-0.1928001111923026,-0.9054480740167674,1.0304638130973318,-0.42312067659599234,0
-0.9549114054880742,1.7028628971947202,-1.3842327603348485,0.5075748400938516,-1.1052849077257714,-0.07793457295329626,-1.5977774256299018,-1.5131076659241036,-0.9054480740167674,-0.9704367948586523,-1.6407307250488588,0
-1.3454910384445147,-0.5242843914075203,1.2619031964318632,1.487025241845303,0.19151062740039096,2.3520966549891362,-0.5535788868675019,-0.05196730535424368,-0.9054480740167674,-0.9704367948586523,1.3663409339718375,0
-1.0107084959104229,-0.5938827441763403,-0.08285442094138377,-0.19323880943520327,0.6100531017003697,0.5469305999461866,-1.4511007078104343,-0.10477960754351577,-0.9054480740167674,1.0304638130973318,0.17980166755966834,0
-0.5085346821092852,-0.10669427479460018,0.7413518606744772,-0.1425775817584046,-0.25447725505040547,-1.0499470641302695,-0.08561031096729593,-0.8353497878284458,1.1044255642002523,-0.9704367948586523,0.6226627692055112,0
1.555957663517614,-1.5682596829398205,1.1317653624925168,0.11917209457172515,1.5500583308658937,0.060924354357699405,0.7874653903390585,1.4883915084995247,1.1044255642002523,1.0304638130973318,2.139998845427753,0
1.388566392250568,0.45009254735595994,1.1317653624925168,-0.6998510862031949,-0.5563767447094065,-0.008505109297798425,0.22171233589254077,-0.2896226652059679,-0.9054480740167674,-0.9704367948586523,0.6071051554166734,0
1.6675518443623112,0.65888760566242,0.3509383588564378,0.24582516376372304,-0.30936807135204175,-1.327664918752262,-1.0739320048460892,1.285944350107315,-0.9054480740167674,-0.9704367948586523,-0.09754497376327863,0
0.4400158550706414,0.86768266396888,-0.8203021465976805,0.22049454992532372,-0.48090187229465575,-1.2582354550967636,0.5290349827523775,-1.3722748600860448,-0.9054480740167674,1.0304638130973318,-1.042919278941646,0
-0.6201288629539825,-0.8722761552516204,-0.8636814245774627,1.4785817038991689,0.6237758057757781,-0.008505109297798425,0.6338040669091399,-0.6329026294362363,1.1044255642002523,-0.9704367948586523,-0.41423321913869365,0
-0.8991143150657256,1.4940678388882602,-0.42988864477964106,-0.21856942327360263,0.7266960863413464,0.7552189909126802,1.4964028597998182,-1.1346195002343207,1.1044255642002523,1.0304638130973318,-0.9656971279681441,0
0.7190013071823845,-0.037095922025780166,1.522178864310556,0.6595585231242489,0.5139941731725055,1.1023663091901705,-1.2450548423021346,-0.32483086666548266,-0.9054480740167674,-0.9704367948586523,1.2357840965784408,0
-0.7875201342210283,-1.1506695663269004,0.9148689725936059,-0.18479527148907057,-0.1241115663340194,-1.327664918752262,0.658250186545718,-1.3634728097211661,-0.9054480740167674,-0.9704367948586523,1.5317681393151905,0
0.8305954880270818,-1.4986613301710006,-0.9070607025572448,0.6257843713397168,-1.3728776371962486,-0.3556524275752888,1.4230645008900842,-0.21040421192205996,-0.9054480740167674,-0.9704367948586523,-0.14086466454943136,1
1.1653780305611736,-0.8026778024828004,-0.1696129769009481,-0.2776741888965352,-0.32309077542745107,0.47750113629068763,-0.005287346447111491,-0.5096739243279348,-0.9054480740167674,1.0304638130973318,0.2171920934732317,1
-0.4527375916869366,0.7980843112000601,0.17742124693730918,0.5582360677706515,1.5294742747527792,0.13035381801319784,-0.4942097391786698,-0.9761825936665046,1.1044255642002523,1.0304638130973318,-0.2883619231480987,0
-0.3411434108422393,0.5892892528936,-1.21071564841572,0.7102197508010487,1.04917963211346,0.6857895272571823,-1.1612395749767246,0.5025618676331127,-0.9054480740167674,1.0304638130973318,-1.2499939094623218,0
-0.39694050126458796,-1.0114728607892605,0.43769691481600215,-1.105140907617588,0.30815361204136865,-0.49451135488628506,1.269403177460166,1.5852140625131896,1.1044255642002523,-0.9704367948586523,0.9440530935242798,1
1.555957663517614,1.07647772227534,-0.039475142961601616,1.0901789583770425,-0.39170429580449667,1.3106547001566653,-0.38245604941145644,-1.0289948958557764,-0.9054480740167674,1.0304638130973318,-0.5565147238385986,1
1.555957663517614,-1.5682596829398205,1.0883860845127344,-0.19323880943520327,-0.007468581693041681,-0.008505109297798425,1.4719567401632403,0.7490192778497159,-0.9054480740167674,1.0304638130973318,2.092289829694095,1
1.555957663517614,0.1716991362806799,1.3052824744116454,-0.4972061754959978,-0.3848429437667925,-0.008505109297798425,1.2030494241608833,0.85464388222826,1.1044255642002523,1.0304638130973318,0.9154704872747308,0
0.7190013071823845,0.2412974890494999,-1.3408534823550664,-0.7420687759338609,1.2344361371314843,-0.4250818912307866,-0.44182519710028856,-0.00795705352985007,-0.9054480740167674,-0.9704367948586523,-1.2512321975758596,0
0.49581294549299004,-1.1506695663269004,-0.21299225488073026,0.2795993155482551,-0.8582762343684065,0.060924354357699405,0.2461584555291188,1.4003710048507376,1.1044255642002523,-0.9704367948586523,0.3837551371011496,1
-0.17375213957519348,-1.5682596829398205,0.39431763683621995,-0.03281158845867212,0.9599820556233019,-0.008505109297798425,-1.6641311789291848,1.6468284150673407,1.1044255642002523,-0.9704367948586523,1.3289455779555663,0
-0.9549114054880742,-0.037095922025780166,0.7413518606744772,0.3471476191173216,-0.535792688596293,-0.9110881368192733,-0.8399477168959861,-0.48326777323329856,1.1044255642002523,-0.9704367948586523,0.5804516949670048,0
0.7190013071823845,0.5892892528936,1.1317653624925168,0.37247823295572097,1.3648018258478714,-0.21679350026429253,0.7211116370397754,0.528968018727749,1.1044255642002523,1.0304638130973318,0.5273816877058082,0
-1.736070671400955,-0.9418745080204404,-0.34313008882007673,0.5920102195551835,0.44538065279545985,0.13035381801319784,0.6093579472725622,0.5729782705521422,-0.9054480740167674,-0.9704367948586523,0.12902913779989528,1
-0.39694050126458796,1.14607607504416,-1.514370594274195,2.787330085549814,-0.7622173058405433,2.7686734369221244,-0.5256404644256987,-0.34243496739524,1.1044255642002523,1.0304638130973318,-1.6099695476610651,0
-1.4012881288668633,-1.1506695663269004,0.4810761927957843,0.01784963921812657,-0.30936807135204175,-0.4250818912307866,1.0668496147570918,-0.6417046798011148,1.1044255642002523,-0.9704367948586523,1.0902246769251747,0
-1.289693948022166,-0.7330794497139803,1.3052824744116454,-0.7673993897722603,0.7404187904167547,-1.4665238460632577,-0.9342398926370724,1.5235997099590395,-0.9054480740167674,1.0304638130973318,1.5707545095741078,1
-0.4527375916869366,1.0068793695065201,-0.3865093667998589,-2.0677042334767726,-0.5083472804454744,1.7966609457451512,-0.14847176146135335,1.021882839160955,-0.9054480740167674,1.0304638130973318,-0.7768115881442531,1
-1.736070671400955,-0.037095922025780166,0.8714896946138238,-1.231793976809586,0.02683817849548112,1.1023663091901705,-0.10656412779864831,-1.3546707593562874,-0.9054480740167674,-0.9704367948586523,0.6896737619022439,0
0.6632042167600359,-1.4290629774021806,1.218523918452081,1.225275565515173,-0.5220699845208837,-1.1888059914412659,-0.5675480980884036,-1.33706665862653,1.1044255642002523,1.0304638130973318,2.0987593943171117,0
-1.3454910384445147,-1.0114728607892605,1.5655581422903382,0.7017762128549149,1.8176510603363718,0.47750113629068763,1.576725824320003,1.4883915084995247,1.1044255642002523,1.0304638130973318,2.0635451477145654,1
-0.4527375916869366,0.5892892528936,0.2641798028968735,-1.3922211977861172,1.99604621331669,0.894077918223677,0.675711700571845,-1.4690974140997102,-0.9054480740167674,1.0304638130973318,-0.13090557050461069,0
-1.1780997671774687,-0.10669427479460018,-1.514370594274195,2.4749191815428855,1.5088902186396667,0.13035381801319784,0.12392785734622899,0.660998774200929,-0.9054480740167674,1.0304638130973318,-1.29246948294266,1
1.0537838497164762,-0.7330794497139803,-0.5600264787189876,0.30492992938665564,-0.1241115663340194,0.33864220897969194,0.026143378799917526,-0.9585784929367472,-0.9054480740167674,-0.9704367948586523,-0.191499032921011,0
-0.843317224643377,0.86768266396888,-0.5166472007392053,0.4400265365247863,-0.405426999879906,-0.6333702821972813,-1.2031472086394297,-1.6363363710324053,-0.9054480740167674,-0.9704367948586523,-0.8222700268448448,0
-1.3454910384445147,-1.2202679190957204,0.3075590808766557,2.2469436569972903,-0.7965240660290661,-0.008505109297798425,-0.45928671112641556,-1.5483158673836184,1.1044255642002523,1.0304638130973318,0.9643913284767629,0
0.16103040295889828,-1.4290629774021806,1.0883860845127344,1.7403313802292988,1.5843650910544165,-0.49451135488628506,0.5918964332464353,-0.4480595717737838,-0.9054480740167674,-0.9704367948586523,1.959325792591217,0
0.16103040295889828,1.5636661916570802,0.5244554707755664,0.7693245164239814,0.9668434076610061,-2.438536337240231,1.4719567401632403,-1.4867015148294676,-0.9054480740167674,1.0304638130973318,-0.36205499341710057,1
0.04943622211420104,0.03250243074303985,0.4810761927957843,0.8199857441007801,1.0148728719249371,0.1997832816686957,1.0912957343936698,0.34412496106529683,-0.9054480740167674,1.0304638130973318,0.32300740732371025,1
1.5001605730952654,-0.5242843914075203,-1.4276120383146307,0.9128646615082446,-0.24761590301270128,-1.7442417006852502,-0.7107325131026457,0.5201659683628701,1.1044255642002523,-0.9704367948586523,-1.0841120822584682,0
-1.5128823097115605,-1.3594646246333606,0.8714896946138238,-0.2692306509504025,-1.8051428155716367,1.0329368455346728,-0.2427639372024398,-0.4480595717737838,-0.9054480740167674,1.0304638130973318,1.6653651314819127,0
0.5516100359153386,0.7980843112000601,-1.0371985364965912,0.26271223965598967,-1.564995494251977,-1.1888059914412659,-1.4685622218365613,0.85464388222826,1.1044255642002523,-0.9704367948586523,-1.1804747334814376,0
0.3842187646482928,1.5636661916570802,-0.3865093667998589,0.5582360677706515,0.06800629072170906,-2.438536337240231,-1.4022084685372784,-0.03436320462448631,1.1044255642002523,1.0304638130973318,-0.9585055870865877,0
1.4443634826729166,-0.8722761552516204,0.134041968957527,-0.15102111970453733,-0.5289313365585878,-1.8831006279962466,-0.11704103621432464,-0.2456124133815743,-0.9054480740167674,-0.9704367948586523,0.551785272278011,0
0.49581294549299004,0.1716991362806799,-0.08285442094138377,-1.0038184522639901,-0.6524356732372697,-0.07793457295329626,0.09249713209920028,-0.32483086666548266,-0.9054480740167674,-0.9704367948586523,-0.21040685270847725,1
-0.2295492299975421,-1.4290629774021806,0.134041968957527,-0.29456126478880185,0.36304442834300493,0.1997832816686957,-0.8364554140907607,-0.2456124133815743,-0.9054480740167674,1.0304638130973318,0.9368127132679935,0
-1.4012881288668633,-0.8722761552516204,-0.1696129769009481,-1.0291490661023894,1.04917963211346,-1.4665238460632577,0.4871273490896724,1.6468284150673407,-0.9054480740167674,-0.9704367948586523,0.2577796444555358,1
-1.289693948022166,-0.5938827441763403,-1.4276120383146307,0.04318025305652591,-0.7141878415766112,-1.1193765277857675,0.6966655174031977,0.6433946734711716,-0.9054480740167674,1.0304638130973318,-1.0602310688615644,1
-1.3454910384445147,1.7028628971947202,1.2619031964318632,-1.8312851709850428,-1.3385708770077258,-0.008505109297798425,-0.714224815907871,-0.6505067301659937,1.1044255642002523,-0.9704367948586523,0.05716617326523787,0
-1.12230267675512,1.0068793695065201,-0.9070607025572448,0.3218170052789211,-0.6936037854634977,1.0329368455346728,0.8887421716905956,0.8282377311336238,-0.9054480740167674,1.0304638130973318,-1.1471043905329104,1
0.10523331253654966,1.3548711333506203,1.478799586330774,-1.6793014879546455,-1.0709781475372484,-1.2582354550967636,-1.0390089767938349,-0.5976944279767216,-0.9054480740167674,-0.9704367948586523,0.36636839538412386,0
0.04943622211420104,0.45009254735595994,-2.078301208011363,-0.4296578719269325,0.6169144537380739,0.4080716726351898,0.14138937137235633,-1.3194625578967727,-0.9054480740167674,-0.9704367948586523,-1.8826818890499848,0
0.8863925784494304,0.2412974890494999,0.8714896946138238,0.48224422625545227,-0.0006072296553365353,-1.8136711643407482,1.0493881007309644,-0.08717550681375841,-0.9054480740167674,-0.9704367948586523,0.5230300191591545,0
1.2769722114058708,-1.5682596829398205,0.3509383588564378,0.7777680543701141,1.9411553970150528,0.33864220897969194,0.11694325173577831,0.8810500333228959,-0.9054480740167674,1.0304638130973318,1.2812365622219084,0
-0.5085346821092852,1.0068793695065201,-0.9504399805370269,0.6595585231242489,0.7610028465298693,0.7552189909126802,1.4125875924744082,-0.4304554710440268,-0.9054480740167674,-0.9704367948586523,-1.1779621240652982,1
1.6675518443623112,0.5892892528936,-0.7335435906381161,0.29648639144052175,1.8725418766380073,0.5469305999461866,-1.5523774891619715,1.3035484508370727,1.1044255642002523,1.0304638130973318,-0.8879359174465917,0
-0.4527375916869366,1.0068793695065201,1.2619031964318632,-1.1558021352943872,-1.4414911575732943,1.0329368455346728,0.2950506948022745,-0.3952472695845121,1.1044255642002523,-0.9704367948586523,0.3957822860864948,0
0.27262458380359555,0.10210078351185986,1.3052824744116454,0.9719694271311773,-2.0521514889290002,0.9635073818791748,0.20425082186641375,-0.5272780250576922,-0.9054480740167674,-0.9704367948586523,0.9607778635646311,0
0.16103040295889828,-0.8722761552516204,-0.08285442094138377,-1.1389150594021213,0.25326279573973143,1.9355198730561483,0.5464964967785045,1.752453019445885,-0.9054480740167674,1.0304638130973318,0.3417812524048148,1
0.6632042167600359,1.3548711333506203,0.43769691481600215,1.0817354204309086,0.12975845906104952,0.13035381801319784,1.1506648820825018,-0.06076935571912217,1.1044255642002523,-0.9704367948586523,-0.33653463331845984,0
0.4400158550706414,0.5196909001247799,-1.1239570924561557,0.6088972954474502,-0.11725021429631426,1.9355198730561483,0.7769884819233821,1.0746951413502266,-0.9054480740167674,1.0304638130973318,-1.1634918555301401,1
-0.5643317725316338,-1.3594646246333606,-0.21299225488073026,1.351928634707171,0.10231305091023186,-0.9805176004747718,1.000495861457809,1.0746951413502266,-0.9054480740167674,1.0304638130973318,0.5183629467676205,1
-0.2853463204198907,-0.10669427479460018,0.6112140267351308,0.0009625633258599405,-1.1533143719897034,-0.21679350026429253,-0.7491478439601252,1.5059956092292817,1.1044255642002523,1.0304638130973318,0.512174370043117,0
0.16103040295889828,-0.4546860386387003,0.5244554707755664,-0.8518347692335922,0.5826076935495511,-0.14736403660879469,-0.40690216904803433,-1.4602953637348315,-0.9054480740167674,1.0304638130973318,0.6498764356422534,0
-1.736070671400955,-0.6634810969451603,-1.5577498722539773,-1.3331164321631845,0.7610028465298693,-1.1193765277857675,0.4312505042060657,-0.8089436367338096,-0.9054480740167674,1.0304638130973318,-1.15737670050551,0
0.16103040295889828,1.0068793695065201,0.134041968957527,-1.2233504388634533,-1.2287892444044533,-2.438536337240231,0.17282009661938505,0.9426643858770468,1.1044255642002523,-0.9704367948586523,-0.40651878575559586,0
0.27262458380359555,0.1716991362806799,-0.2997508108402946,-1.6793014879546455,-0.35739753561597387,0.894077918223677,1.5976796411513552,0.22089625595699527,1.1044255642002523,1.0304638130973318,-0.3863251870808534,1
0.8305954880270818,0.5196909001247799,0.5244554707755664,0.9297517374005113,-0.2956453672766334,-0.9805176004747718,-1.105362730093118,0.2120942055921168,-0.9054480740167674,-0.9704367948586523,0.10103615381041435,0
-1.0107084959104229,1.5636661916570802,0.3075590808766557,1.0564048065925091,-0.6867424334257926,-0.4250818912307866,-0.5326250700361495,-1.1786297520587141,-0.9054480740167674,1.0304638130973318,-0.5040670395288832,1
-1.6244764905562576,1.07647772227534,-0.7769228686178984,0.532905453932251,-1.1876211321782262,1.6578020184341555,0.24266615272389347,-0.7737354352742949,-0.9054480740167674,1.0304638130973318,-1.075588815020798,1
-1.736070671400955,-0.8722761552516204,0.22080052491709135,-0.05814220229707266,0.01997682645777695,0.6163600636016845,1.2728954802653913,0.08006345011893637,-0.9054480740167674,-0.9704367948586523,0.63578688022729,1
-1.5128823097115605,1.21567442781298,-1.21071564841572,2.06118582218236,0.27384685185284585,1.7966609457451512,1.4859259513841416,-0.7825374856391737,-0.9054480740167674,-0.9704367948586523,-1.4157309053191316,1
-0.3411434108422393,1.3548711333506203,1.2619031964318632,-0.12569050586613797,-0.6249902650864521,0.13035381801319784,-0.5850096121145307,-1.0201928454908977,1.1044255642002523,1.0304638130973318,0.21993026440441893,0
1.2769722114058708,-0.037095922025780166,-1.6445084282135416,0.2036074740330571,-1.1190076118011807,0.5469305999461866,-1.524439066720168,-1.4514933133699528,1.1044255642002523,1.0304638130973318,-1.4219528655123825,0
-1.0107084959104229,1.14607607504416,1.0450068065329523,-0.07502927818933809,0.43165794872005053,-0.28622296391979096,-0.28467157086514483,-1.2138379535182287,1.1044255642002523,-0.9704367948586523,0.17270847298298742,0
0.3842187646482928,0.72848595843124,-0.6467850346785519,-0.3705531063039999,-0.7828013619536568,-0.9110881368192733,-0.38245604941145644,0.9514664362419254,-0.9054480740167674,-0.9704367948586523,-0.8702386170439794,0
-0.2853463204198907,0.10210078351185986,-1.1239570924561557,0.6173408333935829,-0.30936807135204175,0.5469305999461866,1.6849872112819906,0.7754254289443517,-0.9054480740167674,1.0304638130973318,-1.0319606944346056,1
-1.289693948022166,0.86768266396888,-1.21071564841572,-0.6660769344186623,-0.4397337600684288,-0.49451135488628506,-0.2532408456181161,-1.6011281695728905,1.1044255642002523,1.0304638130973318,-1.3266111744946762,0
-0.9549114054880742,-1.2898662718645404,0.5244554707755664,-0.7336252379877276,1.2893269534331195,0.6857895272571823,-0.6897786962712932,-1.0465989965855338,1.1044255642002523,1.0304638130973318,1.2426239400206374,0
-0.9549114054880742,-1.4290629774021806,-0.9504399805370269,0.6680020610703827,-0.7347718976897246,-0.6333702821972813,-0.48373283076299356,0.2120942055921168,-0.9054480740167674,-0.9704367948586523,-0.2251339677811245,1
-0.3411434108422393,1.21567442781298,-0.6467850346785519,-0.530980327280531,1.783344300147849,-0.21679350026429253,-0.3719791409957801,-0.6241005790713574,-0.9054480740167674,1.0304638130973318,-1.02701838650306,0
0.5516100359153386,1.3548711333506203,-0.8636814245774627,0.11072855662559122,0.7815869026429837,-0.07793457295329626,1.1122495512250226,1.1363094939043774,-0.9054480740167674,-0.9704367948586523,-1.2151634191966896,0
1.555957663517614,0.38049419458713996,-0.08285442094138377,-0.3705531063039999,1.8794032286757134,1.1023663091901705,-1.475546827447012,1.004278738431197,-0.9054480740167674,-0.9704367948586523,-0.30461112076488434,0
-1.0665055863327715,-0.1762926275634202,-1.3408534823550664,-0.03281158845867212,0.6923893261528237,-0.4250818912307866,-0.6513633654138136,1.3827669041209807,-0.9054480740167674,1.0304638130973318,-1.1228179023106235,1
1.0537838497164762,1.14607607504416,-0.4732679227594232,-0.7082946241493283,-0.22017049486188264,1.2412252365011673,1.6151411551774826,0.22089625595699527,-0.9054480740167674,1.0304638130973318,-0.8848123867211116,1
-0.006360868308147588,-1.0810712135580804,-1.4709913162944128,-0.6745204723647956,-0.9406124588208614,-0.9805176004747718,-1.224101025470782,-0.5184759746928133,1.1044255642002523,-0.9704367948586523,-0.9238499517366401,0
0.3842187646482928,0.45009254735595994,-0.9504399805370269,-0.8518347692335922,-0.35739753561597387,0.26921274532419415,0.8363576296122142,0.3705311121599327,-0.9054480740167674,1.0304638130973318,-1.0078918463995377,1
0.942189668871779,1.21567442781298,-0.12623369892116593,0.8284292820469127,1.5363356267904853,-0.7027997458527792,-0.5151635560100223,-1.442691263005074,1.1044255642002523,1.0304638130973318,-0.6682068306728404,0
1.109580940138825,0.3108958418183199,-0.8636814245774627,0.1529462463562572,-0.04177534188156448,1.1717957728456683,0.27409687797092214,-1.7243568746811917,-0.9054480740167674,-0.9704367948586523,-0.8929684527575567,0
1.6117547539399626,0.9372810167377,1.0883860845127344,0.904421123562112,0.6855279741151195,-0.8416586731637754,-1.4091930741477292,-1.6979507235865559,-0.9054480740167674,1.0304638130973318,0.3078992095425217,0
-0.006360868308147588,0.38049419458713996,-1.21071564841572,1.0141871168618433,0.2189560355512086,-0.008505109297798425,-0.6897786962712932,-0.32483086666548266,1.1044255642002523,-0.9704367948586523,-1.1891480524707894,1
-1.568679400133909,-0.5242843914075203,0.654593304714913,-0.4887626375498651,0.26012414777743653,-1.327664918752262,-0.008779649252336834,-0.9585784929367472,1.1044255642002523,-0.9704367948586523,0.8130128335327362,0
-0.11795504915284484,0.72848595843124,0.2641798028968735,0.8706469717775787,0.30129226000366355,0.13035381801319784,-0.9482091038579742,-1.2050359031533502,1.1044255642002523,1.0304638130973318,-0.19390111259637868,0
0.27262458380359555,-1.6378580357086405,-2.078301208011363,-0.04125512640480603,0.5139941731725055,0.6163600636016845,0.13440476576190533,0.40573931361944743,1.1044255642002523,-0.9704367948586523,-1.3682783222901838,0
-0.5085346821092852,-0.8026778024828004,-1.1673363704359379,-0.18479527148907057,-0.8308308262175889,0.47750113629068763,-0.9901167375206791,1.7436509690810065,1.1044255642002523,-0.9704367948586523,-0.7370097691764732,0
0.3842187646482928,-0.8722761552516204,-0.7769228686178984,1.2421626414074398,-0.27506131116351895,-0.14736403660879469,0.5115734687262504,-1.1346195002343207,-0.9054480740167674,1.0304638130973318,-0.3302316111894147,0
0.7190013071823845,0.2412974890494999,-1.21071564841572,0.532905453932251,0.32187631611677703,-0.7027997458527792,1.3986183812535062,0.1680839537677232,-0.9054480740167674,-0.9704367948586523,-1.1468638318855646,1
-0.9549114054880742,-0.9418745080204404,-1.4709913162944128,-0.3789966442501338,0.17778792332498164,-0.28622296391979096,-1.4615776162261107,-1.33706665862653,-0.9054480740167674,1.0304638130973318,-0.9765993714116052,0
0.6074071263376873,0.9372810167377,0.7413518606744772,0.47380068830931954,-0.46717916821924743,-0.28622296391979096,-1.0005936459363554,1.532401760323918,-0.9054480740167674,-0.9704367948586523,0.05840416664744788,1
-0.17375213957519348,-1.6378580357086405,-0.8203021465976805,-1.3077858183247852,0.43165794872005053,0.26921274532419415,1.1890802129399813,-0.7297251834499017,-0.9054480740167674,-0.9704367948586523,0.033669131146184084,1
0.2168274933812469,0.45009254735595994,0.09066269097774486,0.22893808787145642,-0.7896627139913609,0.1997832816686957,0.44871201823219303,1.3299546019317081,1.1044255642002523,-0.9704367948586523,-0.20039334549143212,0
-1.0665055863327715,-0.8722761552516204,0.3075590808766557,-1.5442048808165143,-1.2493733005175667,1.7966609457451512,-1.482531433057463,-0.7649333849094164,1.1044255642002523,-0.9704367948586523,0.7197884881765689,0
-0.006360868308147588,1.4244694861194402,-1.1673363704359379,-1.020705528156256,0.30815361204136865,0.060924354357699405,-0.06116419133071791,1.0746951413502266,-0.9054480740167674,-0.9704367948586523,-1.4369552811758344,1
-1.4012881288668633,0.10210078351185986,1.3486617523914275,0.5666796057167842,-1.2287892444044533,0.33864220897969194,-1.0250397655729333,-1.0201928454908977,1.1044255642002523,-0.9704367948586523,0.996362480671761,0
1.5001605730952654,1.6332645444259002,-0.9504399805370269,-2.135252537045838,0.29443090796595933,0.060924354357699405,-1.0634550964304128,-0.7297251834499017,-0.9054480740167674,-0.9704367948586523,-1.3451931882294594,0
1.0537838497164762,1.07647772227534,-0.8636814245774627,1.79943614585223,-2.0041220246650684,-0.3556524275752888,1.527833585046847,-1.0818071980450485,-0.9054480740167674,1.0304638130973318,-1.1366563551598803,1
-0.5643317725316338,-0.5938827441763403,-0.5600264787189876,0.8199857441007801,-0.7416332497274298,0.33864220897969194,0.9027113829114972,-0.8265477374635669,1.1044255642002523,-0.9704367948586523,-0.26020994858980145,0
-0.2295492299975421,1.0068793695065201,0.39431763683621995,-1.8903899366079755,-0.3299521274651562,-0.4250818912307866,0.6722193977666197,1.1803197457287706,1.1044255642002523,1.0304638130973318,-0.22137238456126726,1
-1.6802735809786062,0.38049419458713996,0.5678347487553487,2.40737087797382,-1.647331718704431,-0.07793457295329626,-0.9237629842213961,0.49375981726823426,-0.9054480740167674,-0.9704367948586523,0.20569864752698344,0
0.5516100359153386,0.5892892528936,1.3486617523914275,2.6860076301962157,-0.37798159172908735,1.1717957728456683,-1.3428393208484464,-0.33363291703036113,1.1044255642002523,-0.9704367948586523,0.6919535022584122,0
0.7190013071823845,-0.10669427479460018,0.6979725826946951,-0.21012588532746992,1.2275747850937802,-0.49451135488628506,1.283372388681068,1.6644325157970976,-0.9054480740167674,1.0304638130973318,0.5858333028180465,1
1.6675518443623112,1.3548711333506203,1.5655581422903382,-0.961600762533324,-1.304264116819203,0.4080716726351898,-1.7374695378389187,-0.12238370827327313,-0.9054480740167674,1.0304638130973318,0.424943647776006,0
1.388566392250568,0.65888760566242,-0.2563715328605124,1.6812266146063661,-0.3505361835782697,-2.438536337240231,-0.403409866242809,1.6556304654322191,1.1044255642002523,1.0304638130973318,-0.5533509577290776,0
1.1653780305611736,1.5636661916570802,1.0016275285531702,-0.3705531063039999,1.7558988919970304,-0.21679350026429253,-0.787563174817605,-1.0642030973152912,-0.9054480740167674,-0.9704367948586523,-0.04962849197117831,0
-1.4570852192892119,-1.3594646246333606,-0.690164312658334,0.13605917046399177,-1.0847008516126577,-0.49451135488628506,0.2321892443082171,1.426777155945374,-0.9054480740167674,1.0304638130973318,0.013681985493331378,1
-0.2295492299975421,-0.4546860386387003,-1.0371985364965912,1.2083884896229065,1.4471380503003253,0.13035381801319784,-0.8818553505586912,-1.7067527739514343,1.1044255642002523,-0.9704367948586523,-0.7560790484271794,0
-0.2295492299975421,0.3108958418183199,-0.5166472007392053,-0.17635173354293665,-0.2819226632012241,-0.28622296391979096,-0.6723171822451661,0.1592819034028447,-0.9054480740167674,-0.9704367948586523,-0.6177537966580755,0
0.6632042167600359,-1.2898662718645404,1.5655581422903382,-0.2692306509504025,0.10917440294793604,0.13035381801319784,1.210034029771334,-0.27201856447621053,-0.9054480740167674,1.0304638130973318,2.329674334015149,0
0.6632042167600359,-1.0810712135580804,1.0883860845127344,-1.316229356270918,1.3373564176970527,-0.4250818912307866,0.3474352368806559,0.08886550048381524,-0.9054480740167674,-0.9704367948586523,1.648590888068576,0
-0.6759259533763311,1.07647772227534,0.5244554707755664,-0.6660769344186623,-0.49462457637006507,0.4080716726351898,-1.24854714510736,0.18568805449748055,1.1044255642002523,1.0304638130973318,-0.15957571293456368,0
-0.11795504915284484,0.45009254735595994,0.6112140267351308,-0.28611772684266795,0.6580825659643008,-1.8136711643407482,0.7769884819233821,-0.3864452192196332,-0.9054480740167674,1.0304638130973318,0.20335590496262065,0
1.6675518443623112,0.5892892528936,0.5244554707755664,-1.2824552044863853,0.9188139433970749,-0.008505109297798425,-1.0355166739886097,1.752453019445885,1.1044255642002523,1.0304638130973318,0.06658060695851498,0
-1.1780997671774687,0.1716991362806799,0.3509383588564378,-1.18957628707892,-0.666158377312679,-0.9805176004747718,-0.24625624000766513,1.6820366165268554,-0.9054480740167674,1.0304638130973318,0.1414298160362754,1
1.4443634826729166,-0.7330794497139803,-1.514370594274195,0.009406101271993855,-0.7759400099159526,1.2412252365011673,0.5010965603105741,1.6292243143375829,-0.9054480740167674,-0.9704367948586523,-1.0931171244301419,1
1.2769722114058708,0.3108958418183199,-1.3842327603348485,-1.8988334745541087,-0.2270318468995878,-0.9805176004747718,-0.8085169916489573,1.690838666891734,-0.9054480740167674,-0.9704367948586523,-1.3057904369067788,1
-0.2295492299975421,0.7980843112000601,-0.1696129769009481,-0.9109395348565248,-0.19958643874876916,1.0329368455346728,-0.41737907746371067,1.0306848895258334,1.1044255642002523,1.0304638130973318,-0.5432512975290528,0
-0.39694050126458796,0.2412974890494999,0.39431763683621995,1.9429762909364947,-1.1052849077257714,-0.008505109297798425,0.8049269043651854,1.7172448179863702,-0.9054480740167674,1.0304638130973318,0.14034601162807298,1
0.3842187646482928,-0.24589098033224022,1.478799586330774,-0.3705531063039999,-0.6524356732372697,-1.8831006279962466,1.517356676631171,1.3827669041209807,-0.9054480740167674,-0.9704367948586523,1.3501495849483043,1
1.6675518443623112,-1.4986613301710006,1.4354203083509918,-0.4972061754959978,-2.0521514889290002,-0.9110881368192733,0.08900482929397495,-0.2984247155708464,1.1044255642002523,-0.9704367948586523,2.401855288185137,0
0.04943622211420104,-0.38508768586988024,0.2641798028968735,-0.3789966442501338,-0.3368134795028604,-0.008505109297798425,-1.7235003266180169,1.004278738431197,-0.9054480740167674,1.0304638130973318,0.3745380854476047,0
-1.736070671400955,0.45009254735595994,1.4354203083509918,-0.3621095683578672,0.9256752954347791,0.824648454568178,-0.5780250065040798,1.45318330704001,-0.9054480740167674,-0.9704367948586523,0.8426255515148712,1
1.388566392250568,0.72848595843124,-0.8636814245774627,0.5582360677706515,-1.7090838870437723,-1.327664918752262,-0.3649945353853293,0.7490192778497159,-0.9054480740167674,-0.9704367948586523,-1.03127135619817,0
-0.2853463204198907,1.7028628971947202,1.0450068065329523,0.49068776420158494,-0.46717916821924743,1.5883725547786578,-0.5745327036988543,-0.27201856447621053,-0.9054480740167674,-0.9704367948586523,-0.08200570364575341,1
1.6675518443623112,-1.4986613301710006,-0.039475142961601616,-0.42121433398079977,2.5175089681822365,-0.008505109297798425,-0.2357793315919888,-1.530711766653861,-0.9054480740167674,-0.9704367948586523,0.8008834660930015,0
1.388566392250568,0.10210078351185986,1.218523918452081,-0.24390003711200198,-0.01432993373074585,0.894077918223677,0.45220432103741837,1.0922992420799842,-0.9054480740167674,1.0304638130973318,0.8896086293503731,1
1.109580940138825,-0.5938827441763403,0.8714896946138238,1.309710944976505,1.4059699380740982,-1.2582354550967636,-1.3358547152379954,1.594016112878068,1.1044255642002523,-0.9704367948586523,1.059824899858608,0
-1.0665055863327715,-0.9418745080204404,1.3052824744116454,-1.5526484187626477,-1.0366713873487257,-0.49451135488628506,-0.805024688843732,-0.48326777323329856,-0.9054480740167674,1.0304638130973318,1.7449477281859347,1
0.49581294549299004,-0.24589098033224022,-1.1239570924561557,-0.083472816135472,0.46596470890857333,0.4080716726351898,0.01566647038424119,-1.2226400038831073,1.1044255642002523,1.0304638130973318,-0.9116111609436324,0
-1.6244764905562576,-0.5938827441763403,0.3509383588564378,0.11072855662559122,-1.2082051882913396,-0.3556524275752888,-0.654855668219039,-0.6064964783416001,-0.9054480740167674,1.0304638130973318,0.5798122276955497,0
0.3842187646482928,-1.0810712135580804,0.958248250573388,-0.8096170795029263,0.41793524464464127,-2.438536337240231,1.702448725308118,0.29131265887602475,1.1044255642002523,-0.9704367948586523,1.517788811468311,0
-1.4570852192892119,-1.7074563884774605,-0.34313008882007673,-0.1425775817584046,0.8707844791331418,-0.21679350026429253,-0.2532408456181161,-0.6417046798011148,1.1044255642002523,-0.9704367948586523,0.6139464621604785,0
-1.3454910384445147,-0.24589098033224022,-0.7335435906381161,-0.9447136866410575,0.6306371578134822,-2.0219595553072427,1.2798800858758421,0.38813521288969005,-0.9054480740167674,1.0304638130973318,-0.572347049059842,1
-0.2853463204198907,0.03250243074303985,0.17742124693730918,0.6173408333935829,-0.3505361835782697,-1.1193765277857675,1.3741722616169287,1.6468284150673407,1.1044255642002523,-0.9704367948586523,0.07106018457846802,1
-1.289693948022166,-0.5242843914075203,1.218523918452081,-1.3837776598399838,0.28756955592825423,-1.4665238460632577,1.161141790498178,0.5993844216467784,1.1044255642002523,1.0304638130973318,1.3268174982261873,1
1.6675518443623112,1.7028628971947202,0.654593304714913,1.0479612686463764,0.30129226000366355,1.1717957728456683,-1.5942851228246764,-0.48326777323329856,-0.9054480740167674,1.0304638130973318,-0.33251508208553826,0
0.27262458380359555,-0.8026778024828004,-1.2540949263955021,-0.10035989202773864,0.6923893261528237,1.5189430911231587,1.5522797046834251,1.532401760323918,-0.9054480740167674,-0.9704367948586523,-0.8199838441894911,1
0.04943622211420104,1.4940678388882602,0.134041968957527,-0.48031909960373237,-0.1241115663340194,0.33864220897969194,-1.307916292796192,0.22969830632187377,1.1044255642002523,-0.9704367948586523,-0.5926885301538045,0
1.0537838497164762,0.2412974890494999,1.0883860845127344,-1.046036141994656,0.9668434076610061,-0.21679350026429253,-1.6396850592926069,-1.310660507531894,1.1044255642002523,-0.9704367948586523,0.6969772953096466,0
0.5516100359153386,-0.9418745080204404,-0.7769228686178984,1.022630654807977,1.481444810488848,-0.008505109297798425,-0.3126099933069482,0.0008449968350284161,-0.9054480740167674,1.0304638130973318,-0.2962125965122205,0
0.6632042167600359,0.72848595843124,1.175144640472299,-0.6829640103109283,-0.32309077542745107,1.1717957728456683,-1.0774243076513146,0.5377700690926275,-0.9054480740167674,1.0304638130973318,0.48243639185122206,1
-0.4527375916869366,0.65888760566242,0.09066269097774486,-1.2064633629711865,0.05428358664629975,-2.0913890189627407,-1.115839638508794,1.189121796093649,-0.9054480740167674,-0.9704367948586523,-0.2928903954629067,0
-0.9549114054880742,-0.9418745080204404,-0.6467850346785519,1.0395177307002426,-0.9268897547454521,-1.1193765277857675,-0.7526401467653507,1.5412038106887964,1.1044255642002523,1.0304638130973318,-0.16864007621858554,0
1.5001605730952654,-1.2898662718645404,-0.1696129769009481,-0.9447136866410575,0.35618307630529983,1.0329368455346728,-0.8923322589743674,-0.6417046798011148,1.1044255642002523,1.0304638130973318,0.5179236773576297,0
1.2211751209835222,0.2412974890494999,0.7413518606744772,-0.11724696792000405,0.36304442834300493,1.2412252365011673,0.6338040669091399,-1.2138379535182287,1.1044255642002523,1.0304638130973318,0.4186616534688596,0
-0.006360868308147588,-1.0114728607892605,-0.3865093667998589,0.8030986682085134,0.06800629072170906,0.6163600636016845,-1.105362730093118,-1.4955035651943462,1.1044255642002523,-0.9704367948586523,0.12596274623137863,0
-0.006360868308147588,0.5196909001247799,3.300729261481625,0.13605917046399177,0.14348116313645884,-1.1193765277857675,0.1378970685671307,0.8370397814985027,-0.9054480740167674,-0.9704367948586523,2.2307675379629273,0
-0.4527375916869366,-1.3594646246333606,0.3509383588564378,1.7318878422831647,1.9823235092412816,1.0329368455346728,1.6849872112819906,1.0394869398907118,1.1044255642002523,-0.9704367948586523,1.1148040828190524,1
0.49581294549299004,1.4940678388882602,-0.1696129769009481,-0.8687218451258588,-2.0521514889290002,-0.008505109297798425,-0.24974854281289047,-0.31602881630060375,1.1044255642002523,1.0304638130973318,-0.7935393135922948,1
1.109580940138825,-0.7330794497139803,-0.8636814245774627,-0.23545649916586925,-0.5014859284077702,0.7552189909126802,0.4836350462844471,-0.3688411184898759,-0.9054480740167674,-0.9704367948586523,-0.4783775165830071,1
0.942189668871779,0.45009254735595994,-1.3408534823550664,-0.15946465765067003,-0.3505361835782697,-2.438536337240231,1.6256180635931585,1.6028181632429475,1.1044255642002523,1.0304638130973318,-1.310703784240077,1
1.6675518443623112,-1.0114728607892605,3.300729261481625,0.6088972954474502,1.5088902186396667,0.13035381801319784,-1.2764855675491633,1.4707874077697671,1.1044255642002523,1.0304638130973318,3.7858406156996196,0
0.942189668871779,-0.1762926275634202,1.3920410303712096,1.2843803311381057,0.49341011705939103,-0.008505109297798425,-0.2951484792808209,-0.9409743922069899,-0.9054480740167674,1.0304638130973318,1.2244966349107607,0
1.4443634826729166,0.03250243074303985,-0.3865093667998589,0.051623791002659826,0.5208555252102096,-0.5639408185417829,1.210034029771334,0.98667463770144,1.1044255642002523,-0.9704367948586523,-0.3968418005198393,1
1.109580940138825,0.5892892528936,-1.3842327603348485,-0.16790819559680395,1.30304965750853,0.1997832816686957,1.4964028597998182,0.43214546471408366,-0.9054480740167674,1.0304638130973318,-1.3816513611044055,1
-1.12230267675512,1.4244694861194402,1.218523918452081,-1.5273178049242477,-0.17900238263565568,-0.5639408185417829,0.3404506312702049,-1.2138379535182287,1.1044255642002523,-0.9704367948586523,0.15738529668278367,0
1.6675518443623112,0.5892892528936,1.1317653624925168,0.08539794278719189,0.6786666220774153,-0.9110881368192733,-1.2590240535230364,-0.5008718739630559,1.1044255642002523,1.0304638130973318,0.5273816877058082,0
0.3842187646482928,0.2412974890494999,-0.12623369892116593,-0.6829640103109283,-0.5426540406339971,1.5883725547786578,1.3881414728378303,-1.1346195002343207,-0.9054480740167674,-0.9704367948586523,-0.2771274511331067,1
-1.6802735809786062,-1.4986613301710006,-0.6034057566987697,0.6004537575013175,-1.0778394995749527,0.1997832816686957,-1.1507626665610482,-0.7209231330850228,-0.9054480740167674,-0.9704367948586523,0.18874718117542022,0
-1.6244764905562576,-0.5938827441763403,-0.08285442094138377,-0.4381014098730664,1.8519578205248948,-1.1888059914412659,-0.5256404644256987,0.40573931361944743,-0.9054480740167674,-0.9704367948586523,0.17980166755966834,1
0.942189668871779,0.65888760566242,-1.6445084282135416,-0.2692306509504025,0.38362848445611847,-1.4665238460632577,-0.44531749990551406,-0.43925752140890534,-0.9054480740167674,-0.9704367948586523,-1.595193206793761,0
0.27262458380359555,-0.8722761552516204,-1.0371985364965912,-1.5019871910858484,0.6718052700397091,-0.9110881368192733,-0.1973640007345094,-0.3688411184898759,-0.9054480740167674,-0.9704367948586523,-0.5822364350372508,0
0.942189668871779,1.07647772227534,-0.08285442094138377,-1.8566157848234428,-1.1052849077257714,-0.9110881368192733,1.000495861457809,0.14167780267308733,-0.9054480740167674,-0.9704367948586523,-0.5870484939081397,1
1.3327693018282194,0.9372810167377,-1.1239570924561557,1.8585409114751628,0.5345782292856189,0.13035381801319784,1.042403495120514,-1.4514933133699528,1.1044255642002523,-0.9704367948586523,-1.2826316889135727,0
-0.843317224643377,-0.7330794497139803,-1.3408534823550664,0.11072855662559122,1.8382351164494843,-0.008505109297798425,0.7560346650920298,0.8458418318633811,-0.9054480740167674,-0.9704367948586523,-0.9291865623375727,1
1.5001605730952654,0.2412974890494999,-1.4709913162944128,0.3893653088479876,-0.2819226632012241,0.47750113629068763,-1.6815926929553118,-0.34243496739524,-0.9054480740167674,1.0304638130973318,-1.3556005632661547,0
0.942189668871779,0.2412974890494999,0.9148689725936059,-0.9447136866410575,-1.2836800607060894,-0.772229209508277,0.21472773028209008,-0.06957140608400104,-0.9054480740167674,1.0304638130973318,0.5578194743892531,1
-1.6802735809786062,-1.0114728607892605,1.478799586330774,0.862203433831446,0.19837197943809512,0.9635073818791748,0.8503268408331158,1.673234566161977,-0.9054480740167674,1.0304638130973318,1.9774303743153128,1
-1.6802735809786062,0.45009254735595994,-1.6445084282135416,0.6764455990165155,-1.057255443461839,1.2412252365011673,-0.20434860634496008,-0.5448821257874495,1.1044255642002523,1.0304638130973318,-1.5462241803382746,0
-0.2295492299975421,-1.6378580357086405,-0.12623369892116593,-0.8349476933413261,-1.5993022544404998,-0.28622296391979096,1.5418027962677483,0.5201659683628701,1.1044255642002523,1.0304638130973318,0.8071573813179733,0
1.2211751209835222,1.4940678388882602,-0.1696129769009481,-1.0966973696714553,-0.7484946017651339,-1.0499470641302695,1.1192341568354731,-0.37764316885475474,-0.9054480740167674,-0.9704367948586523,-0.7935393135922948,0
-0.5085346821092852,-0.8026778024828004,1.175144640472299,-0.7673993897722603,-0.5014859284077702,-0.008505109297798425,0.4696658350635454,1.3915689544858592,-0.9054480740167674,-0.9704367948586523,1.5032902561750083,1
0.27262458380359555,-0.38508768586988024,1.0450068065329523,-0.04969866435093875,-1.009225979197907,2.2132377276781394,-1.541900580746295,1.2243299975531639,-0.9054480740167674,-0.9704367948586523,1.069221177467766,1
-0.006360868308147588,-0.24589098033224022,-0.690164312658334,0.14450270841012447,1.3716631778855755,-1.1193765277857675,0.5185580743367012,-0.9057661907474751,-0.9054480740167674,-0.9704367948586523,-0.5346510366283097,0
0.04943622211420104,-1.0114728607892605,-1.2974742043752843,0.01784963921812657,1.948016749052759,-0.5639408185417829,1.4265568036953096,0.6786028749306864,1.1044255642002523,-0.9704367948586523,-0.7782423744607748,0
-1.736070671400955,0.10210078351185986,-0.21299225488073026,1.2928238690842384,0.6443598618888925,0.060924354357699405,-0.43484059148983767,-1.530711766653861,-0.9054480740167674,1.0304638130973318,-0.284683735184892,1
-0.7317230437986797,-1.5682596829398205,0.3075590808766557,-0.7505123138799942,0.40421254056923195,0.5469305999461866,1.1681263961086292,1.6292243143375829,-0.9054480740167674,1.0304638130973318,1.2335275464882505,1
1.6675518443623112,-0.5938827441763403,-1.514370594274195,-1.1220279835098546,-0.13783427040942775,-2.0913890189627407,-0.6653325766347153,-0.5272780250576922,1.1044255642002523,-0.9704367948586523,-1.1402331808887407,0
-1.6802735809786062,1.2852727805818,-0.3865093667998589,-0.024368050512539402,-0.9131670506700438,1.380084163812163,0.2321892443082171,1.1715176953638922,-0.9054480740167674,1.0304638130973318,-0.8704824422872955,1
1.1653780305611736,0.1716991362806799,1.5655581422903382,-1.7384062535775775,1.652978611431462,1.3106547001566653,0.5045888631157998,-0.6417046798011148,-0.9054480740167674,1.0304638130973318,1.1265724885215822,0
0.6632042167600359,0.2412974890494999,1.4354203083509918,0.6764455990165155,-0.055498045956973795,-0.4250818912307866,0.6093579472725622,0.467353666173598,-0.9054480740167674,-0.9704367948586523,0.9752929371504327,1
-0.3411434108422393,-0.31548933310106025,-1.5577498722539773,0.07695440484105917,-0.46717916821924743,-0.008505109297798425,1.3252800223437728,1.6996407172566124,-0.9054480740167674,-0.9704367948586523,-1.2676663028631017,1
-0.006360868308147588,1.4940678388882602,-1.0805778144763734,-0.3705531063039999,1.04917963211346,1.2412252365011673,-0.9377321954422978,1.3299546019317081,1.1044255642002523,1.0304638130973318,-1.396091663907766,1
-1.4570852192892119,-0.6634810969451603,0.9148689725936059,-0.42121433398079977,-0.06922075003238214,1.2412252365011673,-0.8434400197012115,-1.1962338527884715,1.1044255642002523,1.0304638130973318,1.1504043342821786,0
-0.006360868308147588,0.7980843112000601,0.2641798028968735,0.8959775856159793,1.0148728719249371,1.2412252365011673,0.700157820208423,0.1680839537677232,-0.9054480740167674,-0.9704367948586523,-0.2246395795528604,0
1.2769722114058708,-0.38508768586988024,-0.21299225488073026,0.862203433831446,-0.41228835191761015,1.1717957728456683,-1.140285758145372,-0.5360800754225706,1.1044255642002523,1.0304638130973318,-0.04999047078693876,0
-1.568679400133909,-1.3594646246333606,0.2641798028968735,-0.2776741888965352,1.0560409841511662,-0.008505109297798425,-0.13799485304567732,-0.22800831265181695,-0.9054480740167674,-0.9704367948586523,1.0230439080419085,0
1.2769722114058708,-0.4546860386387003,0.958248250573388,0.575123143662917,1.0148728719249371,-0.14736403660879469,-1.6885772985657626,-0.5800903272469642,-0.9054480740167674,1.0304638130973318,1.04041962566154,0
-1.1780997671774687,-1.4290629774021806,-0.9938192585168091,0.8537598958853133,1.3716631778855755,-0.9805176004747718,-1.2660086591334871,-0.5800903272469642,-0.9054480740167674,1.0304638130973318,-0.2716118350230893,1
1.3327693018282194,-1.5682596829398205,1.175144640472299,0.31337346733278837,-0.7210491936143153,-0.6333702821972813,0.6128502500777876,0.15047985303796582,1.1044255642002523,-0.9704367948586523,2.187707861161411,0
1.5001605730952654,-1.7074563884774605,0.0472834129979627,-0.23545649916586925,-0.07608210207008728,-0.3556524275752888,0.8503268408331158,-1.0818071980450485,1.1044255642002523,1.0304638130973318,1.0548541019646527,0
-0.843317224643377,0.86768266396888,-0.9504399805370269,0.3640346950095871,2.0097689173920985,0.060924354357699405,-1.356808532069348,0.13287575230820844,1.1044255642002523,-0.9704367948586523,-1.1374832441259894,0
0.32842167422594415,-0.7330794497139803,-0.21299225488073026,-1.0798102937791887,-0.24761590301270128,1.6578020184341555,-0.9621783150788759,-0.7737354352742949,1.1044255642002523,1.0304638130973318,0.13636209126412727,0
-0.4527375916869366,0.5892892528936,-0.9938192585168091,0.051623791002659826,0.8433390709823232,-2.230247946273737,-1.4126853769529546,-0.7385272338147801,1.1044255642002523,1.0304638130973318,-1.085422094909717,0
-1.5128823097115605,0.65888760566242,0.9148689725936059,-0.2607871130042686,2.366559223352737,1.380084163812163,-0.24625624000766513,0.8370397814985027,-0.9054480740167674,-0.9704367948586523,0.3257034399192491,1
1.109580940138825,1.6332645444259002,1.175144640472299,-0.42121433398079977,-1.8943403920617956,-1.0499470641302695,-1.3183932012118684,-1.6539404717621624,-0.9054480740167674,1.0304638130973318,0.03250260495519819,0
0.10523331253654966,-0.037095922025780166,1.175144640472299,-1.7721804053621109,-0.2819226632012241,-0.14736403660879469,-0.23228702878676344,-0.42165342067914796,-0.9054480740167674,-0.9704367948586523,0.9445252514178027,0
-1.4570852192892119,-0.10669427479460018,-1.1239570924561557,-1.0629232178869221,0.006254122382367635,-0.772229209508277,0.7979422987547348,-0.32483086666548266,1.1044255642002523,-0.9704367948586523,-0.9610042854554766,0
-0.5643317725316338,-0.9418745080204404,0.7413518606744772,-0.5140932513882644,-1.8463109277978635,1.9355198730561483,0.6268194612986893,-0.05196730535424368,1.1044255642002523,1.0304638130973318,1.1921334735801845,1
-1.1780997671774687,-0.5242843914075203,-0.34313008882007673,0.8790905097237126,-0.46031781618154227,-0.49451135488628506,-0.7805785692071541,0.5993844216467784,-0.9054480740167674,-0.9704367948586523,-0.09602618861721589,1
0.8863925784494304,-0.7330794497139803,-0.21299225488073026,0.26271223965598967,-0.9955032751224978,0.5469305999461866,0.5953887360516605,-0.45686162213866266,-0.9054480740167674,-0.9704367948586523,0.13636209126412727,1
-0.8991143150657256,1.2852727805818,0.003904135018180542,0.9297517374005113,0.8913685352462563,0.6163600636016845,1.4824336485789162,-1.011390795126019,-0.9054480740167674,-0.9704367948586523,-0.604155241675362,1
0.04943622211420104,-0.6634810969451603,1.218523918452081,1.233719103461307,-1.777697407420818,-1.1888059914412659,-0.5431019784518256,1.3563607530263444,1.1044255642002523,1.0304638130973318,1.4338160403087366,1
-1.289693948022166,0.10210078351185986,-1.3408534823550664,0.31337346733278837,1.948016749052759,-0.07793457295329626,-0.6094557317511086,1.690838666891734,1.1044255642002523,-0.9704367948586523,-1.209883779970252,0
1.555957663517614,-1.2202679190957204,0.6979725826946951,0.11917209457172515,0.7129733822659381,1.2412252365011673,0.23568154711344247,-1.6891486732216772,1.1044255642002523,-0.9704367948586523,1.366858848278537,0
1.5001605730952654,1.4244694861194402,-0.5166472007392053,-1.0122619902101233,-1.0778394995749527,-0.9110881368192733,-0.8993168645848183,0.1680839537677232,1.1044255642002523,1.0304638130973318,-1.0021351235780294,0
-1.4570852192892119,-0.037095922025780166,0.6112140267351308,1.9851939806671606,1.0629023361888703,0.824648454568178,0.5185580743367012,-0.553684176152328,1.1044255642002523,-0.9704367948586523,0.47122962803176577,0
-0.8991143150657256,-0.5938827441763403,0.003904135018180542,-1.4597695013551824,0.6237758057757781,-0.3556524275752888,1.1471725792772767,-0.7825374856391737,-0.9054480740167674,-0.9704367948586523,0.2598037795868447,0
-0.17375213957519348,0.2412974890494999,1.1317653624925168,0.0938414807333258,-0.034913989843859336,1.1717957728456683,-0.15545636707180435,-0.5800903272469642,1.1044255642002523,-0.9704367948586523,0.7317667505397444,1
-1.6244764905562576,-1.2202679190957204,-0.9504399805370269,0.8199857441007801,-0.7347718976897246,1.7966609457451512,0.6163425528830129,0.49375981726823426,1.1044255642002523,1.0304638130973318,-0.3324484575511739,1
-0.6759259533763311,-0.7330794497139803,-0.3865093667998589,0.8368728199930466,0.5688849894741408,-2.0913890189627407,0.5185580743367012,-1.0906092484099272,1.1044255642002523,1.0304638130973318,-0.027568470828441875,0
1.555957663517614,0.10210078351185986,0.6112140267351308,-1.1980198250250533,0.12975845906104952,-1.39709438240776,-1.6222235452664797,1.45318330704001,1.1044255642002523,1.0304638130973318,0.39142398985056354,0
1.5001605730952654,1.4244694861194402,-1.1239570924561557,-0.4465449478191991,-0.7004651375012019,-0.49451135488628506,-1.1193319413140195,-0.12238370827327313,1.1044255642002523,1.0304638130973318,-1.407967270669314,0
0.2168274933812469,1.7028628971947202,-0.7769228686178984,-0.8349476933413261,-1.3728776371962486,1.5189430911231587,1.3636953532012521,-0.6152985287064789,1.1044255642002523,1.0304638130973318,-1.251049469698082,1
-0.7317230437986797,-1.2898662718645404,-0.8636814245774627,-2.0339300816922394,-0.8719989384438158,-0.008505109297798425,1.5208489794363964,0.9338623355121676,-0.9054480740167674,1.0304638130973318,-0.20677658530537837,1
-0.3411434108422393,-1.5682596829398205,0.6112140267351308,0.11072855662559122,-0.5083472804454744,-1.327664918752262,0.9655728334055547,-1.6979507235865559,1.1044255642002523,-0.9704367948586523,1.5674906566238571,0
-1.6244764905562576,0.2412974890494999,-0.8636814245774627,-0.7505123138799942,1.2001293769429615,0.6857895272571823,1.457987528942339,-0.2368103630166958,-0.9054480740167674,1.0304638130973318,-0.8685481900447781,1
-0.7317230437986797,1.2852727805818,0.7847311386542594,1.5039123177375682,0.8913685352462563,-0.9805176004747718,-0.6897786962712932,-0.5096739243279348,1.1044255642002523,1.0304638130973318,-0.0715008404514945,0
-0.6759259533763311,-0.10669427479460018,-0.6034057566987697,0.6004537575013175,-0.46031781618154227,0.894077918223677,-0.8923322589743674,-0.5712882768820854,1.1044255642002523,1.0304638130973318,-0.5190506888058987,0
-0.006360868308147588,-1.5682596829398205,-0.34313008882007673,0.01784963921812657,-0.4191497039553153,0.5469305999461866,-0.41737907746371067,-0.5712882768820854,-0.9054480740167674,1.0304638130973318,0.5178923104833799,1
-1.4012881288668633,-0.38508768586988024,0.6979725826946951,-0.5056497134421317,1.0285955760003476,-0.9805176004747718,-1.566346700382873,-1.645138421397284,1.1044255642002523,-0.9704367948586523,0.7604731365699166,0
1.109580940138825,1.4244694861194402,-0.690164312658334,0.0938414807333258,0.28070820389055007,-0.07793457295329626,1.0703419175623172,-1.2226400038831073,-0.9054480740167674,-0.9704367948586523,-1.118087165604111,0
0.49581294549299004,-0.7330794497139803,-0.2997508108402946,-0.28611772684266795,0.26698549981514075,1.2412252365011673,1.6780026056715398,-1.257848205342622,1.1044255642002523,1.0304638130973318,0.05439681021784289,0
0.04943622211420104,-0.037095922025780166,1.0016275285531702,0.04318025305652591,-0.7210491936143153,-1.9525300916517443,1.1192341568354731,1.7172448179863702,1.1044255642002523,-0.9704367948586523,0.7988958288374838,1
0.4400158550706414,0.3108958418183199,1.522178864310556,1.9007586012058286,-0.1241115663340194,0.33864220897969194,0.17980470222983572,-1.6803466228567985,-0.9054480740167674,1.0304638130973318,0.9991323079263777,0
0.3842187646482928,-0.8026778024828004,-1.2540949263955021,-1.105140907617588,0.013115474420071806,-1.1888059914412659,-0.7281940271287727,-1.1698277016938354,-0.9054480740167674,-0.9704367948586523,-0.8199838441894911,0
-0.7875201342210283,-1.2898662718645404,1.4354203083509918,-0.19323880943520327,-0.0898048061454966,-0.008505109297798425,-1.0669473992356382,1.673234566161977,-0.9054480740167674,1.0304638130973318,2.1937930347658354,1
0.4400158550706414,-0.5938827441763403,0.654593304714913,0.6933326749087821,0.7610028465298693,0.47750113629068763,-0.48722513356821895,0.44974956544384065,1.1044255642002523,1.0304638130973318,0.8598196197906669,0
-1.736070671400955,1.2852727805818,0.5678347487553487,-0.4296578719269325,0.795309606718392,2.074378800367144,0.5709426164150825,-0.17519601046254524,1.1044255642002523,1.0304638130973318,-0.21946039634701323,1
-1.1780997671774687,-0.38508768586988024,-0.8203021465976805,1.5799041592527676,-0.9406124588208614,-0.008505109297798425,-0.1973640007345094,-1.4778994644645889,1.1044255642002523,1.0304638130973318,-0.5902995423581754,0
-0.2295492299975421,0.72848595843124,-0.2997508108402946,0.6595585231242489,-0.5083472804454744,1.5189430911231587,1.503387465410269,0.5993844216467784,-0.9054480740167674,-0.9704367948586523,-0.6125862343972743,1
1.388566392250568,-1.1506695663269004,-2.078301208011363,-0.7505123138799942,-0.7004651375012019,-0.9110881368192733,1.2240032409922355,-1.2754523060723795,-0.9054480740167674,1.0304638130973318,-1.5148817511759176,0
-0.39694050126458796,0.86768266396888,0.4810761927957843,0.17827686019465774,1.4334153462249168,-0.49451135488628506,-1.4022084685372784,0.5993844216467784,1.1044255642002523,-0.9704367948586523,-0.09727962709821167,0
0.9979867592941277,1.5636661916570802,-0.4732679227594232,-0.7420687759338609,2.3253911111265095,0.6163600636016845,-1.2974393843805156,1.690838666891734,1.1044255642002523,-0.9704367948586523,-1.015310405531301,0
-0.5085346821092852,-0.24589098033224022,0.6112140267351308,-0.8349476933413261,-0.4740405202569516,0.1997832816686957,0.6023733416621112,0.1152716515784511,-0.9054480740167674,-0.9704367948586523,0.5962293363176588,1
-0.06215795873049621,-1.6378580357086405,-0.6467850346785519,-0.16790819559680395,-0.16527967856024636,-0.3556524275752888,-0.9517014066631995,-1.0025887447611403,1.1044255642002523,1.0304638130973318,0.22704119368913148,0
-0.11795504915284484,-0.10669427479460018,-0.7335435906381161,1.2590497172997064,0.8707844791331418,-0.3556524275752888,1.0039881642630344,0.4409475150789621,-0.9054480740167674,-0.9704367948586523,-0.6295390879682928,1
0.5516100359153386,-1.2202679190957204,-0.3865093667998589,0.7271068266933154,-0.7210491936143153,1.380084163812163,0.30552760321795086,0.044855248659421636,1.1044255642002523,-0.9704367948586523,0.24889351549583252,0
0.16103040295889828,-1.0114728607892605,1.0450068065329523,-0.04969866435093875,0.8982298872839605,-0.28622296391979096,-0.955193709468425,0.1152716515784511,-0.9054480740167674,-0.9704367948586523,1.546856507319049,0
-1.4012881288668633,-0.8722761552516204,-1.514370594274195,0.7693245164239814,-0.01432993373074585,-1.0499470641302695,-0.08561031096729593,-0.07837345644887952,1.1044255642002523,1.0304638130973318,-1.0442452787582837,1
1.555957663517614,-0.5938827441763403,0.8714896946138238,0.24582516376372304,-1.7914201114962274,-0.9110881368192733,-0.34054841574875155,0.6081864720116569,-0.9054480740167674,-0.9704367948586523,1.059824899858608,0
-0.8991143150657256,-1.2202679190957204,-1.3408534823550664,-1.2064633629711865,-1.3317095249700215,0.6857895272571823,1.2903569942915187,0.25610445741651,-0.9054480740167674,1.0304638130973318,-0.7349159773529473,1
-0.3411434108422393,-0.31548933310106025,-1.1673363704359379,-0.16790819559680395,-0.34367483154056455,2.3520966549891362,-1.6466696649030574,1.7172448179863702,-0.9054480740167674,-0.9704367948586523,-0.924399109243935,1
0.8863925784494304,-0.5242843914075203,-0.34313008882007673,-0.10035989202773864,1.261881545282303,-0.5639408185417829,1.3706799588117036,1.1451115442692559,1.1044255642002523,-0.9704367948586523,-0.09602618861721589,1
1.388566392250568,0.3108958418183199,-0.21299225488073026,0.7439939025855808,-0.9131670506700438,2.2132377276781394,0.5185580743367012,-0.8265477374635669,1.1044255642002523,1.0304638130973318,-0.3769409725710291,0
1.109580940138825,-0.5242843914075203,1.5655581422903382,-0.5985286308495964,-0.5426540406339971,-0.008505109297798425,0.8188961155860872,0.7930295296741091,-0.9054480740167674,1.0304638130973318,1.6430049841913879,0
1.555957663517614,1.4244694861194402,0.43769691481600215,-0.9531572245871908,0.22581738758891376,-0.28622296391979096,-1.7479464462545946,-1.0025887447611403,-0.9054480740167674,-0.9704367948586523,-0.3643988924345824,0
0.942189668871779,1.4940678388882602,0.7847311386542594,-0.06658574024320538,-1.7090838870437723,-0.9805176004747718,0.43474280701129137,0.9954766880663186,1.1044255642002523,1.0304638130973318,-0.16229399421418247,0
-1.6802735809786062,0.38049419458713996,-0.5600264787189876,-0.6745204723647956,0.31501496407907287,-0.21679350026429253,0.2950506948022745,-1.2402441046128647,-0.9054480740167674,-0.9704367948586523,-0.6788382841789211,0
-1.736070671400955,0.86768266396888,-0.9070607025572448,-0.35366603041173444,-1.5855795503650905,-0.772229209508277,0.11694325173577831,-0.0959775571786369,-0.9054480740167674,-0.9704367948586523,-1.105961922397875,1
0.8863925784494304,0.45009254735595994,-0.039475142961601616,-0.10880342997387134,0.5894690455872552,-0.9110881368192733,0.9865266502369073,1.021882839160955,1.1044255642002523,1.0304638130973318,-0.301330658104945,0
1.6675518443623112,-1.0114728607892605,0.4810761927957843,-0.4127707960346659,-0.8239694741798838,-1.7442417006852502,0.18329700503506108,-0.7737354352742949,-0.9054480740167674,1.0304638130973318,0.9871104802239061,0
-1.12230267675512,1.3548711333506203,-1.3408534823550664,0.9550823512389106,-0.961196514933975,1.7966609457451512,1.234480149407912,1.189121796093649,1.1044255642002523,1.0304638130973318,-1.5373273073520406,1
-1.5128823097115605,-0.037095922025780166,0.09066269097774486,1.4110334003301037,0.28756955592825423,1.1023663091901705,-0.9447168010527487,0.5113639179979916,-0.9054480740167674,-0.9704367948586523,0.03434136029080829,1
0.27262458380359555,0.5196909001247799,-1.4276120383146307,0.8537598958853133,0.8227550148692107,0.26921274532419415,1.056372706341416,-0.36003906812499736,1.1044255642002523,-0.9704367948586523,-1.3964312256718214,0
-0.006360868308147588,0.86768266396888,1.3052824744116454,-1.8228416330389094,0.39048983649382263,-0.14736403660879469,-1.1333011525349213,-0.27201856447621053,1.1044255642002523,-0.9704367948586523,0.5016254857359633,0
1.5001605730952654,1.07647772227534,0.22080052491709135,-0.6745204723647956,0.2189560355512086,-0.008505109297798425,1.0808188259779938,1.4971935588644032,1.1044255642002523,1.0304638130973318,-0.3733121034213517,1
1.2769722114058708,-1.2202679190957204,1.0883860845127344,-0.201682347381336,0.23267873962661792,-0.8416586731637754,1.5243412822416218,-0.9937866943962618,1.1044255642002523,1.0304638130973318,1.7693263680803104,0
-1.289693948022166,-1.0114728607892605,-0.42988864477964106,-1.8988334745541087,0.39735118853152773,-1.1888059914412659,-0.5850096121145307,0.6786028749306864,-0.9054480740167674,1.0304638130973318,0.08290535953175227,0
0.49581294549299004,-0.24589098033224022,-0.4732679227594232,-0.9109395348565248,0.46596470890857333,0.7552189909126802,0.09249713209920028,0.7314151771199585,1.1044255642002523,-0.9704367948586523,-0.3461709744706483,0
0.16103040295889828,-0.10669427479460018,-1.21071564841572,-0.21856942327360263,-0.3985656478422018,-0.28622296391979096,0.5395118911680539,1.4883915084995247,1.1044255642002523,1.0304638130973318,-1.034663218230406,1
-0.7317230437986797,1.07647772227534,1.1317653624925168,-0.48031909960373237,0.6786666220774153,0.33864220897969194,-1.482531433057463,0.7490192778497159,1.1044255642002523,1.0304638130973318,0.2678970680390123,0
0.8863925784494304,-0.5938827441763403,-0.8636814245774627,-0.015924512566406687,-0.8171081221421795,-1.7442417006852502,-0.03322576888891455,0.3001147092409032,1.1044255642002523,-0.9704367948586523,-0.5402173406849186,0
-0.8991143150657256,-0.9418745080204404,-1.2974742043752843,-1.4259953495706497,1.1315158565659158,-0.3556524275752888,-0.4977020419838953,1.4179751055804952,1.1044255642002523,1.0304638130973318,-0.806502677686759,1
-1.6244764905562576,1.4244694861194402,-0.5166472007392053,-0.4887626375498651,0.8090323107938003,-1.1888059914412659,1.2868646914862933,1.1627156449990137,1.1044255642002523,1.0304638130973318,-1.0021351235780294,1
-0.6759259533763311,0.45009254735595994,-0.21299225488073026,0.12761563251785785,2.249916238711758,0.47750113629068763,1.30432620551242,0.7666233785794732,1.1044255642002523,-0.9704367948586523,-0.43591374158962953,0
-0.4527375916869366,-0.7330794497139803,0.22080052491709135,-0.015924512566406687,0.5345782292856189,1.0329368455346728,0.6896809117927467,-1.645138421397284,-0.9054480740167674,-0.9704367948586523,0.5461884964955503,0
1.2211751209835222,-0.6634810969451603,1.2619031964318632,0.43158299857865356,0.9393979995101874,1.5189430911231587,0.5325272855576029,-0.4480595717737838,-0.9054480740167674,-0.9704367948586523,1.4743034268839592,0
1.3327693018282194,-0.24589098033224022,-1.0371985364965912,0.37247823295572097,-1.5993022544404998,-0.6333702821972813,0.8049269043651854,0.467353666173598,-0.9054480740167674,-0.9704367948586523,-0.8362191360805681,0
0.04943622211420104,0.1716991362806799,0.5244554707755664,-0.4381014098730664,0.9737047596987102,-1.1888059914412659,-0.48024052795776806,0.08006345011893637,-0.9054480740167674,-0.9704367948586523,0.28216448353417634,0
-0.4527375916869366,-0.38508768586988024,-1.1239570924561557,0.0938414807333258,1.2138520810183697,-0.4250818912307866,-0.3440407185539769,-0.6329026294362363,-0.9054480740167674,-0.9704367948586523,-0.8604540781437937,1
1.109580940138825,0.5196909001247799,0.43769691481600215,-0.8349476933413261,1.5569196829035978,-0.7027997458527792,0.17631239942461038,-1.2490461549777434,1.1044255642002523,1.0304638130973318,0.034482048055648584,1
-1.1780997671774687,-1.0810712135580804,1.3486617523914275,-0.29456126478880185,0.12975845906104952,-0.008505109297798425,1.517356676631171,0.18568805449748055,1.1044255642002523,1.0304638130973318,1.910195041269106,1
0.942189668871779,1.0068793695065201,0.7413518606744772,-1.0966973696714553,-0.34367483154056455,-1.4665238460632577,0.7700038763129314,-0.7561313345445375,1.1044255642002523,-0.9704367948586523,0.02548948369783755,1
-1.3454910384445147,0.45009254735595994,0.5244554707755664,1.0564048065925091,-1.1121462597634755,-1.8136711643407482,0.16583549100893405,-0.9409743922069899,-0.9054480740167674,-0.9704367948586523,0.1360643632202786,1
0.2168274933812469,1.7028628971947202,-0.08285442094138377,-0.3030048027349346,-1.0229486832733163,-0.3556524275752888,0.9306498053533007,-0.3512370177601185,1.1044255642002523,1.0304638130973318,-0.8056994635829094,0
0.32842167422594415,0.5196909001247799,-0.9504399805370269,1.0564048065925091,-0.021191285768450994,0.7552189909126802,-0.46277901393164106,1.004278738431197,-0.9054480740167674,-0.9704367948586523,-1.0303836440206082,1
0.4400158550706414,-1.6378580357086405,0.8281104166340416,0.288042853494389,-1.7982814635339315,-1.0499470641302695,0.7909576931442838,-0.0431652549893648,-0.9054480740167674,-0.9704367948586523,1.8707037253041834,0
-0.6759259533763311,0.5196909001247799,-0.42988864477964106,-0.9193830728026581,-0.7828013619536568,0.894077918223677,-0.3230869017226242,-0.9937866943962618,-0.9054480740167674,1.0304638130973318,-0.6310590094920118,1
1.6675518443623112,0.5196909001247799,-0.2563715328605124,0.22893808787145642,0.09545169887252672,0.33864220897969194,-0.7805785692071541,-1.3458687089914088,-0.9054480740167674,1.0304638130973318,-0.4979507979824799,0
0.16103040295889828,1.07647772227534,0.9148689725936059,0.7946551302623807,0.07486764275941324,1.5883725547786578,0.37188135651723364,0.0008449968350284161,-0.9054480740167674,-0.9704367948586523,0.11522821769130659,1
0.8863925784494304,-0.8722761552516204,0.6979725826946951,-0.10035989202773864,-0.9886419230847936,-0.8416586731637754,0.6407886725195909,1.0394869398907118,1.1044255642002523,-0.9704367948586523,1.0977957239483227,0
1.6675518443623112,0.3108958418183199,-1.2540949263955021,0.051623791002659826,-1.263096004592976,-1.6748122370297525,-0.15545636707180435,0.5377700690926275,-0.9054480740167674,1.0304638130973318,-1.202584940869473,0
-0.39694050126458796,0.5196909001247799,3.300729261481625,-0.5816415549573304,-1.1121462597634755,0.6163600636016845,0.21822003308731544,-0.9409743922069899,-0.9054480740167674,-0.9704367948586523,2.2307675379629273,0
0.16103040295889828,-0.8722761552516204,-0.690164312658334,0.0009625633258599405,-0.22017049486188264,0.26921274532419415,0.665234792156169,-0.21920626228693846,-0.9054480740167674,1.0304638130973318,-0.24623000324013608,1
-0.39694050126458796,0.03250243074303985,-0.7769228686178984,0.22049454992532372,2.1950254224101227,0.1997832816686957,0.9236651997428497,1.2507361486478001,-0.9054480740167674,1.0304638130973318,-0.7207739440494365,1
-0.17375213957519348,-0.24589098033224022,-1.1239570924561557,-0.6069721687957297,1.097209096377393,-1.1193765277857675,1.3706799588117036,-1.1346195002343207,1.1044255642002523,-0.9704367948586523,-0.9116111609436324,0
-0.7875201342210283,0.9372810167377,-0.2563715328605124,-1.1220279835098546,0.22581738758891376,0.824648454568178,-0.5186558588152478,0.1152716515784511,1.1044255642002523,1.0304638130973318,-0.6588940816758888,1
0.7747983976047331,-1.6378580357086405,-0.6467850346785519,1.2843803311381057,0.5757463415118469,-0.7027997458527792,1.562756613099101,-0.5096739243279348,-0.9054480740167674,1.0304638130973318,0.22704119368913148,1
-0.7875201342210283,0.86768266396888,-1.21071564841572,0.5835666816090508,1.04917963211346,0.1997832816686957,0.4661735322583201,-1.3194625578967727,-0.9054480740167674,1.0304638130973318,-1.3266111744946762,0
-1.6802735809786062,0.9372810167377,-0.9504399805370269,-0.5816415549573304,0.6992506781905278,-0.008505109297798425,0.993511255847358,-1.5835240688431331,-0.9054480740167674,-0.9704367948586523,-1.157884167466036,0
1.2211751209835222,0.03250243074303985,1.2619031964318632,0.19516393608692317,-0.30936807135204175,0.33864220897969194,0.6861886089875213,0.19449010486235943,-0.9054480740167674,-0.9704367948586523,0.9708716943829048,0
0.16103040295889828,1.4244694861194402,0.3509383588564378,-1.518874266978115,-0.8651375864061117,-1.2582354550967636,-1.0390089767938349,-1.6891486732216772,1.1044255642002523,-0.9704367948586523,-0.4223749134476231,0
-0.8991143150657256,1.7028628971947202,-0.6034057566987697,-2.0254865437461067,-0.1241115663340194,0.47750113629068763,-1.5104698554992664,-1.3986810111806809,1.1044255642002523,1.0304638130973318,-1.1397119681692889,0
1.6117547539399626,-0.7330794497139803,1.478799586330774,1.073291882484776,1.0423182800757558,0.6857895272571823,0.7769884819233821,-0.5360800754225706,1.1044255642002523,1.0304638130973318,1.7346850716666773,0
0.49581294549299004,0.5892892528936,-0.7769228686178984,0.2120510119791898,-0.27506131116351895,0.13035381801319784,0.026143378799917526,-1.6099302199377692,1.1044255642002523,-0.9704367948586523,-0.9208502803571125,0
0.2168274933812469,1.14607607504416,-1.1673363704359379,-0.07502927818933809,-1.132730315876589,1.7272314820896535,0.693173214597972,-0.3512370177601185,-0.9054480740167674,1.0304638130973318,-1.368250494014414,1
0.04943622211420104,1.2852727805818,-0.08285442094138377,0.2120510119791898,-1.7708360553831137,-0.008505109297798425,-0.09259491657774693,-1.3018584571670153,-0.9054480740167674,1.0304638130973318,-0.6633390640335695,1
-1.568679400133909,1.6332645444259002,0.134041968957527,3.243281134641007,-0.11725021429631426,0.9635073818791748,-0.6688248794399406,-0.5272780250576922,-0.9054480740167674,-0.9704367948586523,-0.6422871712985115,1
0.04943622211420104,1.0068793695065201,-0.9504399805370269,0.8537598958853133,-1.050394091424135,0.060924354357699405,-0.7631170551810269,1.021882839160955,-0.9054480740167674,1.0304638130973318,-1.1779621240652982,0
-1.0107084959104229,-1.0114728607892605,0.39431763683621995,-1.0798102937791887,-0.4397337600684288,0.824648454568178,0.7944499959495092,0.44974956544384065,-0.9054480740167674,1.0304638130973318,0.9009957068246534,1
-0.6201288629539825,-1.5682596829398205,-0.4732679227594232,-1.7299627156314448,1.5020288666019626,-1.605382773374254,-0.7910554776228303,-0.1928001111923026,1.1044255642002523,1.0304638130973318,0.3747652632824059,0
0.8863925784494304,-1.3594646246333606,0.09066269097774486,1.0479612686463764,-0.04863669391926865,-0.008505109297798425,0.7385731510659027,-1.4338892126401954,-0.9054480740167674,1.0304638130973318,0.8395235584876223,0
-0.6759259533763311,-1.1506695663269004,0.3509383588564378,0.8453163579391794,-0.7690786578782475,-1.1888059914412659,-0.41737907746371067,0.4233434143492048,-0.9054480740167674,1.0304638130973318,0.9577616382081696,1
1.3327693018282194,-1.3594646246333606,-0.9070607025572448,0.5582360677706515,0.32187631611677703,-0.008505109297798425,0.9341421081585259,-1.1874318024235928,-0.9054480740167674,1.0304638130973318,-0.2157184514495268,1
-1.3454910384445147,-1.1506695663269004,1.3920410303712096,-0.8518347692335922,1.9823235092412816,0.4080716726351898,-1.2590240535230364,-1.4867015148294676,-0.9054480740167674,-0.9704367948586523,2.0174659479442076,0
-1.4012881288668633,0.9372810167377,-1.1239570924561557,0.3471476191173216,-0.11725021429631426,0.824648454568178,-1.0425012795990605,0.581780320917021,1.1044255642002523,-0.9704367948586523,-1.2826316889135727,0
-1.6244764905562576,0.38049419458713996,-1.1239570924561557,-0.7589558518261276,-2.0521514889290002,0.47750113629068763,0.6372963697143657,1.45318330704001,-0.9054480740167674,1.0304638130973318,-1.1211067500318734,1
-0.843317224643377,0.45009254735595994,-0.34313008882007673,0.6511149851781162,0.6786666220774153,-0.3556524275752888,0.19726621625596275,-0.1399878090030305,-0.9054480740167674,-0.9704367948586523,-0.5368510542031424,0
0.04943622211420104,1.07647772227534,-1.6011291502337595,0.9719694271311773,0.36304442834300493,-0.772229209508277,-1.0459935824042859,-1.6187322703026479,1.1044255642002523,-0.9704367948586523,-1.6557304463420797,0
0.8863925784494304,1.7028628971947202,-0.9938192585168091,-0.573198017011197,0.10231305091023186,-2.438536337240231,1.3951260784482808,1.3387566522965866,-0.9054480740167674,-0.9704367948586523,-1.3902213466090738,1
-1.12230267675512,-0.9418745080204404,-1.2974742043752843,1.1239531101615745,-0.22017049486188264,0.060924354357699405,-0.7945477804280557,-1.5219097162889823,1.1044255642002523,1.0304638130973318,-0.806502677686759,1
1.5001605730952654,-1.2202679190957204,1.478799586330774,0.0938414807333258,-0.8239694741798838,1.1717957728456683,-0.28816387367037016,1.2947464004721934,1.1044255642002523,-0.9704367948586523,2.171793887882084,0
1.0537838497164762,-1.2202679190957204,-0.039475142961601616,0.47380068830931954,1.563781034941302,0.13035381801319784,-1.0529781880147366,-0.37764316885475474,-0.9054480740167674,1.0304638130973318,0.6066424219862975,0
-0.5643317725316338,1.7028628971947202,-2.078301208011363,-1.350003508055451,-1.8874790400240906,-0.07793457295329626,-0.403409866242809,-0.47446572286842004,-0.9054480740167674,-0.9704367948586523,-2.0860807311640315,0
1.2769722114058708,0.1716991362806799,0.654593304714913,0.2120510119791898,-0.30936807135204175,0.13035381801319784,-0.04021037449936554,0.15047985303796582,-0.9054480740167674,-0.9704367948586523,0.38771548415760204,0
-0.5643317725316338,-0.38508768586988024,0.7413518606744772,-0.7082946241493283,-0.3368134795028604,-0.4250818912307866,-0.7281940271287727,1.611620213607826,1.1044255642002523,1.0304638130973318,0.7990666416821474,0
0.7747983976047331,1.4940678388882602,0.2641798028968735,0.4569136124170529,0.8845071832085522,0.1997832816686957,0.9271575025480753,1.4003710048507376,-0.9054480740167674,-0.9704367948586523,-0.5066096229658801,1
-0.11795504915284484,-1.2898662718645404,-0.21299225488073026,1.4616946280069023,1.2756042493577113,-0.4250818912307866,-0.38245604941145644,-0.10477960754351577,-0.9054480740167674,1.0304638130973318,0.4726299109411917,0
0.32842167422594415,-1.0114728607892605,-1.2974742043752843,0.2711557776021224,-0.2270318468995878,-0.9110881368192733,0.7909576931442838,0.6874049252955649,-0.9054480740167674,-0.9704367948586523,-0.7782423744607748,1
0.32842167422594415,-0.38508768586988024,-1.3408534823550664,-0.9362701486949241,0.20523333147580028,-0.07793457295329626,-1.0355166739886097,0.28251060851114584,1.1044255642002523,-0.9704367948586523,-1.0534216037049497,0
0.7190013071823845,-0.6634810969451603,-1.3842327603348485,0.6088972954474502,0.29443090796595933,-0.07793457295329626,-0.44182519710028856,0.6786028749306864,-0.9054480740167674,-0.9704367948586523,-0.9954271542046196,0
1.0537838497164762,-1.4986613301710006,-0.12623369892116593,0.3809217709018537,1.090347744339689,1.9355198730561483,-1.7304849322284677,1.1627156449990137,1.1044255642002523,-0.9704367948586523,0.7067086530287577,0
1.2211751209835222,-1.3594646246333606,-0.9070607025572448,2.06118582218236,1.0697636882265744,-0.8416586731637754,0.8922344744958209,-1.6363363710324053,1.1044255642002523,1.0304638130973318,-0.2157184514495268,0
-1.3454910384445147,-0.24589098033224022,-1.5577498722539773,0.22893808787145642,-0.5495153926717014,-0.14736403660879469,0.42775820140084037,-0.6152985287064789,1.1044255642002523,1.0304638130973318,-1.2885712852589555,1
-0.2853463204198907,0.03250243074303985,-0.4732679227594232,-0.615415706741863,0.45910335687086823,-0.28622296391979096,1.0982803400041206,1.6204222639727044,-0.9054480740167674,-0.9704367948586523,-0.4688267213041939,1
-0.2853463204198907,-1.5682596829398205,1.3486617523914275,0.7524374405317147,0.39735118853152773,-0.49451135488628506,-0.16593327548748069,1.5852140625131896,1.1044255642002523,1.0304638130973318,2.3785439240960438,0
0.10523331253654966,1.07647772227534,0.22080052491709135,-0.15102111970453733,-0.11038886225861008,0.5469305999461866,1.0354188895100631,-1.7243568746811917,1.1044255642002523,-0.9704367948586523,-0.3733121034213517,0
-0.6201288629539825,1.14607607504416,-0.7769228686178984,0.06006732894879254,0.39048983649382263,2.3520966549891362,0.5045888631157998,-1.0465989965855338,-0.9054480740167674,1.0304638130973318,-1.0963165586619317,0
-0.11795504915284484,-0.8026778024828004,-0.4732679227594232,-0.961600762533324,0.02683817849548112,-0.3556524275752888,-1.7444541434493692,1.7436509690810065,1.1044255642002523,1.0304638130973318,-0.07321716907233076,0
0.04943622211420104,-1.0114728607892605,0.654593304714913,-0.15102111970453733,0.17092657128727748,0.5469305999461866,-0.8713784421430149,-0.025561154259607435,-0.9054480740167674,1.0304638130973318,1.1593400270224117,0
-0.2295492299975421,-0.5242843914075203,0.654593304714913,0.009406101271993855,-1.3866003412716579,-2.0219595553072427,-0.03322576888891455,0.25610445741651,1.1044255642002523,-0.9704367948586523,0.8130128335327362,0
0.8305954880270818,-0.9418745080204404,1.1317653624925168,-0.15102111970453733,-0.9406124588208614,-0.4250818912307866,0.40331208176426264,-1.1698277016938354,-0.9054480740167674,1.0304638130973318,1.5748510344610884,1
0.04943622211420104,-0.1762926275634202,-0.7769228686178984,-0.6238592446879964,0.8502004230200293,1.5883725547786578,-1.5279313695253933,1.3915689544858592,1.1044255642002523,1.0304638130973318,-0.6384514105030363,0
-1.5128823097115605,-0.9418745080204404,-1.1239570924561557,0.2711557776021224,-1.2425119484798626,-0.07793457295329626,0.7036501230136484,-0.9409743922069899,1.1044255642002523,-0.9704367948586523,-0.6364059839619131,0
1.555957663517614,-0.8722761552516204,0.7847311386542594,-0.961600762533324,0.49341011705939103,0.5469305999461866,0.14138937137235633,-1.0906092484099272,-0.9054480740167674,-0.9704367948586523,1.1817973318976018,0
1.6117547539399626,-0.037095922025780166,0.43769691481600215,-1.1980198250250533,-0.07608210207008728,-0.6333702821972813,0.0785279208782986,-0.9585784929367472,-0.9054480740167674,-0.9704367948586523,0.32560020545144636,0
0.8863925784494304,1.3548711333506203,0.654593304714913,0.6933326749087821,1.0697636882265744,0.26921274532419415,-0.7386709355444491,1.4795894581346456,-0.9054480740167674,1.0304638130973318,-0.19009650233875489,1
-0.7317230437986797,-0.4546860386387003,-1.2540949263955021,0.6004537575013175,0.6718052700397091,1.6578020184341555,0.3194968144388526,0.7138110763902011,-0.9054480740167674,1.0304638130973318,-0.9513506434368232,1
-1.568679400133909,1.4244694861194402,0.6112140267351308,-1.350003508055451,-0.46031781618154227,-1.1888059914412659,-1.6641311789291848,0.9426643858770468,1.1044255642002523,1.0304638130973318,-0.24844685040850106,1
0.16103040295889828,0.72848595843124,0.22080052491709135,-1.881946398661842,-0.22017049486188264,2.2826671913336387,-1.5314236723306187,-0.4304554710440268,-0.9054480740167674,1.0304638130973318,-0.22610766042721647,1
0.942189668871779,1.3548711333506203,0.3509383588564378,-1.046036141994656,-2.038428784853591,-1.605382773374254,0.8049269043651854,1.4443812566751308,-0.9054480740167674,1.0304638130973318,-0.395109885710342,1
-0.843317224643377,-1.2202679190957204,0.6112140267351308,-0.15102111970453733,-0.13097291837172356,-0.49451135488628506,-0.6339018513876864,1.021882839160955,-0.9054480740167674,1.0304638130973318,1.2774216216559202,1
0.6632042167600359,0.2412974890494999,1.522178864310556,1.1492837239999751,-1.304264116819203,-0.9110881368192733,-0.546594281257051,0.8810500333228959,-0.9054480740167674,-0.9704367948586523,1.0448718476106291,0
-0.2295492299975421,0.45009254735595994,0.3075590808766557,-0.17635173354293665,-0.22017049486188264,-0.28622296391979096,-1.032024371183384,1.6556304654322191,-0.9054480740167674,1.0304638130973318,-0.03216449113557677,1
-0.11795504915284484,1.2852727805818,-1.1239570924561557,-0.8011735415567935,-0.6524356732372697,-0.9110881368192733,-0.20085630353973474,-0.47446572286842004,-0.9054480740167674,1.0304638130973318,-1.373544932332059,1
-0.17375213957519348,-0.5242843914075203,-0.08285442094138377,0.12761563251785785,-0.8925829945569294,-0.9805176004747718,-1.5768236087985494,0.38813521288969005,1.1044255642002523,1.0304638130973318,0.14111442585668452,1
0.7747983976047331,-1.3594646246333606,-0.6467850346785519,-0.1425775817584046,1.2275747850937802,-1.2582354550967636,-0.7107325131026457,1.4443812566751308,-0.9054480740167674,-0.9704367948586523,0.05956207288190333,1
1.1653780305611736,-0.5242843914075203,-1.6011291502337595,-1.4259953495706497,-1.304264116819203,-0.008505109297798425,0.08202022368352395,1.021882839160955,-0.9054480740167674,1.0304638130973318,-1.2422058252410684,1
-1.4570852192892119,-0.4546860386387003,-1.0805778144763734,-1.4175518116245165,-0.9817805710470894,-0.28622296391979096,-0.13101024743522632,0.22089625595699527,-0.9054480740167674,-0.9704367948586523,-0.7951333674291082,1
0.16103040295889828,-0.24589098033224022,-1.2540949263955021,-1.3922211977861172,-0.7141878415766112,-0.49451135488628506,1.7338794505551467,-1.4955035651943462,1.1044255642002523,1.0304638130973318,-1.0246991982382294,0
1.555957663517614,0.7980843112000601,-0.1696129769009481,2.4918062574351523,-0.4877632243323609,-0.008505109297798425,-0.3999175634375835,0.5377700690926275,1.1044255642002523,-0.9704367948586523,-0.5432512975290528,0
0.49581294549299004,0.45009254735595994,-0.6034057566987697,0.8453163579391794,-0.8994443465946345,-1.535953309718756,-0.40690216904803433,0.09766755084869373,-0.9054480740167674,-0.9704367948586523,-0.738725679430169,0
0.27262458380359555,1.07647772227534,-1.5577498722539773,-0.6238592446879964,-0.364258887653679,0.33864220897969194,0.0016972591633395056,-1.1082133491396846,-0.9054480740167674,-0.9704367948586523,-1.6251966762725385,0
-0.4527375916869366,-1.5682596829398205,-0.9504399805370269,1.0986224963231752,0.31501496407907287,-0.07793457295329626,-1.0948858216774418,1.347558702661466,-0.9054480740167674,1.0304638130973318,-0.15003390978783235,1
-0.17375213957519348,0.1716991362806799,-1.1673363704359379,-0.5985286308495964,0.6923893261528237,-0.07793457295329626,1.3008339027071947,-0.553684176152328,-0.9054480740167674,-0.9704367948586523,-1.0899985245703583,0
0.942189668871779,-1.0810712135580804,0.654593304714913,1.0648483445386432,0.6443598618888925,0.5469305999461866,0.2391738499186678,-0.3952472695845121,-0.9054480740167674,1.0304638130973318,1.212583966067692,0
0.7747983976047331,0.65888760566242,-0.6467850346785519,0.06006732894879254,-1.956092560401136,1.7272314820896535,-1.0879012160669908,0.6081864720116569,-0.9054480740167674,-0.9704367948586523,-0.84636909027852,0
1.1653780305611736,0.2412974890494999,-0.42988864477964106,-0.6914075482570616,0.39735118853152773,0.33864220897969194,1.0109727698734852,-0.03436320462448631,1.1044255642002523,1.0304638130973318,-0.5206536377437951,0
-0.06215795873049621,-0.7330794497139803,0.17742124693730918,0.6680020610703827,0.45910335687086823,-0.21679350026429253,-1.6396850592926069,-1.442691263005074,-0.9054480740167674,-0.9704367948586523,0.5052058559724077,0
0.16103040295889828,0.5196909001247799,-0.6034057566987697,0.11917209457172515,-0.6730197293503842,-0.008505109297798425,1.6745103028663146,-0.3952472695845121,1.1044255642002523,-0.9704367948586523,-0.7641672210015441,0
1.555957663517614,-1.2898662718645404,0.9148689725936059,0.3809217709018537,1.7215921318085077,-0.008505109297798425,1.2624185718497154,-1.425087162275317,1.1044255642002523,1.0304638130973318,1.6502678377685795,0
0.04943622211420104,-0.9418745080204404,1.1317653624925168,0.19516393608692317,1.1246545045282117,0.13035381801319784,0.2671122723604712,-1.0906092484099272,1.1044255642002523,-0.9704367948586523,1.5748510344610884,0
1.109580940138825,1.6332645444259002,-0.4732679227594232,0.18672039814079044,-0.17900238263565568,-1.327664918752262,-1.3707777432902495,-1.7331589250460704,1.1044255642002523,1.0304638130973318,-1.0359145407798422,0
1.6117547539399626,0.3108958418183199,-0.9938192585168091,0.7862115923162468,-0.6044062089733386,-2.438536337240231,-1.0075782515468061,-1.1170153995045633,-0.9054480740167674,-0.9704367948586523,-0.9961739487948624,0
-0.6201288629539825,-0.31548933310106025,0.3509383588564378,2.593128712788751,1.7078694277330992,-0.3556524275752888,-0.7840708720123795,-0.5976944279767216,1.1044255642002523,-0.9704367948586523,0.4105288659417133,0
-0.006360868308147588,0.38049419458713996,0.8281104166340416,1.2421626414074398,-0.01432993373074585,0.26921274532419415,-0.9167783786109452,0.13287575230820844,1.1044255642002523,1.0304638130973318,0.40982255484373104,0
-0.5085346821092852,-0.10669427479460018,-0.5166472007392053,0.19516393608692317,0.09545169887252672,0.7552189909126802,-0.019256557668012864,1.4795894581346456,1.1044255642002523,1.0304638130973318,-0.44539175603096876,0
0.04943622211420104,-0.38508768586988024,0.6112140267351308,-0.3367789545194678,0.08172899479711741,1.1023663091901705,1.5418027962677483,0.14167780267308733,1.1044255642002523,1.0304638130973318,0.6832861263454543,0
-1.6244764905562576,0.7980843112000601,0.134041968957527,-0.22701296121973655,2.373420575390441,0.894077918223677,-0.20784090915018544,0.7226131267550796,-0.9054480740167674,-0.9704367948586523,-0.3202230949457181,1
-0.7875201342210283,-1.4986613301710006,3.300729261481625,-1.2993422803786518,-0.21330914282417848,0.9635073818791748,0.5534811023889555,-0.5008718739630559,1.1044255642002523,1.0304638130973318,4.426613769066366,0
-0.39694050126458796,0.1716991362806799,0.3509383588564378,0.6511149851781162,-0.021191285768450994,-1.535953309718756,0.6477732781300416,0.8898520836877744,-0.9054480740167674,1.0304638130973318,0.1414298160362754,1
0.5516100359153386,1.2852727805818,-0.21299225488073026,-1.0544796799407894,-0.8514148823307024,-0.14736403660879469,1.2868646914862933,0.4233434143492048,-0.9054480740167674,-0.9704367948586523,-0.7521147975708804,1
-0.06215795873049621,-0.38508768586988024,-0.08285442094138377,-0.40432725808853315,-0.39170429580449667,0.6163600636016845,-1.6396850592926069,-0.1399878090030305,-0.9054480740167674,1.0304638130973318,0.06579004454975482,1
1.2211751209835222,-0.10669427479460018,-1.4276120383146307,0.6511149851781162,-1.057255443461839,0.060924354357699405,-0.3475330213592023,-1.0730051476801699,-0.9054480740167674,1.0304638130973318,-1.2188105501677304,1
1.4443634826729166,1.7028628971947202,-1.3842327603348485,-0.2607871130042686,-0.8308308262175889,-0.14736403660879469,0.9830343474316817,-0.6945169819903869,-0.9054480740167674,-0.9704367948586523,-1.6407307250488588,1
-1.6244764905562576,1.6332645444259002,-0.6034057566987697,-0.5225367893343983,-1.8531722798355679,-0.008505109297798425,1.0878034315884444,0.4233434143492048,-0.9054480740167674,-0.9704367948586523,-1.1202632628115559,1
0.4400158550706414,0.45009254735595994,-0.2563715328605124,-1.2402375147557192,0.9119525913593688,0.26921274532419415,1.478941345773691,-0.2632165141113317,1.1044255642002523,-0.9704367948586523,-0.46955951246080035,0
0.7747983976047331,1.07647772227534,0.6979725826946951,1.1999449516767737,0.17092657128727748,-0.07793457295329626,0.6966655174031977,1.3739648537561013,1.1044255642002523,-0.9704367948586523,-0.037440632656399124,0
-0.4527375916869366,0.72848595843124,0.8281104166340416,-0.8687218451258588,0.25326279573973143,-0.9110881368192733,-0.9028091673900436,-0.9321723418421112,-0.9054480740167674,-0.9704367948586523,0.22478400920451735,0
0.9979867592941277,0.5892892528936,-1.3842327603348485,-0.615415706741863,-0.04863669391926865,-1.8136711643407482,0.008681864773790193,-1.504305615559225,-0.9054480740167674,1.0304638130973318,-1.3816513611044055,0
-0.006360868308147588,0.72848595843124,0.7847311386542594,-1.8397287089311762,0.08172899479711741,-0.21679350026429253,-1.6466696649030574,0.3177188099706606,-0.9054480740167674,-0.9704367948586523,0.19257746137367918,0
0.8305954880270818,-1.6378580357086405,-1.1673363704359379,-0.04125512640480603,1.6735626675445765,0.060924354357699405,0.5010965603105741,1.3563607530263444,-0.9054480740167674,-0.9704367948586523,-0.3530749939397103,1
-0.5643317725316338,-0.7330794497139803,-0.9938192585168091,-0.3621095683578672,-0.7828013619536568,0.060924354357699405,0.17631239942461038,-0.47446572286842004,-0.9054480740167674,-0.9704367948586523,-0.601325438152434,0
-0.5085346821092852,0.5892892528936,0.17742124693730918,0.16138978430239112,0.29443090796595933,0.9635073818791748,0.5709426164150825,0.5201659683628701,-0.9054480740167674,1.0304638130973318,-0.19673429632565256,1
-1.6802735809786062,0.72848595843124,-1.3842327603348485,-1.21490690091732,0.28756955592825423,1.1717957728456683,1.4894182541893677,-0.9409743922069899,1.1044255642002523,1.0304638130973318,-1.4177499301682275,1
-0.2853463204198907,-1.3594646246333606,0.5244554707755664,0.7186632887471814,1.179545320829847,-0.14736403660879469,0.6407886725195909,0.20329215522723793,-0.9054480740167674,1.0304638130973318,1.2983244323733394,0
0.5516100359153386,0.9372810167377,1.478799586330774,-1.8903899366079755,0.45910335687086823,-0.07793457295329626,-0.6408864569981373,1.0130807887960762,-0.9054480740167674,1.0304638130973318,0.5885811327994791,1
-1.6802735809786062,1.14607607504416,-0.2997508108402946,-0.11724696792000405,0.5071328211348003,0.6163600636016845,-1.0634550964304128,1.2947464004721934,-0.9054480740167674,-0.9704367948586523,-0.763952859897786,1
-0.3411434108422393,-0.9418745080204404,1.5655581422903382,0.0938414807333258,-1.2905414127437946,0.4080716726351898,1.2274955437974613,-1.3898789608158022,-0.9054480740167674,-0.9704367948586523,2.0000927687732046,0
-0.843317224643377,-1.5682596829398205,-1.3408534823550664,0.034736715110393196,-0.8239694741798838,-0.49451135488628506,-1.08091661045654,-0.5008718739630559,-0.9054480740167674,-0.9704367948586523,-0.5794150513907547,0
0.4400158550706414,1.3548711333506203,1.4354203083509918,0.13605917046399177,-1.1944824842159303,0.6857895272571823,-1.1926703002237533,0.49375981726823426,-0.9054480740167674,1.0304638130973318,0.3370807691881828,1
0.04943622211420104,-0.5242843914075203,0.2641798028968735,0.7777680543701141,-2.0521514889290002,-0.14736403660879469,-1.0355166739886097,-1.6363363710324053,1.1044255642002523,-0.9704367948586523,0.45730191182188545,0
-1.289693948022166,1.0068793695065201,0.8714896946138238,1.318154482922639,0.41793524464464127,-0.14736403660879469,0.019158773189466533,0.6698008245658075,-0.9054480740167674,1.0304638130973318,0.11806268429500166,1
0.6074071263376873,-0.31548933310106025,-1.514370594274195,-0.18479527148907057,-0.2613386070881106,0.47750113629068763,-1.3253778068223192,0.09766755084869373,1.1044255642002523,1.0304638130973318,-1.2295255035720831,0
1.2211751209835222,-0.7330794497139803,1.218523918452081,-1.0038184522639901,0.41793524464464127,-0.3556524275752888,1.517356676631171,-0.747329284179659,1.1044255642002523,1.0304638130973318,1.4887892285278232,0
0.8863925784494304,0.5196909001247799,-0.42988864477964106,0.5413489918783848,0.04056088257089044,0.060924354357699405,1.6151411551774826,1.1099033428097413,1.1044255642002523,-0.9704367948586523,-0.6310590094920118,1
0.3842187646482928,0.65888760566242,-0.42988864477964106,-0.31144834068106847,0.25326279573973143,0.26921274532419415,1.643079577619286,-0.7385272338147801,1.1044255642002523,-0.9704367948586523,-0.6835812388621632,0
-0.17375213957519348,0.03250243074303985,-0.4732679227594232,1.2590497172997064,1.385385881960984,0.824648454568178,-1.6222235452664797,1.7348489187161271,1.1044255642002523,-0.9704367948586523,-0.4688267213041939,0
0.5516100359153386,-1.2202679190957204,0.22080052491709135,-0.6323027826341296,0.013115474420071806,0.7552189909126802,1.5452950990729744,1.1187053931746198,-0.9054480740167674,-0.9704367948586523,0.8749541018541469,1
1.2769722114058708,0.72848595843124,-1.514370594274195,-0.8940524589642582,0.6923893261528237,0.26921274532419415,1.7234025421394705,0.7314151771199585,-0.9054480740167674,1.0304638130973318,-1.514369573660742,1
-0.3411434108422393,1.5636661916570802,-1.2974742043752843,0.11917209457172515,-0.3025067193143376,-2.438536337240231,1.5313258878520724,-1.5395138170187397,-0.9054480740167674,-0.9704367948586523,-1.5549561807560752,0
0.16103040295889828,0.3108958418183199,-1.4709913162944128,-1.789067481254377,0.8570617750577335,-0.008505109297798425,0.5849118276359843,1.426777155945374,-0.9054480740167674,1.0304638130973318,-1.374594100931649,1
0.9979867592941277,-0.1762926275634202,0.7413518606744772,-0.4972061754959978,-1.26995735663068,0.4080716726351898,0.6896809117927467,1.021882839160955,1.1044255642002523,1.0304638130973318,0.6656122212866215,0
-0.39694050126458796,1.14607607504416,0.4810761927957843,-0.3621095683578672,-1.8874790400240906,0.6163600636016845,-1.3323624124327702,-0.9497764425718686,1.1044255642002523,1.0304638130973318,-0.22008498919282096,0
-0.4527375916869366,1.2852727805818,1.5655581422903382,0.19516393608692317,2.174441366297008,-0.9805176004747718,1.2938492970967441,-0.37764316885475474,1.1044255642002523,1.0304638130973318,0.46115356077237263,0
-1.0665055863327715,-0.8026778024828004,-1.0371985364965912,-1.0375926040485226,1.8931259327511216,-2.230247946273737,-1.548885186356746,-0.8177456870986884,1.1044255642002523,1.0304638130973318,-0.6125486566569466,0
1.555957663517614,-0.8026778024828004,-0.2997508108402946,-0.9193830728026581,-1.997260672627364,0.824648454568178,-0.6478710626085882,1.7084427676214917,1.1044255642002523,1.0304638130973318,0.09273098095370505,1
1.4443634826729166,-1.6378580357086405,-0.4732679227594232,1.1492837239999751,-0.028052637806155165,-1.2582354550967636,1.702448725308118,1.2507361486478001,1.1044255642002523,1.0304638130973318,0.4204132562320785,1
-1.4012881288668633,0.7980843112000601,-0.7335435906381161,-0.04125512640480603,0.15720386721186816,1.2412252365011673,-0.28467157086514483,1.5147976595941604,1.1044255642002523,-0.9704367948586523,-0.9574465308981029,1
1.388566392250568,-1.4290629774021806,-0.9504399805370269,0.8537598958853133,0.747280142454461,-0.6333702821972813,-1.3009316871857413,1.021882839160955,-0.9054480740167674,-0.9704367948586523,-0.2251339677811245,0
0.2168274933812469,0.86768266396888,0.8714896946138238,-0.573198017011197,1.7970670042232575,-1.0499470641302695,1.6256180635931585,-0.14878985936790898,-0.9054480740167674,1.0304638130973318,0.18641226845481837,1
0.7190013071823845,1.3548711333506203,1.3920410303712096,-0.083472816135472,-1.0847008516126577,0.33864220897969194,1.6780026056715398,-1.037796946220655,-0.9054480740167674,-0.9704367948586523,0.30779314299224214,0
-0.6759259533763311,1.07647772227534,0.7847311386542594,0.19516393608692317,-1.0298100353110207,0.6163600636016845,-1.105362730093118,-1.0289948958557764,-0.9054480740167674,-0.9704367948586523,0.02362690748268316,1
-1.736070671400955,1.4940678388882602,-0.5600264787189876,1.7487749181754313,0.006254122382367635,0.5469305999461866,1.2624185718497154,-1.2226400038831073,1.1044255642002523,-0.9704367948586523,-1.0517760351560685,0
-1.3454910384445147,-0.8026778024828004,-0.6034057566987697,-0.24390003711200198,-0.9886419230847936,0.5469305999461866,-0.39642526063235817,0.1680839537677232,-0.9054480740167674,-0.9704367948586523,-0.19767828159185744,1
0.7747983976047331,0.9372810167377,-1.2540949263955021,-0.19323880943520327,-2.0521514889290002,-0.772229209508277,-0.42785598587938684,1.4795894581346456,-0.9054480740167674,1.0304638130973318,-1.3761923299992254,1
-0.8991143150657256,-0.037095922025780166,0.2641798028968735,1.0901789583770425,-0.2270318468995878,-1.605382773374254,-0.8399477168959861,1.7348489187161271,1.1044255642002523,-0.9704367948586523,0.1799707828711273,1
-1.0107084959104229,-0.38508768586988024,-1.21071564841572,-0.4127707960346659,0.8913685352462563,-0.4250818912307866,-1.6012697284351272,-0.747329284179659,1.1044255642002523,1.0304638130973318,-0.9376410883682561,0
-1.12230267675512,-1.6378580357086405,0.6112140267351308,0.26271223965598967,-0.01432993373074585,-1.1888059914412659,-0.822486202869859,0.6962069756604438,-0.9054480740167674,1.0304638130973318,1.6289886471254988,1
1.0537838497164762,0.9372810167377,1.4354203083509918,0.9973000409695766,0.6512212139265967,0.4080716726351898,-1.5698390031880984,0.34412496106529683,-0.9054480740167674,-0.9704367948586523,0.5573942524375955,0
-0.5085346821092852,-1.3594646246333606,1.2619031964318632,-0.6069721687957297,0.5002714690970962,0.894077918223677,1.468464437358015,-0.03436320462448631,1.1044255642002523,-0.9704367948586523,2.0782859179790574,0
-0.9549114054880742,-0.5938827441763403,-0.4732679227594232,0.3218170052789211,-1.050394091424135,0.1997832816686957,0.5534811023889555,0.581780320917021,-0.9054480740167674,1.0304638130973318,-0.1802078365626251,1
-0.2295492299975421,-0.037095922025780166,1.5655581422903382,1.7403313802292988,0.07486764275941324,-0.008505109297798425,1.3392492335646742,-0.4480595717737838,1.1044255642002523,1.0304638130973318,1.2721914522235207,0
0.10523331253654966,0.1716991362806799,1.1317653624925168,0.9128646615082446,-1.564995494251977,-0.008505109297798425,0.7455577566763534,1.5676099617834327,1.1044255642002523,-0.9704367948586523,0.7747358197768299,0
-1.6802735809786062,-1.6378580357086405,0.43769691481600215,0.26271223965598967,-0.5220699845208837,1.0329368455346728,-1.3009316871857413,0.7226131267550796,-0.9054480740167674,-0.9704367948586523,1.435616584582552,1
-0.006360868308147588,0.65888760566242,0.3509383588564378,-0.25234357505813587,0.06114493868400392,-1.8831006279962466,1.527833585046847,0.8986541340526528,-0.9054480740167674,1.0304638130973318,-0.09754497376327863,1
-0.5085346821092852,0.7980843112000601,0.5678347487553487,-0.6407463205802624,0.006254122382367635,-0.008505109297798425,1.384649170032605,-0.9057661907474751,1.1044255642002523,-0.9704367948586523,-0.001611376969525679,1
-0.5643317725316338,-1.4290629774021806,0.654593304714913,-1.0291490661023894,-1.3248481729323174,1.8660904094006492,-0.5431019784518256,-1.1698277016938354,1.1044255642002523,1.0304638130973318,1.49454712017157,0
1.0537838497164762,-1.7074563884774605,0.9148689725936059,1.5039123177375682,-1.1121462597634755,-1.327664918752262,-1.367285440485024,-0.3688411184898759,1.1044255642002523,1.0304638130973318,2.034648857085039,0
-0.39694050126458796,1.0068793695065201,0.7847311386542594,1.309710944976505,0.30815361204136865,0.5469305999461866,0.700157820208423,0.9426643858770468,1.1044255642002523,1.0304638130973318,0.056347217230225455,1
1.4443634826729166,-0.9418745080204404,0.3509383588564378,-0.6914075482570616,0.8570617750577335,0.7552189909126802,0.7839730875338331,1.5500058610536749,1.1044255642002523,1.0304638130973318,0.8094159126992805,1
1.6675518443623112,0.72848595843124,-0.34313008882007673,0.3218170052789211,-0.20644779078647335,-2.0219595553072427,1.3741722616169287,-0.25441446374645316,-0.9054480740167674,-0.9704367948586523,-0.6447927822281125,0
1.6117547539399626,1.3548711333506203,0.3075590808766557,0.08539794278719189,-0.2613386070881106,-1.8136711643407482,-1.5733313059933238,0.9690705369716823,1.1044255642002523,1.0304638130973318,-0.42439751190628305,0
-0.5643317725316338,-0.1762926275634202,-0.5600264787189876,1.1746143378383744,0.9668434076610061,1.3106547001566653,-1.2625163563282618,-0.10477960754351577,-0.9054480740167674,1.0304638130973318,-0.45215660596165674,1
1.4443634826729166,1.4940678388882602,-1.4709913162944128,0.3640346950095871,-0.7896627139913609,-1.0499470641302695,0.3299737228545289,-0.7209231330850228,-0.9054480740167674,-0.9704367948586523,-1.6543283854715396,0
1.4443634826729166,0.38049419458713996,0.5678347487553487,-0.04969866435093875,1.783344300147849,-0.9805176004747718,0.40331208176426264,0.8458418318633811,1.1044255642002523,-0.9704367948586523,0.20569864752698344,0
-0.5643317725316338,-1.0114728607892605,1.5655581422903382,-0.573198017011197,-1.3797389892339538,-0.5639408185417829,-1.6396850592926069,1.048288990255591,1.1044255642002523,1.0304638130973318,2.0635451477145654,0
0.942189668871779,-1.0810712135580804,0.654593304714913,0.3218170052789211,1.0834863923019828,-1.0499470641302695,-0.3719791409957801,-1.0465989965855338,-0.9054480740167674,-0.9704367948586523,1.212583966067692,0
1.109580940138825,-1.5682596829398205,-0.2563715328605124,-0.3789966442501338,0.5620236374364366,0.5469305999461866,0.28108148358137286,-0.685714931625508,-0.9054480740167674,-0.9704367948586523,0.6133103419506959,0
0.5516100359153386,-0.8026778024828004,0.4810761927957843,0.19516393608692317,2.490063560031418,-0.008505109297798425,0.8188961155860872,-0.016759103894728948,1.1044255642002523,1.0304638130973318,0.839497656070865,0
-1.4570852192892119,-0.6634810969451603,-0.039475142961601616,-0.10035989202773864,-1.1464530199519982,-2.0219595553072427,-0.654855668219039,-1.099411298774806,1.1044255642002523,-0.9704367948586523,0.25968182962728115,0
-0.9549114054880742,-1.0810712135580804,-0.5166472007392053,-0.40432725808853315,-2.0521514889290002,1.1717957728456683,-0.0681487969411689,1.5147976595941604,1.1044255642002523,-0.9704367948586523,0.03536527666530463,1
1.2211751209835222,0.2412974890494999,-1.0371985364965912,-1.0122619902101233,1.2893269534331195,-1.1888059914412659,1.0843111287832192,0.32652086033553945,-0.9054480740167674,-0.9704367948586523,-1.0077060109651717,1
0.6074071263376873,-1.0810712135580804,0.958248250573388,0.4991313021477189,-1.5101046779503398,-0.772229209508277,1.573233521514777,-1.33706665862653,1.1044255642002523,-0.9704367948586523,1.517788811468311,0
1.555957663517614,-0.9418745080204404,-0.7769228686178984,0.01784963921812657,0.6374985098511864,0.824648454568178,-0.955193709468425,-1.1082133491396846,-0.9054480740167674,-0.9704367948586523,-0.2962125965122205,0
0.27262458380359555,0.3108958418183199,0.3075590808766557,1.7825490699599646,1.220713433056074,-0.008505109297798425,-0.8748707449482404,1.6028181632429475,1.1044255642002523,1.0304638130973318,0.03588101157819272,0
0.04943622211420104,1.07647772227534,1.3052824744116454,-1.0713667558330553,0.39735118853152773,1.1717957728456683,1.5243412822416218,0.8370397814985027,1.1044255642002523,-0.9704367948586523,0.39003214831717686,1
-1.3454910384445147,-1.7074563884774605,-1.4276120383146307,0.6088972954474502,0.24640144370202724,0.894077918223677,-0.3754714438010056,0.8282377311336238,1.1044255642002523,1.0304638130973318,-0.6107969817400053,1
1.1653780305611736,-1.4290629774021806,-0.039475142961601616,-0.10880342997387134,0.41793524464464127,-0.49451135488628506,0.7490500594815788,-1.504305615559225,-0.9054480740167674,1.0304638130973318,0.7509012443001344,0
1.555957663517614,-0.38508768586988024,1.0016275285531702,2.103403511913026,0.8707844791331418,1.0329368455346728,0.37886596212768464,1.3915689544858592,1.1044255642002523,-0.9704367948586523,1.0306276723555354,0
0.6632042167600359,-1.2202679190957204,1.0016275285531702,0.532905453932251,0.6100531017003697,0.1997832816686957,-0.7596247523758016,-0.20160216155718108,-0.9054480740167674,-0.9704367948586523,1.6798891414576937,0
0.6632042167600359,1.21567442781298,-2.078301208011363,0.30492992938665564,-1.2425119484798626,-0.6333702821972813,0.5255426799471521,0.5641762201872637,1.1044255642002523,-0.9704367948586523,-2.0137501650361647,0
-1.5128823097115605,-0.9418745080204404,0.3075590808766557,-0.10880342997387134,1.8862645807134175,0.26921274532419415,0.5325272855576029,1.6204222639727044,1.1044255642002523,-0.9704367948586523,0.7668917392680691,0
0.3842187646482928,-1.7074563884774605,-1.1239570924561557,-0.7336252379877276,0.06114493868400392,-1.39709438240776,0.3090199060231762,-1.4074830615455596,-0.9054480740167674,-0.9704367948586523,-0.26786881744786994,0
-1.568679400133909,-0.38508768586988024,-1.5577498722539773,0.288042853494389,0.5414395813233231,0.894077918223677,-1.4091930741477292,-0.06076935571912217,1.1044255642002523,-0.9704367948586523,-1.246389129266106,0
-1.4570852192892119,0.1716991362806799,-1.4276120383146307,-1.4259953495706497,0.7404187904167547,0.7552189909126802,1.7164179365290193,-1.5835240688431331,1.1044255642002523,-0.9704367948586523,-1.3011005258172097,0
0.7190013071823845,1.21567442781298,-1.3408534823550664,-1.3753341218938504,1.1932680249052574,0.13035381801319784,-0.36150223258010394,0.0008449968350284161,-0.9054480740167674,-0.9704367948586523,-1.5054337942766864,1
-0.006360868308147588,0.7980843112000601,0.22080052491709135,0.9973000409695766,1.090347744339689,-2.0219595553072427,0.4696658350635454,-0.8705579892879606,1.1044255642002523,-0.9704367948586523,-0.2565007513504798,0
1.109580940138825,1.4940678388882602,-0.2563715328605124,-1.8059545571466435,0.14348116313645884,1.1717957728456683,1.3357569307594488,1.4443812566751308,-0.9054480740167674,-0.9704367948586523,-0.8509252517175778,1
-0.11795504915284484,0.7980843112000601,1.5655581422903382,-0.34522249246560055,0.07486764275941324,0.47750113629068763,-0.28117926805991916,-0.36003906812499736,-0.9054480740167674,-0.9704367948586523,0.7311955743757165,0
0.8305954880270818,-0.9418745080204404,0.4810761927957843,-1.088253831725322,0.42479659668234543,-0.008505109297798425,0.9446190165742023,0.4761557165384769,-0.9054480740167674,-0.9704367948586523,0.9369884329929155,0
0.16103040295889828,0.7980843112000601,-1.21071564841572,-0.4296578719269325,1.1383772086036201,-0.21679350026429253,1.6360949720088351,1.268340249377558,1.1044255642002523,1.0304638130973318,-1.3079194206719145,1
1.2769722114058708,1.6332645444259002,-0.4732679227594232,0.16138978430239112,-1.1395916679142941,-0.5639408185417829,-0.5046866475943461,1.6996407172566124,-0.9054480740167674,-0.9704367948586523,-1.0359145407798422,1
0.4400158550706414,1.6332645444259002,1.3486617523914275,0.9719694271311773,0.6718052700397091,-0.3556524275752888,-0.3440407185539769,0.018449097564785782,1.1044255642002523,1.0304638130973318,0.1449675676641502,0
1.109580940138825,1.2852727805818,0.09066269097774486,1.2083884896229065,-0.9063056986323387,0.824648454568178,1.4056029868639575,-0.15759190973278786,1.1044255642002523,1.0304638130973318,-0.5449714193171542,1
-0.8991143150657256,0.1716991362806799,-0.9938192585168091,-0.9531572245871908,1.9137099888642362,-0.5639408185417829,-1.199654905834204,-1.4955035651943462,-0.9054480740167674,-0.9704367948586523,-0.9492638570724574,0
-1.0665055863327715,1.4940678388882602,1.2619031964318632,-0.4972061754959978,0.38362848445611847,-0.28622296391979096,-1.6571465733187338,-1.715554824316313,1.1044255642002523,1.0304638130973318,0.15332866547487412,0
0.9979867592941277,-0.7330794497139803,0.39431763683621995,4.079191391308193,-0.4191497039553153,-0.14736403660879469,1.4160798952796336,0.38813521288969005,-0.9054480740167674,-0.9704367948586523,0.7101190585881199,1
1.555957663517614,-1.3594646246333606,0.7413518606744772,-0.2776741888965352,0.44538065279545985,-0.14736403660879469,1.1122495512250226,-1.530711766653861,-0.9054480740167674,-0.9704367948586523,1.5277248693161973,0
0.5516100359153386,1.2852727805818,1.0883860845127344,-0.9193830728026581,0.013115474420071806,-0.6333702821972813,1.6395872748140605,-0.42165342067914796,-0.9054480740167674,1.0304638130973318,0.13564253780223165,1
-0.11795504915284484,-0.38508768586988024,0.8714896946138238,-0.7505123138799942,-0.1584183265225422,-0.21679350026429253,-1.5558697919671967,-1.7507630257758278,1.1044255642002523,-0.9704367948586523,0.9148471570188413,0
-0.7317230437986797,1.7028628971947202,1.0016275285531702,-0.2692306509504025,-1.8531722798355679,0.33864220897969194,-1.2136241170551059,0.40573931361944743,-0.9054480740167674,1.0304638130973318,-0.1098400790279519,1
-0.843317224643377,-0.8026778024828004,-1.21071564841572,-0.42121433398079977,-1.050394091424135,-0.9805176004747718,-1.3917315601216023,-0.2632165141113317,1.1044255642002523,1.0304638130973318,-0.778496806682982,0
1.3327693018282194,-1.6378580357086405,-0.9070607025572448,-0.2607871130042686,-0.13783427040942775,-0.14736403660879469,0.6268194612986893,-1.310660507531894,-0.9054480740167674,-0.9704367948586523,-0.06301690012528942,0
-0.7317230437986797,-1.1506695663269004,-0.8636814245774627,-0.04969866435093875,-1.729667943156886,2.004949336711646,0.357912145296332,-0.7121210827201443,-0.9054480740167674,1.0304638130973318,-0.2785600564838739,1
-0.2295492299975421,0.7980843112000601,0.6979725826946951,-0.04969866435093875,-0.5975448569356334,-0.07793457295329626,-0.5046866475943461,0.24730240705163115,1.1044255642002523,1.0304638130973318,0.093972138423332,0
1.4443634826729166,-0.38508768586988024,-0.5600264787189876,-0.9953749143178567,-0.5083472804454744,-0.008505109297798425,-1.559362094772422,0.5553741698223849,1.1044255642002523,-0.9704367948586523,-0.35873851168478826,0
1.2769722114058708,0.03250243074303985,-1.4276120383146307,0.3471476191173216,-0.7965240660290661,-1.1193765277857675,0.4766504406739964,-0.13118575863815163,1.1044255642002523,1.0304638130973318,-1.2606608499320984,1
-0.3411434108422393,0.2412974890494999,-1.514370594274195,0.10228501867945851,0.8021709587560962,-0.008505109297798425,0.2321892443082171,1.0746951413502266,1.1044255642002523,-0.9704367948586523,-1.390390018496253,1
0.27262458380359555,-1.7074563884774605,-0.42988864477964106,0.48224422625545227,-0.8994443465946345,1.6578020184341555,-1.363793137679799,-1.3634728097211661,-0.9054480740167674,-0.9704367948586523,0.5159669866484394,0
-0.3411434108422393,0.65888760566242,0.8714896946138238,-1.7637368674159775,0.09545169887252672,1.0329368455346728,1.4160798952796336,-1.4602953637348315,-0.9054480740167674,-0.9704367948586523,0.2931458696359779,0
1.1653780305611736,-1.3594646246333606,-0.9504399805370269,0.13605917046399177,-0.35739753561597387,-1.327664918752262,-1.0634550964304128,-1.6011281695728905,1.1044255642002523,-0.9704367948586523,-0.2615985388380988,0
1.6675518443623112,0.7980843112000601,0.17742124693730918,-2.0339300816922394,-0.11725021429631426,0.1997832816686957,0.8398499324174399,0.12407370194332998,-0.9054480740167674,1.0304638130973318,-0.2883619231480987,1
-0.5085346821092852,-1.4290629774021806,1.175144640472299,-0.201682347381336,1.6598399634691663,1.2412252365011673,1.3322646279542234,0.7226131267550796,1.1044255642002523,-0.9704367948586523,2.052281527075147,0
-1.289693948022166,0.5196909001247799,-0.21299225488073026,0.6426714472319834,0.19151062740039096,-0.07793457295329626,0.2636199695552458,-1.3018584571670153,-0.9054480740167674,1.0304638130973318,-0.46467374510509696,0
-1.12230267675512,1.6332645444259002,-1.3408534823550664,1.0310741927541098,0.39048983649382263,-0.49451135488628506,-0.8958245617795928,0.49375981726823426,1.1044255642002523,1.0304638130973318,-1.5982393543246007,0
1.1653780305611736,-0.8026778024828004,-1.1239570924561557,0.31337346733278837,-0.7828013619536568,2.3520966549891362,-0.679301787855617,-0.07837345644887952,1.1044255642002523,-0.9704367948586523,-0.6955227316699645,0
-1.736070671400955,-0.9418745080204404,-1.3408534823550664,0.6595585231242489,0.6512212139265967,-2.0219595553072427,1.3357569307594488,1.7172448179863702,-0.9054480740167674,-0.9704367948586523,-0.8490268511179707,1
1.4443634826729166,1.14607607504416,1.1317653624925168,-0.3283354165733339,0.6100531017003697,2.699243973266627,-0.7177171187130965,0.7666233785794732,-0.9054480740167674,-0.9704367948586523,0.23313823639465026,0
1.4443634826729166,-0.38508768586988024,0.17742124693730918,-0.5394238652266644,0.5071328211348003,0.060924354357699405,0.8468345380278905,0.5553741698223849,1.1044255642002523,1.0304638130973318,0.29735107522314236,0
-1.736070671400955,1.7028628971947202,0.003904135018180542,2.702894706088482,-1.2356505964421574,1.3106547001566653,1.6989564225028926,0.24730240705163115,-0.9054480740167674,-0.9704367948586523,-0.7500307128185129,1
0.8305954880270818,-0.10669427479460018,0.8714896946138238,0.8115422061546473,-0.5975448569356334,-1.2582354550967636,1.7338794505551467,1.752453019445885,-0.9054480740167674,1.0304638130973318,0.7331511683679063,1
0.10523331253654966,1.21567442781298,0.22080052491709135,-1.21490690091732,1.481444810488848,-0.772229209508277,0.10297404051487663,1.690838666891734,1.1044255642002523,-0.9704367948586523,-0.4289991267860271,1
-0.006360868308147588,0.5892892528936,-1.2974742043752843,-1.7806239433082436,-0.7004651375012019,-1.1193765277857675,1.1297110652511493,0.13287575230820844,1.1044255642002523,-0.9704367948586523,-1.3158226352833635,0
1.6675518443623112,-0.037095922025780166,-0.08285442094138377,-0.4972061754959978,1.6186718512429392,-0.14736403660879469,1.6989564225028926,-0.15759190973278786,-0.9054480740167674,1.0304638130973318,-0.11128806228951073,1
1.2211751209835222,1.7028628971947202,1.522178864310556,1.1830578757845072,-0.5563767447094065,0.33864220897969194,-0.4488098027107394,-0.13118575863815163,-0.9054480740167674,1.0304638130973318,0.22417242555842803,1
0.8863925784494304,0.2412974890494999,-0.12623369892116593,0.026293177164259284,0.15720386721186816,-0.008505109297798425,-0.8783630477534657,-0.25441446374645316,-0.9054480740167674,-0.9704367948586523,-0.2771274511331067,1
-0.39694050126458796,0.9372810167377,-0.4732679227594232,-2.135252537045838,-0.18586373467335984,-1.8136711643407482,-1.3603008348745735,0.1152716515784511,-0.9054480740167674,-0.9704367948586523,-0.8148284834853095,0
0.4400158550706414,0.38049419458713996,0.134041968957527,-0.201682347381336,-0.8651375864061117,0.13035381801319784,-1.2660086591334871,-0.8001415863689311,1.1044255642002523,-0.9704367948586523,-0.13450786466759507,0
0.7190013071823845,1.4940678388882602,0.17742124693730918,-0.024368050512539402,-0.8514148823307024,0.894077918223677,1.2240032409922355,1.5059956092292817,1.1044255642002523,1.0304638130973318,-0.5639955610911631,1
1.1653780305611736,1.21567442781298,0.134041968957527,-2.135252537045838,-0.7210491936143153,1.1023663091901705,0.29854299760749986,-0.03436320462448631,1.1044255642002523,-0.9704367948586523,-0.4888010527577303,0
-1.736070671400955,1.7028628971947202,1.175144640472299,0.0009625633258599405,0.15720386721186816,-0.49451135488628506,1.2938492970967441,1.206725896823407,-0.9054480740167674,-0.9704367948586523,0.0014974225008412784,1
-0.8991143150657256,-0.1762926275634202,0.6979725826946951,-1.0544796799407894,0.9256752954347791,-0.4250818912307866,0.9970035586525834,-0.08717550681375841,-0.9054480740167674,1.0304638130973318,0.6283532603783453,1
1.6117547539399626,1.2852727805818,1.4354203083509918,-1.881946398661842,0.08859034683482254,-0.07793457295329626,0.5953887360516605,0.7666233785794732,-0.9054480740167674,-0.9704367948586523,0.3723778272350617,1
0.3842187646482928,0.86768266396888,0.39431763683621995,1.605234773091167,-0.028052637806155165,0.1997832816686957,0.3683890537120083,-0.5712882768820854,-0.9054480740167674,1.0304638130973318,-0.16032227055444076,0
-1.5128823097115605,-0.38508768586988024,-0.7335435906381161,-1.0966973696714553,1.2550201932445968,1.380084163812163,-1.5907928200194508,0.4409475150789621,-0.9054480740167674,1.0304638130973318,-0.513112532133713,1
-0.5643317725316338,-0.1762926275634202,-0.5166472007392053,-0.6998510862031949,0.047422234608594606,-1.2582354550967636,1.2868646914862933,-0.00795705352985007,-0.9054480740167674,-0.9704367948586523,-0.414897645053381,1
-0.17375213957519348,1.3548711333506203,1.218523918452081,-0.7167381620954616,-0.5495153926717014,-0.8416586731637754,-0.2986407820860465,-0.4656636725035412,1.1044255642002523,-0.9704367948586523,0.19064263820847785,0
1.2769722114058708,-0.6634810969451603,-1.1239570924561557,-0.024368050512539402,-1.0229486832733163,-1.39709438240776,0.19726621625596275,1.347558702661466,-0.9054480740167674,1.0304638130973318,-0.7525028347532838,0
-1.6244764905562576,1.7028628971947202,0.2641798028968735,1.765661994067698,1.3167723615839382,0.4080716726351898,-1.6815926929553118,-1.3634728097211661,-0.9054480740167674,1.0304638130973318,-0.5830244605253231,0
-1.12230267675512,1.14607607504416,-1.2540949263955021,-1.2402375147557192,-0.3299521274651562,1.1717957728456683,1.5103720710207198,-0.0431652549893648,-0.9054480740167674,-0.9704367948586523,-1.4286802574260766,1
-0.3411434108422393,-1.2202679190957204,-1.2974742043752843,-0.3367789545194678,-0.5906835048979293,-1.4665238460632577,1.3951260784482808,-1.0730051476801699,1.1044255642002523,1.0304638130973318,-0.6901973640416393,0
-0.8991143150657256,1.7028628971947202,0.654593304714913,0.10228501867945851,-0.6798810813880883,0.060924354357699405,0.1378970685671307,1.268340249377558,1.1044255642002523,1.0304638130973318,-0.33251508208553826,1
1.0537838497164762,-0.31548933310106025,-2.078301208011363,-0.9024959969103915,1.2550201932445968,1.0329368455346728,0.2566353639447948,-0.8705579892879606,-0.9054480740167674,-0.9704367948586523,-1.725355894355324,0
0.27262458380359555,-1.7074563884774605,-0.21299225488073026,-0.35366603041173444,-0.5838221528602241,0.824648454568178,0.7036501230136484,0.467353666173598,-0.9054480740167674,1.0304638130973318,0.7609156754285361,1
-0.5643317725316338,-1.2202679190957204,-1.6445084282135416,0.575123143662917,1.0285955760003476,0.824648454568178,-0.8329631112855354,-1.1786297520587141,-0.9054480740167674,1.0304638130973318,-1.0479462705321048,1
1.388566392250568,0.2412974890494999,-0.2997508108402946,-0.7927300036106601,-0.23389319893729196,-1.2582354550967636,-0.9831321319102282,-0.33363291703036113,-0.9054480740167674,1.0304638130973318,-0.4162852720535002,0
-0.17375213957519348,0.45009254735595994,1.3920410303712096,-0.3705531063039999,-1.2356505964421574,0.824648454568178,0.5953887360516605,1.409173055215616,-0.9054480740167674,1.0304638130973318,0.8089797806437,1
-1.0107084959104229,0.86768266396888,1.218523918452081,-0.46343202371146575,-0.3368134795028604,-0.21679350026429253,-1.3952238629268274,-1.1786297520587141,-0.9054480740167674,1.0304638130973318,0.43858284227973426,0
-0.2295492299975421,-1.4290629774021806,-0.8203021465976805,-0.12569050586613797,-0.028052637806155165,1.1023663091901705,-0.17291788109793138,0.5729782705521422,-0.9054480740167674,1.0304638130973318,-0.08570036605523054,1
-1.5128823097115605,1.4940678388882602,-0.1696129769009481,0.22049454992532372,-0.11038886225861008,0.47750113629068763,-0.0367180716941402,-1.037796946220655,-0.9054480740167674,-0.9704367948586523,-0.7935393135922948,0
0.8305954880270818,-0.24589098033224022,-2.078301208011363,0.5666796057167842,-0.13783427040942775,-0.8416586731637754,-0.42785598587938684,-0.2984247155708464,-0.9054480740167674,-0.9704367948586523,-1.7409234344373428,0
0.942189668871779,1.4940678388882602,-0.9070607025572448,1.9429762909364947,-0.32309077542745107,0.26921274532419415,-1.1123473357035687,0.14167780267308733,1.1044255642002523,-0.9704367948586523,-1.2813197876572002,0
-0.11795504915284484,0.5892892528936,0.2641798028968735,-2.135252537045838,-0.8033854180667702,0.824648454568178,-0.5186558588152478,0.2737085581462674,-0.9054480740167674,-0.9704367948586523,-0.13090557050461069,0
0.7747983976047331,-1.7074563884774605,0.6112140267351308,-0.19323880943520327,0.01997682645777695,-0.5639408185417829,-0.5780250065040798,0.3617290617950542,1.1044255642002523,1.0304638130973318,1.6917206927929043,0
1.6675518443623112,0.03250243074303985,1.2619031964318632,-1.409108273678383,0.5620236374364366,0.13035381801319784,-0.01576425486278752,0.49375981726823426,-0.9054480740167674,-0.9704367948586523,0.9708716943829048,0
1.109580940138825,1.21567442781298,1.1317653624925168,-0.4127707960346659,-1.4963819738749313,-1.39709438240776,0.5988810388568859,-0.8001415863689311,1.1044255642002523,1.0304638130973318,0.1989210959168574,0
-1.5128823097115605,-1.0810712135580804,-1.6445084282135416,0.8706469717775787,1.3442177697347568,0.5469305999461866,1.6221257607879331,-0.34243496739524,-0.9054480740167674,-0.9704367948586523,-1.098252720536994,1
-1.12230267675512,0.3108958418183199,0.8281104166340416,1.191501413730641,-2.0521514889290002,-0.07793457295329626,-1.2555317507178108,-1.6275343206675266,1.1044255642002523,1.0304638130973318,0.4487029957274149,0
-0.8991143150657256,1.7028628971947202,-0.5600264787189876,1.233719103461307,0.08172899479711741,0.9635073818791748,1.2903569942915187,0.9514664362419254,-0.9054480740167674,-0.9704367948586523,-1.111877592787091,1
-0.3411434108422393,-0.5242843914075203,-0.8203021465976805,1.225275565515173,0.48654876502168687,0.5469305999461866,-0.7666093579862524,1.189121796093649,-0.9054480740167674,1.0304638130973318,-0.5307839818193668,1
-0.3411434108422393,-0.5938827441763403,-1.2540949263955021,-0.201682347381336,-0.618128913048747,-0.4250818912307866,0.30552760321795086,-1.0554010469504125,-0.9054480740167674,-0.9704367948586523,-0.900226844807212,1
0.8863925784494304,0.03250243074303985,0.8714896946138238,1.394146324437837,-2.0521514889290002,-0.9110881368192733,0.15186627978803235,-1.0465989965855338,-0.9054480740167674,-0.9704367948586523,0.6469395508533075,0
-0.6201288629539825,-1.2202679190957204,1.5655581422903382,1.5967912351450342,-0.09666615818320076,-1.1193765277857675,0.18678930784028672,-1.6099302199377692,-0.9054480740167674,-0.9704367948586523,2.2612311145047004,0
0.3842187646482928,1.4940678388882602,0.09066269097774486,0.11917209457172515,0.17778792332498164,-0.5639408185417829,0.766511573507706,1.6556304654322191,1.1044255642002523,-0.9704367948586523,-0.621381499216446,1
0.2168274933812469,1.0068793695065201,-1.4709913162944128,1.1661707998922406,-1.1738984281028169,0.894077918223677,-0.4243636830741615,1.0834971917151057,-0.9054480740167674,-0.9704367948586523,-1.5482549264539556,0
0.04943622211420104,1.6332645444259002,1.1317653624925168,0.01784963921812657,-0.8514148823307024,-1.8136711643407482,-0.6443787598033628,-0.4920698235981774,1.1044255642002523,1.0304638130973318,0.004386364277960283,0
1.6675518443623112,-0.9418745080204404,-0.9504399805370269,1.402589862383971,0.9942888158118247,-1.1193765277857675,1.22051093818701,-0.06076935571912217,-0.9054480740167674,-0.9704367948586523,-0.46630929023706674,0
-0.11795504915284484,0.10210078351185986,-0.7335435906381161,-0.18479527148907057,0.12975845906104952,0.894077918223677,-0.9901167375206791,-0.7297251834499017,-0.9054480740167674,1.0304638130973318,-0.7116991404704426,1
0.27262458380359555,-1.2202679190957204,0.09066269097774486,-0.6407463205802624,-1.5444114381388625,1.380084163812163,-1.1298088497296959,0.34412496106529683,-0.9054480740167674,-0.9704367948586523,0.7407982619202222,0
-0.5085346821092852,-0.037095922025780166,1.2619031964318632,-1.1558021352943872,0.46596470890857333,-1.0499470641302695,-1.7025465097866643,0.7666233785794732,-0.9054480740167674,-0.9704367948586523,1.0173399627079618,0
1.4443634826729166,1.4244694861194402,1.3052824744116454,-0.201682347381336,-0.9543351628962707,-1.1193765277857675,-1.021547462767708,-0.18399806082742373,-0.9054480740167674,-0.9704367948586523,0.21536131769582395,0
-1.2338968575998173,-1.4986613301710006,-1.21071564841572,0.06006732894879254,-0.7896627139913609,1.449513627467661,0.05408180124172089,1.3123505012019512,-0.9054480740167674,1.0304638130973318,-0.47047651027428256,0
1.2211751209835222,0.5196909001247799,0.7413518606744772,-0.9869313763717235,0.21209468351350444,-0.14736403660879469,0.12392785734622899,0.062459349389179,1.1044255642002523,-0.9704367948586523,0.26742141819732956,0
-1.5128823097115605,-1.7074563884774605,0.5244554707755664,-0.2776741888965352,0.11603575498564021,-0.9110881368192733,-0.8713784421430149,-1.2490461549777434,1.1044255642002523,-0.9704367948586523,1.5937412172808652,0
0.2168274933812469,-0.4546860386387003,-0.7769228686178984,-0.5563109411189304,-0.405426999879906,1.1023663091901705,-1.506977552694041,0.43214546471408366,-0.9054480740167674,1.0304638130973318,-0.5217531344156073,1
0.10523331253654966,0.38049419458713996,-0.5600264787189876,-1.1135844455637214,-0.5152086324831785,0.5469305999461866,0.8433422352226652,-0.13118575863815163,1.1044255642002523,1.0304638130973318,-0.6788382841789211,1
1.109580940138825,-0.6634810969451603,-0.8636814245774627,1.022630654807977,-0.25447725505040547,0.7552189909126802,0.8887421716905956,1.532401760323918,-0.9054480740167674,1.0304638130973318,-0.5095785153019486,1
-0.06215795873049621,-0.8026778024828004,0.9148689725936059,1.1999449516767737,-0.7965240660290661,-0.9110881368192733,1.726894844944696,-0.37764316885475474,1.1044255642002523,1.0304638130973318,1.2543680311359542,0
-1.2338968575998173,1.5636661916570802,1.3920410303712096,1.022630654807977,1.1246545045282117,0.4080716726351898,1.384649170032605,-0.34243496739524,-0.9054480740167674,-0.9704367948586523,0.20599319103003036,1
1.4443634826729166,-1.4290629774021806,0.3509383588564378,-0.10880342997387134,-1.6061636064782039,1.3106547001566653,1.4754490429684657,0.528968018727749,-0.9054480740167674,1.0304638130973318,1.1692020494778166,1
-0.7317230437986797,1.07647772227534,1.3920410303712096,-0.04969866435093875,-0.24075455097499615,0.6857895272571823,1.0284342838996123,0.09766755084869373,-0.9054480740167674,1.0304638130973318,0.45109968845625914,1
1.4443634826729166,0.03250243074303985,3.300729261481625,-1.105140907617588,-1.4963819738749313,0.9635073818791748,0.3928351733485863,-0.43925752140890534,-0.9054480740167674,-0.9704367948586523,2.662517332815246,0
-0.006360868308147588,0.1716991362806799,0.0472834129979627,0.3978088467941203,0.9668434076610061,1.449513627467661,-1.307916292796192,1.7260468683512487,1.1044255642002523,1.0304638130973318,-0.10485585208505117,0
-1.736070671400955,-1.6378580357086405,-1.4709913162944128,0.14450270841012447,-0.24075455097499615,0.4080716726351898,0.4137889901799387,-0.6945169819903869,1.1044255642002523,1.0304638130973318,-0.6914761033898683,0
1.3327693018282194,1.7028628971947202,-0.7769228686178984,2.854878389118879,-1.0847008516126577,-0.5639408185417829,-1.5628543975776474,-0.7825374856391737,1.1044255642002523,1.0304638130973318,-1.251049469698082,0
-1.5128823097115605,-1.3594646246333606,-1.514370594274195,1.073291882484776,0.7129733822659381,0.894077918223677,1.3322646279542234,1.285944350107315,-0.9054480740167674,-0.9704367948586523,-0.8580396748895307,1
0.7190013071823845,-1.1506695663269004,-0.690164312658334,0.29648639144052175,-2.0521514889290002,-1.1888059914412659,-0.0751334025516196,-1.7507630257758278,-0.9054480740167674,1.0304638130973318,-0.10194267152786743,0
-1.568679400133909,0.5196909001247799,-1.0371985364965912,-0.06658574024320538,0.29443090796595933,-0.21679350026429253,0.675711700571845,-1.0465989965855338,1.1044255642002523,1.0304638130973318,-1.096937749775374,0
-0.8991143150657256,1.07647772227534,-1.3408534823550664,0.9888565030234439,1.1932680249052574,0.6163600636016845,-1.5768236087985494,0.3177188099706606,1.1044255642002523,1.0304638130973318,-1.472527825924833,0
-0.4527375916869366,-0.037095922025780166,0.09066269097774486,-0.9531572245871908,0.19151062740039096,-2.438536337240231,0.10646634332010198,-1.1874318024235928,-0.9054480740167674,-0.9704367948586523,0.03434136029080829,1
-0.8991143150657256,1.5636661916570802,-0.8636814245774627,1.1323966481077083,-0.5152086324831785,0.26921274532419415,-0.7072402102974203,1.7084427676214917,-0.9054480740167674,-0.9704367948586523,-1.27093208853251,1
1.2769722114058708,-0.8722761552516204,0.3075590808766557,-1.1220279835098546,-1.26995735663068,0.26921274532419415,-0.7631170551810269,-0.12238370827327313,1.1044255642002523,1.0304638130973318,0.7197884881765689,0
-1.6802735809786062,-1.1506695663269004,-0.4732679227594232,-0.5900850929034637,1.1177931524905056,-1.1888059914412659,-0.39642526063235817,0.34412496106529683,-0.9054480740167674,-0.9704367948586523,0.11882905966714014,0
0.942189668871779,-0.8722761552516204,1.2619031964318632,-1.8903899366079755,0.9599820556233019,0.33864220897969194,-1.7549310518650456,-1.1962338527884715,-0.9054480740167674,1.0304638130973318,1.6438061756186346,0
-0.2295492299975421,0.38049419458713996,-1.0371985364965912,0.6004537575013175,-0.6592970252749749,0.1997832816686957,-0.127517944630001,-0.7385272338147801,-0.9054480740167674,-0.9704367948586523,-1.0530654475929575,0
-0.006360868308147588,1.07647772227534,-0.08285442094138377,0.22893808787145642,-0.6318516171241563,0.060924354357699405,-0.05767188852549257,0.40573931361944743,-0.9054480740167674,-0.9704367948586523,-0.5870484939081397,1
-0.2853463204198907,-1.0114728607892605,-1.6445084282135416,-0.5900850929034637,1.2275747850937802,1.2412252365011673,1.2554339662392646,0.17688600413260205,-0.9054480740167674,1.0304638130973318,-1.1227014680577858,0
-0.6759259533763311,-1.4986613301710006,1.218523918452081,-0.961600762533324,0.5551622853987325,0.894077918223677,-0.1903793951240584,1.004278738431197,-0.9054480740167674,1.0304638130973318,2.1664182555245284,1
-0.4527375916869366,0.5892892528936,-0.6467850346785519,1.3688157105994376,-1.8325882237224542,-0.008505109297798425,-0.48722513356821895,-0.8089436367338096,-0.9054480740167674,1.0304638130973318,-0.8221071916255499,1
-1.12230267675512,0.86768266396888,-0.5166472007392053,-0.15946465765067003,-0.192725086711065,-1.0499470641302695,1.7164179365290193,0.5377700690926275,-0.9054480740167674,-0.9704367948586523,-0.8222700268448448,1
0.9979867592941277,1.4244694861194402,0.0472834129979627,-0.8011735415567935,-0.23389319893729196,-0.008505109297798425,0.23568154711344247,-0.7385272338147801,1.1044255642002523,1.0304638130973318,-0.625290986993265,0
0.16103040295889828,-1.4986613301710006,1.0450068065329523,1.926089215044228,0.26012414777743653,1.2412252365011673,-0.10656412779864831,0.30891675960578213,1.1044255642002523,-0.9704367948586523,1.9780686293960423,0
1.555957663517614,0.86768266396888,0.958248250573388,-0.6914075482570616,0.013115474420071806,-0.21679350026429253,-0.02624116327846386,0.3705311121599327,-0.9054480740167674,-0.9704367948586523,0.24945491191104746,0
0.04943622211420104,-0.4546860386387003,-0.12623369892116593,1.1323966481077083,-0.5220699845208837,1.5883725547786578,1.0668496147570918,-1.3282646082616514,1.1044255642002523,1.0304638130973318,0.06406165061332282,0
0.04943622211420104,-1.3594646246333606,-0.6467850346785519,-1.18957628707892,0.19151062740039096,0.6857895272571823,-0.5675480980884036,0.1680839537677232,1.1044255642002523,-0.9704367948586523,0.05956207288190333,0
1.6117547539399626,0.5892892528936,-0.6467850346785519,-0.3874401821962665,-0.4534564641438381,1.7966609457451512,-0.3999175634375835,-1.715554824316313,1.1044255642002523,-0.9704367948586523,-0.8221071916255499,0
1.0537838497164762,-0.5242843914075203,-1.514370594274195,0.48224422625545227,3.5192663656871015,-1.1193765277857675,0.8817575660801446,0.0008449968350284161,-0.9054480740167674,1.0304638130973318,-1.1631589537497682,1
0.6074071263376873,-0.8722761552516204,1.218523918452081,-0.083472816135472,0.12975845906104952,-0.14736403660879469,-1.5034852498888154,0.6962069756604438,1.1044255642002523,-0.9704367948586523,1.601805371643995,0
0.27262458380359555,1.07647772227534,-0.21299225488073026,0.22049454992532372,-0.007468581693041681,-0.07793457295329626,1.2624185718497154,-1.504305615559225,1.1044255642002523,-0.9704367948586523,-0.6786498041167631,0
-1.12230267675512,-0.1762926275634202,0.7847311386542594,-0.573198017011197,1.899987284788826,0.6163600636016845,-0.2567331484233415,1.5412038106887964,-0.9054480740167674,1.0304638130973318,0.7028711821948976,1
-1.6244764905562576,-0.4546860386387003,0.43769691481600215,-1.645527336170113,-1.4003230453470672,-0.772229209508277,0.2706045751656965,-0.1399878090030305,-0.9054480740167674,1.0304638130973318,0.5717677976383958,1
-1.736070671400955,1.3548711333506203,0.6112140267351308,1.4616946280069023,-0.10352751022090494,-1.6748122370297525,0.8852498688853703,1.5412038106887964,-0.9054480740167674,1.0304638130973318,-0.21938412853469594,1
0.04943622211420104,-1.0114728607892605,-0.690164312658334,-0.5056497134421317,-0.9680578669716801,0.4080716726351898,-0.8294708084803099,-1.3810769104509235,1.1044255642002523,-0.9704367948586523,-0.1754389606660056,1
0.4400158550706414,-1.7074563884774605,1.3052824744116454,0.2711557776021224,0.6580825659643008,-0.3556524275752888,1.3497261419803508,1.5852140625131896,1.1044255642002523,-0.9704367948586523,2.4755564968892134,0
-1.2338968575998173,-0.10669427479460018,0.6112140267351308,0.6848891369626494,-0.5014859284077702,-0.49451135488628506,1.6605410916454126,-1.3722748600860448,-0.9054480740167674,-0.9704367948586523,0.512174370043117,0
0.6074071263376873,-1.2898662718645404,1.0016275285531702,0.288042853494389,0.6031917496626635,-0.7027997458527792,-0.03322576888891455,-0.13118575863815163,-0.9054480740167674,1.0304638130973318,1.7408553706014553,0
0.6632042167600359,-0.037095922025780166,0.09066269097774486,-0.7420687759338609,0.5277168772479138,0.13035381801319784,1.513864373825945,1.5412038106887964,1.1044255642002523,-0.9704367948586523,0.03434136029080829,1
-0.17375213957519348,-0.31548933310106025,0.7847311386542594,1.1492837239999751,0.8090323107938003,-1.1193765277857675,-1.7549310518650456,-0.9409743922069899,1.1044255642002523,-0.9704367948586523,0.7919368588518982,0
-1.0665055863327715,-0.7330794497139803,0.9148689725936059,0.4991313021477189,0.5483009333610283,-0.21679350026429253,1.3636953532012521,-1.6363363710324053,-0.9054480740167674,-0.9704367948586523,1.2019107448658268,1
-1.12230267675512,-1.7074563884774605,0.654593304714913,0.17827686019465774,-0.2270318468995878,-0.8416586731637754,-0.6723171822451661,1.0306848895258334,-0.9054480740167674,1.0304638130973318,1.7407104305489234,1
-0.06215795873049621,-0.9418745080204404,1.3486617523914275,0.1529462463562572,-1.43462980553559,-0.6333702821972813,-0.6723171822451661,0.335322910700418,-0.9054480740167674,1.0304638130973318,1.787471901617146,0
0.7747983976047331,-1.2898662718645404,0.7847311386542594,1.6812266146063661,1.0423182800757558,0.33864220897969194,-0.9621783150788759,0.05365729902430051,1.1044255642002523,1.0304638130973318,1.5143865385192656,0
-1.6802735809786062,-0.7330794497139803,3.300729261481625,-0.7673993897722603,1.4539994023380294,0.6857895272571823,-0.6513633654138136,-1.6363363710324053,1.1044255642002523,-0.9704367948586523,3.4559559736386536,1
1.6117547539399626,-0.31548933310106025,0.0472834129979627,0.3978088467941203,-0.961196514933975,-0.3556524275752888,-1.0145628571572571,0.5377700690926275,1.1044255642002523,-0.9704367948586523,0.1435432709045838,0
1.0537838497164762,-0.4546860386387003,-1.3842327603348485,-0.5563109411189304,0.7610028465298693,1.0329368455346728,1.4056029868639575,-1.152223600964078,-0.9054480740167674,1.0304638130973318,-1.0685136004426092,1
0.9979867592941277,0.2412974890494999,-0.039475142961601616,-1.9832688540154406,-1.2013438362536346,-1.0499470641302695,1.3811568672273795,1.5147976595941604,-0.9054480740167674,1.0304638130973318,-0.20754854067290995,1
0.16103040295889828,-0.037095922025780166,0.958248250573388,-2.0170430057999735,0.2189560355512086,-1.605382773374254,-1.4022084685372784,0.6521967238360505,-0.9054480740167674,-0.9704367948586523,0.7624884731924038,1
-0.5085346821092852,0.5196909001247799,-1.5577498722539773,-1.0544796799407894,0.42479659668234543,-1.39709438240776,-1.2590240535230364,0.7314151771199585,-0.9054480740167674,1.0304638130973318,-1.4962623843039704,0
-0.843317224643377,1.6332645444259002,0.5244554707755664,-0.6914075482570616,-0.43287240803072463,-1.1193765277857675,1.2519416634340388,-0.9409743922069899,-0.9054480740167674,-0.9704367948586523,-0.3892410052033704,0
-0.3411434108422393,0.45009254735595994,0.3509383588564378,2.179395353428224,0.10231305091023186,-0.008505109297798425,-0.3649945353853293,1.3387566522965866,1.1044255642002523,1.0304638130973318,0.0014812797355944604,1
-1.3454910384445147,1.6332645444259002,1.2619031964318632,0.6848891369626494,0.877645831170846,2.074378800367144,-1.1682241805871754,0.13287575230820844,-0.9054480740167674,1.0304638130973318,0.088735086309674,1
-0.17375213957519348,0.65888760566242,-0.039475142961601616,0.7777680543701141,-0.10352751022090494,-1.605382773374254,0.026143378799917526,1.2595381990126786,-0.9054480740167674,1.0304638130973318,-0.39056310631272073,1
-0.3411434108422393,1.2852727805818,-0.12623369892116593,-0.6660769344186623,-0.6867424334257926,0.9635073818791748,-0.3021330848912719,-0.8089436367338096,1.1044255642002523,-0.9704367948586523,-0.692930975212673,0
-1.2338968575998173,0.86768266396888,0.09066269097774486,0.034736715110393196,-1.256234652555272,-0.008505109297798425,-0.9936090403259046,0.8986541340526528,1.1044255642002523,1.0304638130973318,-0.3809715226512421,1
-0.3411434108422393,0.03250243074303985,1.3052824744116454,2.3144919605663556,-0.3985656478422018,0.1997832816686957,0.759526967897255,0.2649065077813885,-0.9054480740167674,-0.9704367948586523,1.0068641547750827,0
1.6675518443623112,-1.0114728607892605,-1.1239570924561557,-1.257124590647986,-1.2013438362536346,-0.9805176004747718,0.44521971542696737,-1.5923261192080118,1.1044255642002523,1.0304638130973318,-0.6060128276622694,0
0.10523331253654966,0.65888760566242,0.8281104166340416,0.4400265365247863,-0.3848429437667925,0.33864220897969194,-1.4091930741477292,-0.33363291703036113,1.1044255642002523,1.0304638130973318,0.2605882993527063,0
1.0537838497164762,-1.2202679190957204,0.4810761927957843,1.605234773091167,-0.4740405202569516,-0.9805176004747718,1.4719567401632403,-1.1082133491396846,1.1044255642002523,-0.9704367948586523,1.1432657817219956,1
0.49581294549299004,1.4244694861194402,-0.3865093667998589,0.9550823512389106,0.836477718944619,0.9635073818791748,0.19028161064551208,-0.4920698235981774,-0.9054480740167674,-0.9704367948586523,-0.9151710920584685,1
-1.4012881288668633,-0.8026778024828004,1.0016275285531702,1.79943614585223,0.08172899479711741,1.0329368455346728,-0.8853476533639165,-0.4128513703142695,-0.9054480740167674,1.0304638130973318,1.3373421061489725,0
-1.568679400133909,-1.0810712135580804,-0.6034057566987697,0.19516393608692317,2.627290600785509,-0.14736403660879469,-1.0390089767938349,-0.08717550681375841,1.1044255642002523,-0.9704367948586523,-0.05183610773487191,0
1.4443634826729166,-1.6378580357086405,-0.5166472007392053,0.5835666816090508,-2.0521514889290002,-0.07793457295329626,-1.283470173159614,0.35292701143017535,-0.9054480740167674,1.0304638130973318,0.37207024059634175,0
1.1653780305611736,1.4244694861194402,0.5244554707755664,0.08539794278719189,0.32873766815448213,0.4080716726351898,-0.2741946624494685,0.24730240705163115,1.1044255642002523,-0.9704367948586523,-0.30642287142154173,0
0.9979867592941277,-1.1506695663269004,0.7847311386542594,0.5160183780399855,-0.46031781618154227,0.4080716726351898,-1.283470173159614,-1.6187322703026479,1.1044255642002523,-0.9704367948586523,1.3993051005981856,0
0.7190013071823845,-1.5682596829398205,0.3509383588564378,-0.9531572245871908,-0.9749192190093843,1.0329368455346728,-0.3056253876964972,0.8810500333228959,-0.9054480740167674,1.0304638130973318,1.2812365622219084,1
-1.1780997671774687,-0.31548933310106025,0.003904135018180542,0.7777680543701141,-0.021191285768450994,1.0329368455346728,-1.2380702366916836,1.5852140625131896,-0.9054480740167674,1.0304638130973318,0.10540247161356518,1
-0.17375213957519348,0.03250243074303985,-0.9938192585168091,0.2711557776021224,-0.10352751022090494,-0.008505109297798425,0.5360195883628285,-0.5360800754225706,-0.9054480740167674,-0.9704367948586523,-0.9007362460103238,1
1.3327693018282194,-1.2202679190957204,-0.7335435906381161,0.04318025305652591,1.1177931524905056,-0.49451135488628506,0.9830343474316817,-1.125817449869442,-0.9054480740167674,-0.9704367948586523,-0.10885539099463287,0
0.2168274933812469,1.5636661916570802,0.654593304714913,1.7487749181754313,0.10231305091023186,0.824648454568178,0.16234318820370872,0.14167780267308733,-0.9054480740167674,1.0304638130973318,-0.2768477657500308,1
-0.39694050126458796,-1.6378580357086405,-0.7769228686178984,-0.29456126478880185,-0.707326489538907,-0.008505109297798425,0.6163425528830129,0.7226131267550796,1.1044255642002523,-0.9704367948586523,0.08201214678192084,0
-0.6201288629539825,-1.3594646246333606,1.4354203083509918,1.1999449516767737,0.34932172426759567,0.13035381801319784,1.517356676631171,0.6345926231062932,1.1044255642002523,-0.9704367948586523,2.261806267533345,1
1.6117547539399626,0.1716991362806799,-0.9938192585168091,1.3012674070303722,-0.2270318468995878,0.5469305999461866,0.4696658350635454,0.39693726325456896,1.1044255642002523,-0.9704367948586523,-0.9492638570724574,0
1.388566392250568,0.2412974890494999,0.8714896946138238,0.8453163579391794,-1.1533143719897034,1.0329368455346728,-0.48722513356821895,-1.2490461549777434,1.1044255642002523,-0.9704367948586523,0.5230300191591545,0
0.2168274933812469,0.03250243074303985,-0.34313008882007673,-1.0038184522639901,-0.24761590301270128,0.26921274532419415,-0.1903793951240584,1.189121796093649,1.1044255642002523,1.0304638130973318,-0.3608493401276618,0
-1.2338968575998173,-0.037095922025780166,0.134041968957527,0.3387040811711877,0.24640144370202724,-0.6333702821972813,1.2484493606288134,-0.2632165141113317,1.1044255642002523,1.0304638130973318,0.07074871593588825,1
0.27262458380359555,-0.9418745080204404,1.522178864310556,1.9598633668287613,0.08172899479711741,1.8660904094006492,-1.3009316871857413,-0.9761825936665046,-0.9054480740167674,-0.9704367948586523,1.9575685953419923,0
-1.289693948022166,-1.4290629774021806,-0.2997508108402946,-1.8650593227695755,0.34932172426759567,1.5883725547786578,-0.619932640166785,-1.4514933133699528,1.1044255642002523,-0.9704367948586523,0.47203404084834644,0
-0.4527375916869366,0.5892892528936,0.8714896946138238,-0.21856942327360263,-0.535792688596293,-1.0499470641302695,0.2566353639447948,-0.2896226652059679,1.1044255642002523,1.0304638130973318,0.3298955102426825,0
0.16103040295889828,1.5636661916570802,-0.21299225488073026,1.1492837239999751,0.33559902019218635,-0.9805176004747718,0.6023733416621112,0.4145413639843263,-0.9054480740167674,-0.9704367948586523,-0.8448959501971617,1
0.942189668871779,0.7980843112000601,-1.2974742043752843,-0.1425775817584046,0.12975845906104952,-0.8416586731637754,0.9062036857167226,0.581780320917021,-0.9054480740167674,-0.9704367948586523,-1.3716417642671528,0
0.16103040295889828,-0.7330794497139803,-1.21071564841572,0.7946551302623807,0.13661981109875468,0.894077918223677,-0.6478710626085882,1.6292243143375829,1.1044255642002523,-0.9704367948586523,-0.8062386407681458,1
0.8863925784494304,1.2852727805818,-1.2540949263955021,1.402589862383971,0.04056088257089044,1.9355198730561483,-1.24854714510736,-1.2226400038831073,1.1044255642002523,-0.9704367948586523,-1.4623206658693704,0
0.2168274933812469,0.72848595843124,-0.9504399805370269,0.2120510119791898,2.243054886674054,-0.5639408185417829,1.576725824320003,1.7084427676214917,1.1044255642002523,-0.9704367948586523,-1.0956844518598463,0
-0.7875201342210283,-0.7330794497139803,1.2619031964318632,0.49068776420158494,1.1520999126790283,0.1997832816686957,-1.4930083414731392,0.5465721194575064,-0.9054480740167674,1.0304638130973318,1.5297718690509658,0
0.942189668871779,1.21567442781298,0.39431763683621995,0.06851086689492525,0.30815361204136865,-0.772229209508277,-1.423162285368631,-0.15759190973278786,-0.9054480740167674,-0.9704367948586523,-0.3093952748426207,1
0.3842187646482928,1.5636661916570802,0.5678347487553487,0.2795993155482551,-0.8171081221421795,1.7966609457451512,-0.0297334660836892,1.3651628033912229,1.1044255642002523,-0.9704367948586523,-0.333652584194744,0
-0.006360868308147588,-0.1762926275634202,-0.6034057566987697,2.103403511913026,-0.2956453672766334,0.824648454568178,1.101772642809346,0.6874049252955649,1.1044255642002523,-0.9704367948586523,-0.4894155668699325,0
-0.4527375916869366,-1.3594646246333606,-0.7769228686178984,-0.09191635408160471,1.6667013155068704,-0.8416586731637754,0.9481113193794276,-0.5360800754225706,-0.9054480740167674,1.0304638130973318,-0.07807818928381174,0
-0.5085346821092852,1.4244694861194402,1.1317653624925168,-0.3789966442501338,-0.5700994487848158,-2.230247946273737,1.517356676631171,1.3563607530263444,-0.9054480740167674,-0.9704367948586523,0.09940927566974299,1
1.6675518443623112,1.7028628971947202,1.0450068065329523,1.0310741927541098,-0.16527967856024636,1.1023663091901705,-1.2625163563282618,0.5905823712818996,-0.9054480740167674,-0.9704367948586523,-0.08200570364575341,1
-0.006360868308147588,1.2852727805818,0.5244554707755664,-0.8771653830719921,-0.22017049486188264,-0.6333702821972813,-0.44531749990551406,0.7050090260253222,1.1044255642002523,1.0304638130973318,-0.24905230752611715,0
0.27262458380359555,1.21567442781298,-0.12623369892116593,-0.6491898585263957,0.38362848445611847,0.894077918223677,-0.7735939635967033,1.4003710048507376,1.1044255642002523,1.0304638130973318,-0.6682068306728404,1
-1.12230267675512,1.3548711333506203,1.175144640472299,-0.6407463205802624,-0.4397337600684288,0.26921274532419415,1.2484493606288134,-0.18399806082742373,-0.9054480740167674,1.0304638130973318,0.16135501201253719,1
0.942189668871779,-0.31548933310106025,-1.0371985364965912,-0.28611772684266795,0.19151062740039096,-1.9525300916517443,-0.05417958572026722,0.5553741698223849,1.1044255642002523,1.0304638130973318,-0.8099767113708796,0
1.2769722114058708,-0.1762926275634202,3.300729261481625,-0.23545649916586925,-0.4191497039553153,-0.8416586731637754,-1.6641311789291848,0.8634459325931385,-0.9054480740167674,-0.9704367948586523,2.8638909148749017,0
-1.0665055863327715,1.21567442781298,1.3486617523914275,0.6848891369626494,1.3579404738101652,-0.3556524275752888,0.7141270314293247,-0.15759190973278786,-0.9054480740167674,-0.9704367948586523,0.3484259108461158,1
-0.5085346821092852,-0.6634810969451603,-1.6445084282135416,-0.3705531063039999,-0.7004651375012019,-0.7027997458527792,-0.3999175634375835,-1.4690974140997102,1.1044255642002523,-0.9704367948586523,-1.2383514736559553,0
-0.39694050126458796,1.4940678388882602,-0.690164312658334,0.7271068266933154,1.0148728719249371,-0.008505109297798425,0.09598943490442563,0.9602684866068039,-0.9054480740167674,1.0304638130973318,-1.137854942343993,1
0.16103040295889828,-0.7330794497139803,0.003904135018180542,0.8537598958853133,-0.5975448569356334,0.4080716726351898,1.3636953532012521,-1.5923261192080118,1.1044255642002523,-0.9704367948586523,0.34127529387983896,0
0.49581294549299004,-0.037095922025780166,0.7847311386542594,-0.6829640103109283,-0.8719989384438158,1.8660904094006492,-0.8609015337273387,0.7666233785794732,-0.9054480740167674,1.0304638130973318,0.6168590506120848,1
-0.11795504915284484,0.72848595843124,-0.21299225488073026,0.8284292820469127,-0.7141878415766112,0.47750113629068763,-0.9202706814161707,1.4443812566751308,1.1044255642002523,1.0304638130973318,-0.5481731387355979,1
-0.843317224643377,-1.0114728607892605,0.09066269097774486,0.9213081994543786,-1.7571133513077044,1.5189430911231587,-0.8399477168959861,-0.5360800754225706,-0.9054480740167674,-0.9704367948586523,0.5995939999272688,1
0.942189668871779,-0.7330794497139803,1.478799586330774,-1.8059545571466435,0.45910335687086823,-0.008505109297798425,-0.5780250065040798,-1.3986810111806809,-0.9054480740167674,1.0304638130973318,1.7346850716666773,0
1.6675518443623112,-1.4986613301710006,-1.1239570924561557,0.2711557776021224,-1.1944824842159303,1.1717957728456683,-1.3847469545111513,-0.9409743922069899,-0.9054480740167674,1.0304638130973318,-0.3763016972100396,0
-0.6759259533763311,-0.31548933310106025,1.3486617523914275,-0.5394238652266644,-0.364258887653679,-0.4250818912307866,0.675711700571845,0.22089625595699527,-0.9054480740167674,-0.9704367948586523,1.2877672496351396,0
0.8863925784494304,-0.8722761552516204,-1.4276120383146307,1.2928238690842384,0.7884482546806879,-0.9805176004747718,-1.0355166739886097,1.5588079114185536,-0.9054480740167674,-0.9704367948586523,-0.960243670809005,0
-0.39694050126458796,-0.24589098033224022,0.5678347487553487,-0.5478674031727977,0.754141494492165,-0.9805176004747718,1.4754490429684657,0.044855248659421636,-0.9054480740167674,1.0304638130973318,0.5585333238861261,1
-0.5643317725316338,-0.4546860386387003,-1.5577498722539773,-1.3837776598399838,-1.4689365657241127,-2.438536337240231,-1.0040859487415807,-1.3634728097211661,1.1044255642002523,-0.9704367948586523,-1.224730876450324,0
-1.0665055863327715,0.5892892528936,1.0450068065329523,-0.05814220229707266,0.32873766815448213,0.894077918223677,-0.8643938365325641,0.44974956544384065,1.1044255642002523,-0.9704367948586523,0.46155296188476586,0
1.5001605730952654,-0.8026778024828004,0.43769691481600215,-0.9362701486949241,1.179545320829847,-1.327664918752262,-0.7212094215183219,0.8194356807687453,-0.9054480740167674,1.0304638130973318,0.7980106185643566,0
-0.7317230437986797,-1.4986613301710006,0.3509383588564378,0.8368728199930466,-0.6524356732372697,1.449513627467661,0.9271575025480753,-0.37764316885475474,-0.9054480740167674,1.0304638130973318,1.2246701248820961,1
0.942189668871779,1.5636661916570802,0.6979725826946951,-0.8433912312874595,0.5345782292856189,-0.21679350026429253,-0.26371775403379216,0.7842274793092305,1.1044255642002523,-0.9704367948586523,-0.24844535652767416,1
0.2168274933812469,1.4244694861194402,1.0883860845127344,-0.04125512640480603,-1.1670370760651119,-1.605382773374254,1.101772642809346,-0.6152985287064789,-0.9054480740167674,-0.9704367948586523,0.07042126516322264,0
-1.12230267675512,0.10210078351185986,1.1317653624925168,1.5376864695221015,0.40421254056923195,-1.1888059914412659,0.9830343474316817,1.021882839160955,1.1044255642002523,1.0304638130973318,0.8184393951361142,1
1.6117547539399626,0.2412974890494999,1.218523918452081,1.0901789583770425,0.14348116313645884,0.1997832816686957,1.4859259513841416,-0.5624862265172069,-0.9054480740167674,-0.9704367948586523,0.8013456609999415,0
0.49581294549299004,1.4940678388882602,-1.0371985364965912,0.4569136124170529,0.6855279741151195,-1.9525300916517443,0.8852498688853703,-0.8617559389230817,-0.9054480740167674,1.0304638130973318,-1.3673986948451247,0
-0.7317230437986797,0.1716991362806799,-0.2997508108402946,-0.15102111970453733,0.6237758057757781,0.6163600636016845,-1.5768236087985494,1.3387566522965866,1.1044255642002523,1.0304638130973318,-0.3863251870808534,1
-1.12230267675512,0.65888760566242,1.2619031964318632,0.3640346950095871,-1.3866003412716579,-1.605382773374254,1.1646340933034032,0.1680839537677232,1.1044255642002523,-0.9704367948586523,0.58616400218542,1
-1.289693948022166,-1.2202679190957204,-0.9070607025572448,0.6764455990165155,0.14348116313645884,-0.772229209508277,1.517356676631171,-0.7561313345445375,-0.9054480740167674,-0.9704367948586523,-0.2877298442398656,0
-1.4012881288668633,-0.6634810969451603,0.17742124693730918,-1.020705528156256,1.5020288666019626,0.1997832816686957,1.712925633723794,1.532401760323918,-0.9054480740167674,-0.9704367948586523,0.4621187625033941,1
-0.2295492299975421,1.14607607504416,-0.1696129769009481,0.8368728199930466,-2.0521514889290002,0.47750113629068763,-1.3218855040170938,0.6698008245658075,1.1044255642002523,-0.9704367948586523,-0.6733082147802918,0
-1.0107084959104229,0.72848595843124,0.8281104166340416,-1.1389150594021213,1.001150167849529,0.824648454568178,0.38235826493291,-0.9849846440313832,1.1044255642002523,-0.9704367948586523,0.22478400920451735,0
-0.06215795873049621,0.3108958418183199,-0.2563715328605124,0.5582360677706515,1.652978611431462,-1.39709438240776,-1.0634550964304128,0.40573931361944743,-0.9054480740167674,1.0304638130973318,-0.41134280458346434,1
1.109580940138825,-0.5242843914075203,-1.0805778144763734,-1.147358597348254,-1.523827382025749,-0.3556524275752888,-0.8399477168959861,1.3035484508370727,1.1044255642002523,-0.9704367948586523,-0.7679245962932673,0
-0.7317230437986797,-1.6378580357086405,-0.21299225488073026,1.968306904774894,-0.6867424334257926,1.1023663091901705,0.8468345380278905,0.6874049252955649,1.1044255642002523,1.0304638130973318,0.7104713500464997,1
1.4443634826729166,1.6332645444259002,0.958248250573388,0.7524374405317147,0.5414395813233231,-0.008505109297798425,1.6570487888401872,-0.8969641403825964,-0.9054480740167674,-0.9704367948586523,-0.10807859843099134,0
0.8305954880270818,-0.8722761552516204,-1.514370594274195,-1.603309646439447,-0.9063056986323387,0.26921274532419415,0.3194968144388526,0.528968018727749,1.1044255642002523,1.0304638130973318,-1.0442452787582837,0
-0.8991143150657256,-1.4986613301710006,0.8714896946138238,-0.024368050512539402,1.4128312901118025,0.13035381801319784,1.2135263325765593,0.4233434143492048,-0.9054480740167674,-0.9704367948586523,1.7897190032675556,0
1.1653780305611736,0.03250243074303985,-0.42988864477964106,-0.5563109411189304,1.097209096377393,1.380084163812163,-1.7269926294232423,1.127507443539499,1.1044255642002523,-0.9704367948586523,-0.4328342609120164,0
-1.5128823097115605,-0.037095922025780166,-1.4276120383146307,-0.6745204723647956,-1.4209071014601806,-0.49451135488628506,-1.6292081508769305,-1.1346195002343207,-0.9054480740167674,1.0304638130973318,-1.2399160872869837,1
0.16103040295889828,0.3108958418183199,0.43769691481600215,0.12761563251785785,-0.7553559538028382,-1.4665238460632577,0.32648142004930325,0.7050090260253222,1.1044255642002523,-0.9704367948586523,0.13908650761549846,0
-1.12230267675512,-1.0114728607892605,0.0472834129979627,-0.961600762533324,0.795309606718392,-1.0499470641302695,-0.3999175634375835,-1.662742522127041,-0.9054480740167674,-0.9704367948586523,0.5565366132276424,0
-0.39694050126458796,-1.2898662718645404,1.1317653624925168,0.7439939025855808,0.7610028465298693,0.1997832816686957,1.3497261419803508,0.6874049252955649,-0.9054480740167674,1.0304638130973318,1.8767366698507693,1
1.109580940138825,0.38049419458713996,1.3052824744116454,0.6933326749087821,2.291084350937987,-1.6748122370297525,-0.7037479074921948,1.6204222639727044,-0.9054480740167674,1.0304638130973318,0.7840497182577678,0
1.5001605730952654,1.2852727805818,-0.5166472007392053,0.330260543225055,-0.8994443465946345,-0.5639408185417829,-0.24974854281289047,-1.1434215505991994,1.1044255642002523,1.0304638130973318,-0.9592581758246069,0
-0.6201288629539825,-1.0810712135580804,-1.4276120383146307,-0.04125512640480603,1.5088902186396667,0.060924354357699405,0.0855125264887496,-0.6593087805308722,-0.9054480740167674,-0.9704367948586523,-0.8802492595365516,0
0.2168274933812469,0.9372810167377,-1.1239570924561557,0.6426714472319834,-0.9337511067831573,-0.772229209508277,-0.805024688843732,0.29131265887602475,-0.9054480740167674,1.0304638130973318,-1.2826316889135727,0
1.1653780305611736,-0.8722761552516204,1.0883860845127344,0.7777680543701141,0.5208555252102096,0.33864220897969194,1.4125875924744082,0.8194356807687453,-0.9054480740167674,1.0304638130973318,1.4758029597200766,0
-0.5085346821092852,0.38049419458713996,1.0016275285531702,0.4400265365247863,0.9256752954347791,0.7552189909126802,-0.13450255024045166,-0.5448821257874495,1.1044255642002523,-0.9704367948586523,0.545905159721562,0
-0.8991143150657256,-1.2898662718645404,-0.8636814245774627,-1.350003508055451,-2.0521514889290002,0.47750113629068763,-0.27768696525469383,0.581780320917021,-0.9054480740167674,-0.9704367948586523,-0.20677658530537837,1
1.388566392250568,1.6332645444259002,0.17742124693730918,-0.8265041553951928,0.9462593515478916,-1.605382773374254,1.210034029771334,1.409173055215616,-0.9054480740167674,-0.9704367948586523,-0.6141709306212737,1
0.3842187646482928,1.14607607504416,1.522178864310556,-0.29456126478880185,1.4334153462249168,0.060924354357699405,-0.6688248794399406,0.8018315800389879,-0.9054480740167674,-0.9704367948586523,0.5050721717471329,0
0.7190013071823845,1.14607607504416,-0.8203021465976805,-1.518874266978115,1.1315158565659158,0.13035381801319784,1.0947880371988952,0.740217227484837,1.1044255642002523,-0.9704367948586523,-1.1265314403677629,0
1.1653780305611736,0.72848595843124,1.2619031964318632,0.2036074740330571,2.119550549995373,-0.4250818912307866,-1.3323624124327702,-0.4128513703142695,-0.9054480740167674,-0.9704367948586523,0.5468494875128984,0
0.5516100359153386,-0.38508768586988024,0.22080052491709135,1.402589862383971,1.001150167849529,0.33864220897969194,-1.1193319413140195,1.45318330704001,1.1044255642002523,1.0304638130973318,0.3359445803353735,0
1.4443634826729166,-1.4986613301710006,-0.690164312658334,1.2421626414074398,-0.5495153926717014,0.26921274532419415,1.562756613099101,-0.7825374856391737,-0.9054480740167674,1.0304638130973318,0.09457236811117685,1
0.3842187646482928,-1.2898662718645404,-1.6011291502337595,0.7271068266933154,1.2824656013954154,-0.07793457295329626,1.1820956073295306,-1.037796946220655,-0.9054480740167674,-0.9704367948586523,-0.9767706143848244,0
-1.0107084959104229,-1.7074563884774605,-0.7335435906381161,0.7102197508010487,-0.6044062089733386,-1.0499470641302695,-0.403409866242809,-0.47446572286842004,1.1044255642002523,1.0304638130973318,0.17303882235630413,0
-0.06215795873049621,1.2852727805818,0.7847311386542594,2.22161304315889,0.08859034683482254,-0.008505109297798425,0.4696658350635454,0.528968018727749,-0.9054480740167674,1.0304638130973318,-0.0715008404514945,1
1.4443634826729166,1.3548711333506203,1.4354203083509918,0.8284292820469127,0.8639231270954376,1.9355198730561483,1.5348181906572977,1.2771422997424364,1.1044255642002523,1.0304638130973318,0.3370807691881828,1
-1.5128823097115605,1.14607607504416,-1.3842327603348485,0.9128646615082446,0.46596470890857333,-0.4250818912307866,-1.0180551599624823,-1.2930564068021368,1.1044255642002523,1.0304638130973318,-1.5193249025435709,0
0.16103040295889828,1.4940678388882602,0.7413518606744772,-1.4851001151935819,1.399108586036394,1.1023663091901705,-1.5523774891619715,1.1099033428097413,1.1044255642002523,-0.9704367948586523,-0.19098696327682393,0
-0.5085346821092852,-0.8722761552516204,1.218523918452081,1.3265980208687718,2.565538432446169,0.060924354357699405,0.11694325173577831,1.1011012924448627,1.1044255642002523,-0.9704367948586523,1.601805371643995,0
-0.17375213957519348,-0.24589098033224022,-0.9938192585168091,0.3809217709018537,-1.1670370760651119,-0.008505109297798425,-1.2590240535230364,0.30891675960578213,1.1044255642002523,1.0304638130973318,-0.7985231236490358,0
0.6074071263376873,-0.31548933310106025,0.5244554707755664,-0.10880342997387134,-0.3299521274651562,-0.28622296391979096,-1.105362730093118,0.9162582347824106,1.1044255642002523,-0.9704367948586523,0.5630920631057874,0
-1.1780997671774687,-0.24589098033224022,1.4354203083509918,-0.35366603041173444,0.32873766815448213,-0.008505109297798425,1.3567107475908016,-1.1170153995045633,1.1044255642002523,1.0304638130973318,1.3124535725167714,0
-0.7875201342210283,0.1716991362806799,-1.1673363704359379,-0.5816415549573304,-0.46717916821924743,0.6857895272571823,-1.733977235033693,-1.1610256513289567,-0.9054480740167674,1.0304638130973318,-1.0899985245703583,1
0.8305954880270818,-1.1506695663269004,0.6112140267351308,1.2506061793535725,-0.06922075003238214,2.490955582300132,1.0947880371988952,1.2771422997424364,-0.9054480740167674,-0.9704367948586523,1.2226877156421796,0
-1.12230267675512,0.03250243074303985,1.5655581422903382,-0.04969866435093875,0.8021709587560962,0.060924354357699405,0.0470971956312699,-0.00795705352985007,-0.9054480740167674,1.0304638130973318,1.222818917128147,1
-1.289693948022166,-1.1506695663269004,-1.4709913162944128,-0.5394238652266644,0.664943918002005,-1.2582354550967636,0.1937739134507374,-0.8969641403825964,-0.9054480740167674,-0.9704367948586523,-0.8967209038298958,0
-1.2338968575998173,-0.7330794497139803,-0.5166472007392053,-0.8096170795029263,0.26012414777743653,-1.7442417006852502,0.5884041304412095,0.660998774200929,1.1044255642002523,-0.9704367948586523,-0.15051639239786882,1
1.4443634826729166,-1.0810712135580804,-1.1673363704359379,0.14450270841012447,0.15720386721186816,-0.4250818912307866,-0.2532408456181161,1.3827669041209807,1.1044255642002523,-0.9704367948586523,-0.6186451063360212,0
0.6632042167600359,-0.10669427479460018,-0.9504399805370269,-0.3874401821962665,-0.2270318468995878,-1.1888059914412659,-1.3533162292641225,0.467353666173598,-0.9054480740167674,-0.9704367948586523,-0.8136864199056173,0
-0.843317224643377,1.14607607504416,-1.4276120383146307,-0.6238592446879964,1.4539994023380294,0.5469305999461866,-1.3987161657320528,-0.5360800754225706,-0.9054480740167674,-0.9704367948586523,-1.5495397842494023,0
1.6117547539399626,-1.2202679190957204,-1.4709913162944128,-1.4259953495706497,1.7215921318085077,0.5469305999461866,0.8747729604696939,-0.06076935571912217,-0.9054480740167674,-0.9704367948586523,-0.869071817286872,0
0.32842167422594415,-0.10669427479460018,0.7847311386542594,0.946638813292778,1.0560409841511662,-0.14736403660879469,-0.9866244347154537,0.8898520836877744,1.1044255642002523,-0.9704367948586523,0.6594922355929768,0
-1.4012881288668633,-0.6634810969451603,-0.4732679227594232,-0.16790819559680395,-1.1738984281028169,0.6857895272571823,-1.6606388761239592,-1.5219097162889823,-0.9054480740167674,-0.9704367948586523,-0.14519203612494488,0
0.7747983976047331,1.6332645444259002,1.3052824744116454,-1.1220279835098546,-0.2613386070881106,0.060924354357699405,1.6640333944506385,-0.9937866943962618,1.1044255642002523,-0.9704367948586523,0.1168513269869119,0
-1.0665055863327715,0.03250243074303985,0.8714896946138238,-0.3030048027349346,0.21209468351350444,1.9355198730561483,1.6640333944506385,-0.13118575863815163,-0.9054480740167674,1.0304638130973318,0.6469395508533075,1
0.4400158550706414,0.10210078351185986,-0.2563715328605124,0.532905453932251,-0.961196514933975,0.6163600636016845,-0.43833289429506317,0.3705311121599327,-0.9054480740167674,-0.9704367948586523,-0.32026835229202105,1
0.5516100359153386,0.7980843112000601,1.0016275285531702,0.0009625633258599405,0.08859034683482254,0.894077918223677,-1.6676234817344102,-0.5624862265172069,1.1044255642002523,1.0304638130973318,0.31700034100666674,0
-1.289693948022166,-1.4986613301710006,0.4810761927957843,0.16983332224852382,0.02683817849548112,-1.535953309718756,0.7804807847286075,-0.7121210827201443,1.1044255642002523,-0.9704367948586523,1.365932344478461,0
0.9979867592941277,1.7028628971947202,-0.8636814245774627,0.01784963921812657,1.1246545045282117,-1.2582354550967636,1.1436802764720513,-1.6099302199377692,1.1044255642002523,1.0304638130973318,-1.306718220462479,1
-0.2853463204198907,-0.10669427479460018,1.3052824744116454,-1.316229356270918,-0.5083472804454744,-0.008505109297798425,-1.3218855040170938,-1.645138421397284,-0.9054480740167674,-0.9704367948586523,1.1014458322425544,0
1.4443634826729166,-0.4546860386387003,1.175144640472299,0.9381952753466453,1.2001293769429615,-1.605382773374254,-1.2869624759648395,-0.7825374856391737,1.1044255642002523,-0.9704367948586523,1.2356912206711836,0
-1.6802735809786062,0.72848595843124,0.3509383588564378,-1.7552933294698443,-0.9817805710470894,-0.6333702821972813,1.1122495512250226,0.1064696012135726,1.1044255642002523,-0.9704367948586523,-0.12948801693470233,1
-1.5128823097115605,0.9372810167377,0.003904135018180542,0.4400265365247863,-0.8376921782552931,1.2412252365011673,1.4614798317475644,0.20329215522723793,1.1044255642002523,1.0304638130973318,-0.47177279950458334,1
-0.17375213957519348,-1.0810712135580804,1.2619031964318632,0.6004537575013175,-0.3848429437667925,-0.7027997458527792,1.0039881642630344,-0.016759103894728948,1.1044255642002523,1.0304638130973318,1.8229936568689298,0
0.27262458380359555,-0.037095922025780166,-0.2563715328605124,-0.24390003711200198,0.05428358664629975,-1.2582354550967636,-1.056470490819962,-0.31602881630060375,1.1044255642002523,-0.9704367948586523,-0.25691748486982974,0
0.32842167422594415,-0.5242843914075203,-1.1239570924561557,0.330260543225055,-2.0521514889290002,0.6857895272571823,-0.3195945989173989,-0.8705579892879606,1.1044255642002523,1.0304638130973318,-0.8074480320389175,0
-0.7317230437986797,-0.4546860386387003,0.654593304714913,-0.3030048027349346,0.47968741298398265,-0.008505109297798425,0.3404506312702049,-0.3512370177601185,1.1044255642002523,-0.9704367948586523,0.7670393926480394,0
-1.3454910384445147,0.72848595843124,-1.3842327603348485,0.3471476191173216,1.7627602440347347,-0.8416586731637754,-1.199654905834204,-1.2666502557075008,1.1044255642002523,1.0304638130973318,-1.4177499301682275,0
0.8863925784494304,-1.0810712135580804,-1.0805778144763734,0.9804129650773112,0.6786666220774153,1.2412252365011673,-1.021547462767708,-1.3546707593562874,-0.9054480740167674,1.0304638130973318,-0.5314437219358447,1
0.7190013071823845,0.5196909001247799,-0.8636814245774627,-0.8265041553951928,-0.21330914282417848,-0.9805176004747718,-0.7701016607914778,-0.7033190323552654,-0.9054480740167674,1.0304638130973318,-0.9638295382658422,0
-1.736070671400955,1.7028628971947202,0.654593304714913,0.6595585231242489,-1.1121462597634755,-0.008505109297798425,0.022651075994691874,1.7436509690810065,-0.9054480740167674,-0.9704367948586523,-0.33251508208553826,1
-0.5643317725316338,-1.4290629774021806,-0.8203021465976805,1.6896701525524989,-1.8600336318732729,-0.07793457295329626,0.026143378799917526,-0.6064964783416001,1.1044255642002523,1.0304638130973318,-0.08570036605523054,1
1.109580940138825,1.4940678388882602,-0.42988864477964106,0.24582516376372304,-1.6816384788929537,-0.8416586731637754,1.0843111287832192,1.5412038106887964,1.1044255642002523,1.0304638130973318,-0.9656971279681441,0
-0.843317224643377,1.6332645444259002,-0.6467850346785519,-0.530980327280531,-0.13097291837172356,0.894077918223677,0.8712806576644686,-0.37764316885475474,1.1044255642002523,-0.9704367948586523,-1.1483795034887938,0
-1.4012881288668633,0.65888760566242,1.0450068065329523,2.27227427083569,2.174441366297008,-1.605382773374254,1.4335414093057608,-0.21040421192205996,-0.9054480740167674,-0.9704367948586523,0.4233761507690631,1
-0.39694050126458796,1.2852727805818,1.522178864310556,0.06851086689492525,-2.0521514889290002,0.1997832816686957,1.1506648820825018,1.048288990255591,-0.9054480740167674,1.0304638130973318,0.4315616495932691,1
0.7190013071823845,0.5892892528936,0.7847311386542594,0.2120510119791898,0.7266960863413464,1.1023663091901705,-0.8713784421430149,-1.4338892126401954,-0.9054480740167674,1.0304638130973318,0.2640667844216406,0
-1.568679400133909,0.5196909001247799,-1.3408534823550664,0.22893808787145642,-0.6936037854634977,0.824648454568178,-0.6024711261406578,-1.1170153995045633,1.1044255642002523,-0.9704367948586523,-1.3298771199170554,0
0.2168274933812469,-0.31548933310106025,1.0016275285531702,0.43158299857865356,-0.3368134795028604,0.47750113629068763,-0.012271952057562176,1.673234566161977,-0.9054480740167674,-0.9704367948586523,0.9826408553069913,1
-1.4570852192892119,-0.5938827441763403,-0.42988864477964106,-0.3705531063039999,-0.961196514933975,1.6578020184341555,-1.7095311153971153,0.018449097564785782,1.1044255642002523,-0.9704367948586523,-0.14020678054903674,0
1.555957663517614,-0.24589098033224022,1.522178864310556,0.16983332224852382,-1.4003230453470672,-0.21679350026429253,1.3986183812535062,-1.6011281695728905,1.1044255642002523,-0.9704367948586523,1.387845597379836,0
-0.06215795873049621,1.5636661916570802,-0.9504399805370269,0.9381952753466453,0.13661981109875468,-1.605382773374254,-1.6047620312403525,-1.5923261192080118,-0.9054480740167674,-0.9704367948586523,-1.3277369069772231,0
-0.7317230437986797,0.7980843112000601,1.175144640472299,-0.40432725808853315,0.27384685185284585,0.13035381801319784,-0.6339018513876864,1.4355792063102524,1.1044255642002523,1.0304638130973318,0.4444450281971434,0
1.6117547539399626,-0.7330794497139803,-1.4276120383146307,-0.4465449478191991,0.6923893261528237,-0.14736403660879469,0.22869694150299177,1.3123505012019512,-0.9054480740167674,-0.9704367948586523,-1.011151843383857,0
0.6632042167600359,0.65888760566242,0.8281104166340416,-0.3198918786272012,-1.729667943156886,-2.230247946273737,0.05058949843649524,-0.14878985936790898,1.1044255642002523,-0.9704367948586523,0.2605882993527063,0
1.2211751209835222,0.1716991362806799,1.3052824744116454,-1.1389150594021213,0.9050912393216646,-1.1888059914412659,0.5255426799471521,-1.1874318024235928,-0.9054480740167674,1.0304638130973318,0.9154704872747308,0
0.3842187646482928,-1.2898662718645404,-0.4732679227594232,-0.7167381620954616,0.9256752954347791,-1.327664918752262,0.0855125264887496,1.1627156449990137,-0.9054480740167674,-0.9704367948586523,0.2008673124425634,1
-0.2853463204198907,0.45009254735595994,1.0016275285531702,-0.7589558518261276,0.44538065279545985,-0.8416586731637754,-0.9586860122736504,-0.6152985287064789,-0.9054480740167674,-0.9704367948586523,0.5061678428031605,1
-1.2338968575998173,-1.0114728607892605,0.09066269097774486,-0.024368050512539402,-0.42601105599301947,-0.3556524275752888,-1.056470490819962,-0.28082061484108906,1.1044255642002523,-0.9704367948586523,0.5995939999272688,0
-0.3411434108422393,-1.0810712135580804,1.3052824744116454,0.8199857441007801,0.32187631611677703,-0.3556524275752888,1.4090952896691828,0.6433946734711716,-0.9054480740167674,1.0304638130973318,1.866594349069018,1
-0.7317230437986797,-1.1506695663269004,0.09066269097774486,1.4448075521146369,-0.1584183265225422,-0.8416586731637754,-0.8364554140907607,-0.5184759746928133,-0.9054480740167674,-0.9704367948586523,0.6928355607741605,1
0.3842187646482928,-0.8026778024828004,0.43769691481600215,0.034736715110393196,1.001150167849529,-1.327664918752262,-0.7770862664019286,0.44974956544384065,1.1044255642002523,-0.9704367948586523,0.7980106185643566,1
1.6675518443623112,-0.8722761552516204,0.43769691481600215,0.4400265365247863,-0.3711202396913832,0.4080716726351898,-0.31610229611217355,1.3563607530263444,-0.9054480740167674,-0.9704367948586523,0.8457909001004866,0
-1.6244764905562576,-0.037095922025780166,1.3920410303712096,0.22049454992532372,0.11603575498564021,0.13035381801319784,-1.2729932647439381,1.048288990255591,-0.9054480740167674,-0.9704367948586523,1.1265620296432017,1
0.7190013071823845,-1.6378580357086405,-1.5577498722539773,-2.135252537045838,-1.7845587594585222,0.13035381801319784,0.012174167579015845,-0.4128513703142695,1.1044255642002523,1.0304638130973318,-0.7881621346613419,0
-1.0665055863327715,0.65888760566242,-1.2540949263955021,-1.18957628707892,0.32187631611677703,1.8660904094006492,0.5639580108046318,-0.747329284179659,-0.9054480740167674,1.0304638130973318,-1.302175074244319,1
0.9979867592941277,-1.2898662718645404,-0.1696129769009481,0.7439939025855808,-0.7622173058405433,0.13035381801319784,0.9865266502369073,-0.7561313345445375,-0.9054480740167674,-0.9704367948586523,0.5179236773576297,0
-0.2295492299975421,-0.31548933310106025,-1.6011291502337595,0.8453163579391794,0.5345782292856189,-0.3556524275752888,0.724603939845001,-0.5360800754225706,-0.9054480740167674,-0.9704367948586523,-1.3058071021541202,0
1.6675518443623112,-0.5242843914075203,-0.6467850346785519,0.8199857441007801,0.8158936628315065,-0.14736403660879469,-1.2415625394969092,-0.025561154259607435,-0.9054480740167674,-0.9704367948586523,-0.37269023883676655,0
1.4443634826729166,-1.5682596829398205,1.522178864310556,-0.201682347381336,-0.618128913048747,0.060924354357699405,-0.16593327548748069,-0.2896226652059679,-0.9054480740167674,-0.9704367948586523,2.5693799870306755,0
-0.6759259533763311,1.14607607504416,-0.039475142961601616,-2.0423736196383726,0.04056088257089044,0.6163600636016845,-1.6222235452664797,-1.2930564068021368,1.1044255642002523,-0.9704367948586523,-0.5826635696627975,0
-0.2295492299975421,0.9372810167377,-0.7335435906381161,-1.0629232178869221,0.1846492753626858,-0.07793457295329626,-1.6955619041762136,-1.1874318024235928,1.1044255642002523,-0.9704367948586523,-1.001949765656615,0
-1.3454910384445147,1.07647772227534,-0.5600264787189876,-0.9109395348565248,0.38362848445611847,-0.008505109297798425,-0.2218101203710871,-0.553684176152328,1.1044255642002523,-0.9704367948586523,-0.9229199646730922,0
1.6117547539399626,1.6332645444259002,0.17742124693730918,0.6088972954474502,0.8158936628315065,-0.49451135488628506,-0.8748707449482404,0.22089625595699527,-0.9054480740167674,1.0304638130973318,-0.6141709306212737,1
0.49581294549299004,-1.0114728607892605,0.6979725826946951,-0.3874401821962665,0.6855279741151195,-0.008505109297798425,0.6268194612986893,0.32652086033553945,-0.9054480740167674,-0.9704367948586523,1.202397413722038,0
0.3842187646482928,0.9372810167377,0.003904135018180542,1.6896701525524989,-0.3848429437667925,-0.008505109297798425,0.7700038763129314,-0.05196730535424368,1.1044255642002523,1.0304638130973318,-0.47177279950458334,1
-1.736070671400955,-0.10669427479460018,-0.42988864477964106,1.4616946280069023,1.652978611431462,-0.008505109297798425,1.3671876560064775,0.8458418318633811,-0.9054480740167674,1.0304638130973318,-0.3717328232560389,1
-1.6244764905562576,1.4244694861194402,-0.8203021465976805,1.672783076660232,0.7815869026429837,-1.7442417006852502,0.8992190801062719,0.8370397814985027,-0.9054480740167674,-0.9704367948586523,-1.205051197123672,0
-1.0665055863327715,-0.4546860386387003,0.09066269097774486,-0.9531572245871908,1.4539994023380294,0.060924354357699405,-1.5907928200194508,-0.25441446374645316,-0.9054480740167674,1.0304638130973318,0.2593332456229665,1
-0.2295492299975421,-1.4986613301710006,0.654593304714913,0.47380068830931954,0.36304442834300493,0.894077918223677,-0.45928671112641556,-1.3194625578967727,-0.9054480740167674,1.0304638130973318,1.5542819706069468,0
1.6675518443623112,0.03250243074303985,-0.8203021465976805,-0.5056497134421317,0.42479659668234543,-0.4250818912307866,-0.805024688843732,0.1064696012135726,1.1044255642002523,1.0304638130973318,-0.756766404441614,0
1.388566392250568,0.86768266396888,-0.8636814245774627,0.30492992938665564,-0.11725021429631426,2.490955582300132,-0.41039447185325983,-0.4128513703142695,-0.9054480740167674,-0.9704367948586523,-1.0744406006697604,0
1.555957663517614,1.14607607504416,1.175144640472299,-0.8433912312874595,-0.4534564641438381,2.2132377276781394,-1.199654905834204,-1.2754523060723795,1.1044255642002523,1.0304638130973318,0.2633531181004813,0
0.942189668871779,0.45009254735595994,-0.3865093667998589,1.2168320275690403,1.008011519887233,-0.07793457295329626,-1.41617767975818,1.6996407172566124,-0.9054480740167674,1.0304638130973318,-0.5704968250743137,1
-0.39694050126458796,0.9372810167377,0.6112140267351308,-0.8180606174490596,0.28070820389055007,0.1997832816686957,0.06106640685217158,-0.45686162213866266,-0.9054480740167674,-0.9704367948586523,-0.03515647443820446,0
1.3327693018282194,1.3548711333506203,-0.21299225488073026,-2.0001559299077067,-0.13097291837172356,1.449513627467661,0.7560346650920298,0.4409475150789621,-0.9054480740167674,-0.9704367948586523,-0.7758490262575747,1
0.04943622211420104,1.4244694861194402,-0.7335435906381161,2.0358552083439605,-1.0435327393864298,-0.07793457295329626,0.693173214597972,-0.03436320462448631,-0.9054480740167674,1.0304638130973318,-1.1470751761106313,0
0.32842167422594415,0.72848595843124,1.218523918452081,0.42313946063251967,1.604949147167531,-0.8416586731637754,-0.18339478951360771,-1.257848205342622,1.1044255642002523,-0.9704367948586523,0.5146429396820602,0
1.1653780305611736,1.0068793695065201,-1.4276120383146307,-1.105140907617588,0.12289710702334536,0.894077918223677,0.06455870965739692,-1.5659199681133757,-0.9054480740167674,-0.9704367948586523,-1.5173971929215673,0
-1.4570852192892119,0.7980843112000601,-0.5166472007392053,-0.18479527148907057,-1.256234652555272,0.47750113629068763,0.04360489282604455,0.4409475150789621,1.1044255642002523,1.0304638130973318,-0.7981406719100065,1
1.4443634826729166,0.5196909001247799,-1.2540949263955021,-0.6069721687957297,0.08859034683482254,-0.8416586731637754,0.658250186545718,-0.8881620900177177,1.1044255642002523,1.0304638130973318,-1.2633230141622893,0
0.6632042167600359,0.72848595843124,1.478799586330774,-0.015924512566406687,-0.19958643874876916,0.26921274532419415,-1.5907928200194508,-0.9057661907474751,-0.9054480740167674,1.0304638130973318,0.7078822266670893,0
0.7190013071823845,-1.5682596829398205,0.39431763683621995,0.7862115923162468,-0.24075455097499615,-0.14736403660879469,0.7211116370397754,1.611620213607826,-0.9054480740167674,-0.9704367948586523,1.3289455779555663,1
-0.006360868308147588,-1.1506695663269004,1.3486617523914275,0.6257843713397168,0.5963303976249594,-0.4250818912307866,0.27409687797092214,-0.13118575863815163,1.1044255642002523,1.0304638130973318,1.9733116017052057,0
0.7190013071823845,-1.2202679190957204,0.8714896946138238,0.22893808787145642,-0.19958643874876916,-0.8416586731637754,-1.0669473992356382,-1.6539404717621624,1.1044255642002523,1.0304638130973318,1.5457333015237698,0
1.6117547539399626,0.5196909001247799,0.8714896946138238,-0.015924512566406687,-0.30936807135204175,0.13035381801319784,-1.5873005172142254,-0.5624862265172069,-0.9054480740167674,-0.9704367948586523,0.3672525768294786,1
0.8305954880270818,-1.3594646246333606,-1.6011291502337595,1.0648483445386432,1.4059699380740982,-0.28622296391979096,-1.3777623489007005,0.3001147092409032,-0.9054480740167674,-0.9704367948586523,-0.9497998496666742,1
-0.6201288629539825,1.07647772227534,-0.42988864477964106,-1.9748253160693074,-1.7845587594585222,0.26921274532419415,0.07503561807307327,-0.6064964783416001,-0.9054480740167674,-0.9704367948586523,-0.8313186544644688,0
-0.8991143150657256,0.9372810167377,1.2619031964318632,-0.7842864656645269,-0.04863669391926865,0.824648454568178,0.8887421716905956,-1.662742522127041,1.1044255642002523,-0.9704367948586523,0.4326467309900584,1
1.2211751209835222,-1.4986613301710006,1.1317653624925168,-1.0122619902101233,0.9599820556233019,0.1997832816686957,-0.588501914919756,-0.1928001111923026,-0.9054480740167674,1.0304638130973318,2.072243442460285,0
-0.6201288629539825,-0.8722761552516204,-0.5600264787189876,0.9973000409695766,0.6512212139265967,0.26921274532419415,-0.43484059148983767,-1.3898789608158022,1.1044255642002523,1.0304638130973318,-0.12022759131621802,0
-1.1780997671774687,1.6332645444259002,-1.2540949263955021,-0.7758429277183936,1.0560409841511662,-0.5639408185417829,1.503387465410269,0.4233434143492048,-0.9054480740167674,1.0304638130973318,-1.542006872970125,1
1.555957663517614,-1.6378580357086405,0.6112140267351308,-1.3246728942170511,2.0852437898068503,1.2412252365011673,-1.0145628571572571,0.4233434143492048,1.1044255642002523,-0.9704367948586523,1.6289886471254988,0
0.27262458380359555,-1.4290629774021806,0.8714896946138238,0.532905453932251,1.7558988919970304,-0.9110881368192733,-1.3952238629268274,-1.6275343206675266,-0.9054480740167674,1.0304638130973318,1.7269364563813931,0
0.2168274933812469,1.2852727805818,-0.7335435906381161,-0.9447136866410575,-1.180759780140521,-0.008505109297798425,-0.5605634924779527,-0.7385272338147801,-0.9054480740167674,-0.9704367948586523,-1.1072177317201253,0
0.16103040295889828,0.10210078351185986,0.5244554707755664,-0.3789966442501338,-1.6541930707421362,-1.1193765277857675,0.8468345380278905,-0.3072267659357253,1.1044255642002523,-0.9704367948586523,0.32025475563630507,0
-0.7317230437986797,0.45009254735595994,0.39431763683621995,2.3904838020815538,0.34246037222989145,1.1023663091901705,0.42775820140084037,0.17688600413260205,1.1044255642002523,-0.9704367948586523,0.0351270506067653,1
-0.6759259533763311,-0.31548933310106025,-0.7769228686178984,0.7693245164239814,-1.3866003412716579,0.47750113629068763,-0.3056253876964972,-0.7209231330850228,1.1044255642002523,1.0304638130973318,-0.5811319156247683,1
1.388566392250568,-1.2202679190957204,-0.7335435906381161,-0.23545649916586925,-1.9766766165142506,1.380084163812163,1.6116488523722572,-0.747329284179659,1.1044255642002523,-0.9704367948586523,-0.10885539099463287,0
-0.7875201342210283,0.86768266396888,-0.3865093667998589,-0.15102111970453733,0.32873766815448213,-1.39709438240776,0.8084192071704108,1.6996407172566124,-0.9054480740167674,1.0304638130973318,-0.7277060616605012,1
0.8305954880270818,-1.2202679190957204,-0.6034057566987697,0.8959775856159793,0.5894690455872552,2.421526118644634,-1.541900580746295,-1.6099302199377692,1.1044255642002523,1.0304638130973318,0.025300448939291453,0
0.49581294549299004,1.7028628971947202,-0.4732679227594232,0.6511149851781162,1.7696215960724389,-0.008505109297798425,0.8433422352226652,1.7260468683512487,-0.9054480740167674,1.0304638130973318,-1.0562088420226943,1
0.942189668871779,-1.5682596829398205,1.1317653624925168,0.051623791002659826,0.795309606718392,-1.8136711643407482,-1.6746080873448608,-1.5923261192080118,1.1044255642002523,-0.9704367948586523,2.139998845427753,0
-1.0107084959104229,1.2852727805818,0.2641798028968735,0.07695440484105917,1.9823235092412816,2.2826671913336387,0.5115734687262504,-0.747329284179659,-0.9054480740167674,1.0304638130973318,-0.4266037746007394,0
-0.9549114054880742,-1.5682596829398205,1.2619031964318632,-1.5273178049242477,0.36990578038070915,-1.39709438240776,-1.0250397655729333,-0.025561154259607435,-0.9054480740167674,1.0304638130973318,2.283125892628727,1
-0.06215795873049621,-0.24589098033224022,3.300729261481625,-1.7384062535775775,-1.1601757240274075,-0.4250818912307866,0.6722193977666197,-1.257848205342622,1.1044255642002523,-0.9704367948586523,2.9333821070726596,0
-1.736070671400955,-1.3594646246333606,0.43769691481600215,-0.201682347381336,0.8502004230200293,-0.21679350026429253,-0.6758094850503915,-1.2842543564372582,-0.9054480740167674,1.0304638130973318,1.2065642575961955,0
1.1653780305611736,-1.6378580357086405,-1.2974742043752843,-0.6660769344186623,1.3785245299232796,0.47750113629068763,1.2903569942915187,-0.8529538885582032,-0.9054480740167674,-0.9704367948586523,-0.49810404084692095,0
1.2211751209835222,-0.1762926275634202,-0.12623369892116593,0.5666796057167842,0.41107389260693705,-0.8416586731637754,-0.5815173093093052,1.6644325157970976,1.1044255642002523,1.0304638130973318,-0.07956699687889722,0
1.2211751209835222,1.2852727805818,-1.6445084282135416,0.17827686019465774,1.5020288666019626,1.1023663091901705,0.406804384569488,-0.42165342067914796,-0.9054480740167674,-0.9704367948586523,-1.7286478664813039,0
-1.6244764905562576,-1.6378580357086405,3.300729261481625,-0.8096170795029263,-0.11725021429631426,0.7552189909126802,-0.7596247523758016,0.22969830632187377,-0.9054480740167674,-0.9704367948586523,4.626255616541182,1
-0.8991143150657256,0.86768266396888,-0.12623369892116593,0.14450270841012447,0.5688849894741408,-0.008505109297798425,1.444018317721437,0.7226131267550796,-0.9054480740167674,-0.9704367948586523,-0.5385781312918144,1
-0.5085346821092852,-0.5938827441763403,1.478799586330774,-0.4465449478191991,-0.17214103059795055,1.380084163812163,0.96906513621078,0.85464388222826,1.1044255642002523,-0.9704367948586523,1.619839684048842,0
1.388566392250568,0.65888760566242,0.3075590808766557,2.0696293601284927,2.4557567998428946,-0.07793457295329626,-0.9097937730004945,0.660998774200929,-0.9054480740167674,-0.9704367948586523,-0.13010254404654983,1
-1.1780997671774687,0.5892892528936,-0.2997508108402946,0.3640346950095871,0.8707844791331418,-0.28622296391979096,1.5557720074886503,-0.5712882768820854,1.1044255642002523,1.0304638130973318,-0.5587922883413823,1
-1.12230267675512,-0.1762926275634202,-0.2997508108402946,-1.603309646439447,-1.1464530199519982,2.074378800367144,-0.5116712532047969,-1.3634728097211661,1.1044255642002523,1.0304638130973318,-0.22860284051200103,1
-1.2338968575998173,0.3108958418183199,-1.4276120383146307,1.8163232217444967,1.9137099888642362,0.26921274532419415,0.5185580743367012,-0.7649333849094164,-0.9054480740167674,1.0304638130973318,-1.3401922689192138,0
-0.006360868308147588,-1.2202679190957204,0.39431763683621995,-0.6660769344186623,-0.7484946017651339,-1.0499470641302695,0.8363576296122142,-1.0201928454908977,1.1044255642002523,1.0304638130973318,1.0538285550993796,0
-0.8991143150657256,-0.24589098033224022,-0.039475142961601616,-1.0122619902101233,0.01997682645777695,-0.008505109297798425,-1.6781003901500862,-1.2754523060723795,-0.9054480740167674,-0.9704367948586523,0.030789149844674363,0
-1.3454910384445147,1.2852727805818,-0.9504399805370269,2.1456212016436917,0.48654876502168687,-0.008505109297798425,1.5906950355409044,-1.6715445724919198,1.1044255642002523,-0.9704367948586523,-1.255177287615644,0
0.32842167422594415,0.72848595843124,1.522178864310556,0.330260543225055,0.5688849894741408,-2.438536337240231,-0.5570711896727273,1.532401760323918,1.1044255642002523,1.0304638130973318,0.7400887744979275,0
-1.12230267675512,-1.4290629774021806,-0.5166472007392053,0.6848891369626494,0.5071328211348003,-0.6333702821972813,-1.0948858216774418,1.4795894581346456,1.1044255642002523,-0.9704367948586523,0.23964470463852255,1
-0.4527375916869366,-0.8722761552516204,0.654593304714913,0.7186632887471814,-1.1601757240274075,-0.14736403660879469,1.2135263325765593,-1.5835240688431331,-0.9054480740167674,1.0304638130973318,1.0557949199736834,0
-0.2295492299975421,0.2412974890494999,0.4810761927957843,-0.23545649916586925,0.5071328211348003,-0.21679350026429253,0.6966655174031977,-1.152223600964078,1.1044255642002523,-0.9704367948586523,0.20992492208826974,0
1.1653780305611736,0.38049419458713996,-0.1696129769009481,-0.6069721687957297,1.1383772086036201,-0.008505109297798425,-1.4545930106156597,-1.2666502557075008,-0.9054480740167674,-0.9704367948586523,-0.3726524232038002,1
-1.3454910384445147,1.4940678388882602,-0.6034057566987697,-0.4381014098730664,1.1109318004528015,-0.49451135488628506,-1.3498239264588971,-0.7737354352742949,1.1044255642002523,1.0304638130973318,-1.08046900421871,0
1.4443634826729166,-0.6634810969451603,-0.4732679227594232,1.605234773091167,-1.3317095249700215,1.2412252365011673,0.7385731510659027,-1.037796946220655,1.1044255642002523,1.0304638130973318,-0.14519203612494488,1
-0.2295492299975421,1.14607607504416,-1.0371985364965912,0.17827686019465774,-0.666158377312679,1.0329368455346728,-1.4965006442783646,1.5676099617834327,1.1044255642002523,-0.9704367948586523,-1.2776058488969197,0
0.2168274933812469,0.3108958418183199,-1.514370594274195,1.309710944976505,-1.0709781475372484,0.060924354357699405,1.444018317721437,-1.4602953637348315,1.1044255642002523,1.0304638130973318,-1.4089959329440842,0
-0.3411434108422393,-0.6634810969451603,1.478799586330774,-0.10035989202773864,0.35618307630529983,-0.07793457295329626,0.8328653268069889,-1.011390795126019,1.1044255642002523,1.0304638130973318,1.6767403597600719,0
-1.3454910384445147,-0.9418745080204404,-0.5166472007392053,-0.7927300036106601,-1.5924409024027948,-0.14736403660879469,-0.588501914919756,-1.4778994644645889,1.1044255642002523,1.0304638130973318,-0.04106755592495102,0
1.4443634826729166,-0.5938827441763403,-0.5600264787189876,-1.4851001151935819,-1.1464530199519982,0.26921274532419415,-0.49071743637344445,1.690838666891734,1.1044255642002523,1.0304638130973318,-0.26020994858980145,1
1.555957663517614,-0.6634810969451603,-0.8636814245774627,0.6342279092858495,-0.6798810813880883,0.13035381801319784,0.008681864773790193,1.4707874077697671,1.1044255642002523,-0.9704367948586523,-0.5095785153019486,0
0.9979867592941277,-0.9418745080204404,-0.9504399805370269,1.6896701525524989,-1.8463109277978635,0.33864220897969194,-0.4977020419838953,0.7666233785794732,-0.9054480740167674,-0.9704367948586523,-0.46630929023706674,1
-0.2295492299975421,-1.2202679190957204,0.17742124693730918,-0.9193830728026581,-0.021191285768450994,0.5469305999461866,0.976049741821231,-0.2632165141113317,-0.9054480740167674,-0.9704367948586523,0.8302354885428389,1
-0.2295492299975421,-0.38508768586988024,0.09066269097774486,0.4991313021477189,-2.0521514889290002,-1.2582354550967636,1.646571880424511,-1.0906092484099272,-0.9054480740167674,-0.9704367948586523,0.22016406499867996,1
0.27262458380359555,-1.5682596829398205,0.134041968957527,-1.4175518116245165,0.5071328211348003,-0.3556524275752888,0.2845737863865982,-0.9761825936665046,1.1044255642002523,1.0304638130973318,1.0426914835536185,0
0.49581294549299004,-0.6634810969451603,0.4810761927957843,-0.5900850929034637,-0.405426999879906,0.1997832816686957,-0.20085630353973474,-0.20160216155718108,1.1044255642002523,1.0304638130973318,0.7455304685299525,0
0.2168274933812469,0.3108958418183199,0.0472834129979627,0.24582516376372304,-0.6387129691618614,-0.9805176004747718,-0.9796398291050028,0.9426643858770468,-0.9054480740167674,1.0304638130973318,-0.17052998049641838,1
-0.2853463204198907,1.3548711333506203,0.003904135018180542,-1.7721804053621109,-0.46717916821924743,-0.008505109297798425,0.5220503771419268,-0.8265477374635669,1.1044255642002523,-0.9704367948586523,-0.6294108952778698,0
1.2211751209835222,-0.1762926275634202,-0.690164312658334,-0.04125512640480603,-0.055498045956973795,-0.21679350026429253,0.6372963697143657,-0.6681108308957506,1.1044255642002523,-0.9704367948586523,-0.5639334886864844,0
-0.843317224643377,0.1716991362806799,0.5678347487553487,-0.8687218451258588,0.6169144537380739,-0.21679350026429253,0.6338040669091399,0.35292701143017535,-0.9054480740167674,-0.9704367948586523,0.31734815040865155,1
-1.289693948022166,1.0068793695065201,0.3509383588564378,0.5920102195551835,1.3648018258478714,-0.008505109297798425,-1.6641311789291848,-0.9233702914772325,-0.9054480740167674,-0.9704367948586523,-0.2522301180936556,0
0.04943622211420104,-1.4290629774021806,1.0450068065329523,-0.19323880943520327,1.04917963211346,-0.9110881368192733,1.3811568672273795,0.3001147092409032,-0.9054480740167674,1.0304638130973318,1.9128479253492523,1
1.1653780305611736,-0.38508768586988024,1.3052824744116454,0.9297517374005113,2.3048070550133954,1.0329368455346728,-0.5780250065040798,-0.3952472695845121,1.1044255642002523,1.0304638130973318,1.3007822081411533,0
-0.6759259533763311,1.0068793695065201,3.300729261481625,-0.31144834068106847,0.6992506781905278,-0.008505109297798425,0.8398499324174399,-1.6363363710324053,-0.9054480740167674,1.0304638130973318,1.8460957621087355,1
-1.0665055863327715,1.2852727805818,0.39431763683621995,-1.40066473573225,0.150342515174163,0.13035381801319784,0.8957267773010462,-0.34243496739524,1.1044255642002523,-0.9704367948586523,-0.33782804106342806,0
-0.2295492299975421,-1.7074563884774605,-0.21299225488073026,-1.5273178049242477,-0.46717916821924743,-0.4250818912307866,0.5150657715314758,1.4795894581346456,-0.9054480740167674,-0.9704367948586523,0.7609156754285361,1
0.8863925784494304,0.3108958418183199,0.0472834129979627,-1.9579382401770407,-0.43287240803072463,0.26921274532419415,-0.37896374660623094,-0.7297251834499017,-0.9054480740167674,-0.9704367948586523,-0.17052998049641838,0
-0.17375213957519348,-0.31548933310106025,1.5655581422903382,0.6173408333935829,0.5620236374364366,1.7272314820896535,0.364896750906783,-0.6241005790713574,1.1044255642002523,-0.9704367948586523,1.4784712460902318,0
-1.0665055863327715,-0.38508768586988024,0.958248250573388,2.5677980989503513,-1.0229486832733163,-0.4250818912307866,-1.618731242461254,-1.530711766653861,1.1044255642002523,-0.9704367948586523,0.9920341672433037,0
0.7747983976047331,-1.3594646246333606,0.4810761927957843,0.41469592268638694,0.23954009166432308,-0.5639408185417829,0.9027113829114972,0.40573931361944743,1.1044255642002523,-0.9704367948586523,1.252444344984767,0
0.16103040295889828,-0.24589098033224022,1.218523918452081,1.672783076660232,-0.01432993373074585,-0.8416586731637754,-1.4091930741477292,1.2331320479180432,-0.9054480740167674,1.0304638130973318,1.1239735103591102,0
1.6117547539399626,-0.5242843914075203,1.0016275285531702,1.1239531101615745,-0.7416332497274298,-0.07793457295329626,-0.3719791409957801,-0.5184759746928133,-0.9054480740167674,-0.9704367948586523,1.1292003194979368,0
-1.4570852192892119,-1.2202679190957204,0.8281104166340416,-0.5478674031727977,-1.0778394995749527,-0.07793457295329626,-1.3952238629268274,-0.9145682411123538,1.1044255642002523,-0.9704367948586523,1.5010146882124609,0
-0.7875201342210283,0.9372810167377,-0.2563715328605124,1.2590497172997064,2.6067065446723965,-0.008505109297798425,1.1646340933034032,1.611620213607826,1.1044255642002523,-0.9704367948586523,-0.6588940816758888,1
1.0537838497164762,0.45009254735595994,1.5655581422903382,-0.5056497134421317,-1.4277684534978858,0.47750113629068763,0.16234318820370872,0.8634459325931385,-0.9054480740167674,1.0304638130973318,0.9435628641283841,1
-1.5128823097115605,0.5196909001247799,-0.9938192585168091,-0.4887626375498651,-0.06235939799467797,0.33864220897969194,0.6547578837404926,0.23850035668675265,-0.9054480740167674,1.0304638130973318,-1.0636606968979911,1
0.8305954880270818,-0.6634810969451603,0.39431763683621995,-0.23545649916586925,1.261881545282303,-0.008505109297798425,0.6268194612986893,-0.685714931625508,1.1044255642002523,-0.9704367948586523,0.6645556953795071,0
-0.39694050126458796,-0.9418745080204404,-1.2540949263955021,-0.18479527148907057,0.5483009333610283,2.004949336711646,1.1820956073295306,-0.9849846440313832,-0.9054480740167674,1.0304638130973318,-0.7639785042555476,1
-1.6802735809786062,0.86768266396888,-0.039475142961601616,0.6426714472319834,-0.48090187229465575,0.6857895272571823,-1.2939470815752905,0.7578213282145944,-0.9054480740167674,1.0304638130973318,-0.47553548783558536,1
-1.2338968575998173,0.5892892528936,-0.8636814245774627,-0.7082946241493283,-1.221927892366749,-1.1193765277857675,0.5464964967785045,0.08006345011893637,1.1044255642002523,1.0304638130973318,-0.9866790061781544,1
1.3327693018282194,-0.8026778024828004,-0.12623369892116593,0.8790905097237126,0.13661981109875468,-1.605382773374254,0.24965075833434414,0.07126139975405787,1.1044255642002523,-0.9704367948586523,0.2586791309797405,0
-0.11795504915284484,0.72848595843124,0.8714896946138238,0.862203433831446,-2.0521514889290002,-0.7027997458527792,-1.6501619677082833,-1.504305615559225,1.1044255642002523,1.0304638130973318,0.25699055703535556,0
0.9979867592941277,0.5196909001247799,1.0450068065329523,0.3218170052789211,0.17778792332498164,-0.008505109297798425,-1.056470490819962,0.044855248659421636,-0.9054480740167674,1.0304638130973318,0.5003607883390105,0
1.5001605730952654,-0.1762926275634202,0.3075590808766557,1.9429762909364947,0.04056088257089044,-0.8416586731637754,-0.822486202869859,1.1363094939043774,1.1044255642002523,1.0304638130973318,0.29302261220386194,0
0.7190013071823845,1.7028628971947202,-1.5577498722539773,1.275936793191973,1.1109318004528015,-0.6333702821972813,-1.5034852498888154,1.5764120121483112,-0.9054480740167674,-0.9704367948586523,-1.752068226577652,0
-1.5128823097115605,1.3548711333506203,1.522178864310556,1.0564048065925091,-1.1738984281028169,-0.008505109297798425,-0.5186558588152478,-1.3810769104509235,-0.9054480740167674,1.0304638130973318,0.39565602158006496,1
1.2769722114058708,-1.6378580357086405,1.1317653624925168,0.04318025305652591,-0.3299521274651562,-0.3556524275752888,-1.6641311789291848,0.4585516158087195,-0.9054480740167674,-0.9704367948586523,2.2091048347543407,0
1.3327693018282194,1.07647772227534,-1.3408534823550664,0.330260543225055,0.45910335687086823,-2.1608184826182386,0.17282009661938505,0.23850035668675265,-0.9054480740167674,1.0304638130973318,-1.472527825924833,1
0.04943622211420104,-0.31548933310106025,0.5244554707755664,0.5075748400938516,0.2189560355512086,-0.008505109297798425,-1.0180551599624823,1.3739648537561013,-0.9054480740167674,-0.9704367948586523,0.5630920631057874,0
1.2211751209835222,-1.6378580357086405,1.478799586330774,-0.007480974620272774,-1.3728776371962486,0.894077918223677,-0.7561324495705761,0.8810500333228959,1.1044255642002523,-0.9704367948586523,2.5958489598402354,0
-1.736070671400955,0.10210078351185986,-1.4276120383146307,-0.40432725808853315,-0.6592970252749749,-1.327664918752262,1.419572198084859,1.6380263647024622,-0.9054480740167674,-0.9704367948586523,-1.2810530141845107,1
-0.7875201342210283,-1.1506695663269004,0.003904135018180542,-2.135252537045838,1.4471380503003253,0.060924354357699405,-0.0017950436418858375,1.6204222639727044,1.1044255642002523,-0.9704367948586523,0.6045268682961575,0
-0.006360868308147588,-1.7074563884774605,0.9148689725936059,0.7017762128549149,0.27384685185284585,-1.1888059914412659,-0.8189939000646337,-0.9673805433016259,-0.9054480740167674,-0.9704367948586523,2.034648857085039,0
0.8305954880270818,-1.0114728607892605,-0.4732679227594232,1.0310741927541098,-1.7090838870437723,-0.6333702821972813,0.3299737228545289,0.7930295296741091,1.1044255642002523,1.0304638130973318,0.03984797283212589,0
0.942189668871779,-1.5682596829398205,0.654593304714913,-1.1980198250250533,0.9119525913593688,0.47750113629068763,-1.0529781880147366,0.1064696012135726,1.1044255642002523,1.0304638130973318,1.615199672357515,0
-1.1780997671774687,-0.1762926275634202,-0.08285442094138377,0.5920102195551835,-1.6404703666667269,0.824648454568178,-1.49999294708359,-1.0025887447611403,-0.9054480740167674,1.0304638130973318,-0.04230803597062146,0
-0.6201288629539825,0.03250243074303985,-1.2974742043752843,-0.6238592446879964,-0.30936807135204175,0.824648454568178,-1.6850849957605372,-1.0730051476801699,1.1044255642002523,-0.9704367948586523,-1.1526834687555658,0
-0.3411434108422393,-1.4986613301710006,0.7413518606744772,-0.3958837201424004,0.5826076935495511,0.26921274532419415,1.5662489159043265,-1.4778994644645889,-0.9054480740167674,-0.9704367948586523,1.6484567836711908,0
-0.39694050126458796,-0.5242843914075203,0.8714896946138238,1.3012674070303722,1.2550201932445968,1.3106547001566653,0.7734961791181568,1.0394869398907118,1.1044255642002523,-0.9704367948586523,1.0106300122609868,1
-0.5643317725316338,-1.3594646246333606,-1.6011291502337595,-1.0291490661023894,-2.0521514889290002,-0.6333702821972813,1.0354188895100631,-0.6152985287064789,1.1044255642002523,1.0304638130973318,-0.9497998496666742,0
1.5001605730952654,0.65888760566242,0.958248250573388,-1.0291490661023894,0.7404187904167547,-0.4250818912307866,1.6675256972558639,1.2595381990126786,1.1044255642002523,-0.9704367948586523,0.3582610102025203,0
-0.2853463204198907,-0.24589098033224022,0.8281104166340416,1.807879683798364,0.8913685352462563,-2.438536337240231,1.4964028597998182,0.3793331625248116,-0.9054480740167674,-0.9704367948586523,0.7847093984753202,1
0.942189668871779,1.21567442781298,0.9148689725936059,-0.16790819559680395,-0.5700994487848158,-0.07793457295329626,0.8154038127808618,0.6081864720116569,-0.9054480740167674,-0.9704367948586523,0.04941628098759937,0
-1.0665055863327715,-0.7330794497139803,0.0472834129979627,1.2421626414074398,0.10231305091023186,-0.008505109297798425,0.665234792156169,-0.7297251834499017,1.1044255642002523,-0.9704367948586523,0.38225793440298117,0
0.04943622211420104,-0.24589098033224022,-0.12623369892116593,-1.645527336170113,-2.0521514889290002,0.26921274532419415,-0.5815173093093052,-0.14878985936790898,-0.9054480740167674,1.0304638130973318,-0.04460287501839033,1
0.10523331253654966,0.7980843112000601,-0.08285442094138377,-1.561091956708781,-2.0521514889290002,-0.6333702821972813,-1.3952238629268274,-0.3072267659357253,1.1044255642002523,-0.9704367948586523,-0.47952895393381406,0
0.49581294549299004,1.14607607504416,-0.9070607025572448,-0.9531572245871908,1.1452385606413242,0.894077918223677,0.2461584555291188,-0.9321723418421112,-0.9054480740167674,-0.9704367948586523,-1.1869612037794257,0
0.16103040295889828,-0.9418745080204404,1.0450068065329523,-0.5140932513882644,-0.5495153926717014,-0.07793457295329626,0.25314306113956947,1.1715176953638922,-0.9054480740167674,-0.9704367948586523,1.4898026875986656,1
-1.736070671400955,1.4940678388882602,-0.7335435906381161,-1.4428824254629158,-0.3505361835782697,-0.008505109297798425,1.5662489159043265,0.43214546471408366,-0.9054480740167674,-0.9704367948586523,-1.1665479114066344,0
-0.6201288629539825,1.6332645444259002,-1.21071564841572,0.3471476191173216,0.24640144370202724,0.47750113629068763,-0.21133321195541108,-1.6275343206675266,1.1044255642002523,1.0304638130973318,-1.5138906322928871,0
0.8863925784494304,1.14607607504416,0.8281104166340416,0.41469592268638694,-0.3711202396913832,1.449513627467661,0.6547578837404926,1.127507443539499,-0.9054480740167674,-0.9704367948586523,0.02163406445383035,1
1.2769722114058708,0.86768266396888,0.7847311386542594,-0.9362701486949241,-0.46717916821924743,0.33864220897969194,0.24965075833434414,-1.3898789608158022,-0.9054480740167674,1.0304638130973318,0.1233696249985893,1
-1.4570852192892119,-0.5242843914075203,-2.078301208011363,-0.8518347692335922,0.41107389260693705,0.6163600636016845,-1.140285758145372,-0.34243496739524,-0.9054480740167674,1.0304638130973318,-1.6769636184432193,0
-0.2295492299975421,1.3548711333506203,-1.3842327603348485,-0.7167381620954616,-1.5306887340634543,-0.07793457295329626,0.3090199060231762,0.25610445741651,-0.9054480740167674,-0.9704367948586523,-1.5666149335479815,1
-0.843317224643377,0.65888760566242,0.958248250573388,-1.2064633629711865,1.2001293769429615,-0.5639408185417829,0.12742016015145466,-1.7331589250460704,1.1044255642002523,-0.9704367948586523,0.3582610102025203,0
-1.5128823097115605,0.3108958418183199,0.654593304714913,-2.135252537045838,-0.23389319893729196,0.47750113629068763,-0.03322576888891455,0.5377700690926275,-0.9054480740167674,1.0304638130973318,0.3110956676776743,1
-0.06215795873049621,-0.10669427479460018,1.2619031964318632,-0.10880342997387134,-1.0298100353110207,1.5883725547786578,0.03312798441036822,0.5641762201872637,-0.9054480740167674,-0.9704367948586523,1.0646163658550896,1
-1.5128823097115605,1.14607607504416,-1.6445084282135416,-0.46343202371146575,-1.1670370760651119,-0.6333702821972813,-1.1856856946133025,0.5377700690926275,1.1044255642002523,-0.9704367948586523,-1.7006141927785594,0
0.32842167422594415,0.3108958418183199,0.6979725826946951,-0.35366603041173444,0.047422234608594606,-0.28622296391979096,-0.14148715585090266,-1.1874318024235928,1.1044255642002523,1.0304638130973318,0.3454974996901092,0
-1.6244764905562576,-0.8026778024828004,-1.5577498722539773,-1.046036141994656,-0.30936807135204175,-0.008505109297798425,0.357912145296332,-0.8617559389230817,-0.9054480740167674,1.0304638130973318,-1.1103931067350536,1
1.1653780305611736,-1.3594646246333606,-0.039475142961601616,0.7946551302623807,-1.5855795503650905,0.6857895272571823,-0.05068728291504188,-0.8881620900177177,1.1044255642002523,1.0304638130973318,0.7018832963219067,0
-0.5085346821092852,-1.5682596829398205,-1.6445084282135416,2.4327014918122196,-0.6112675610110427,0.33864220897969194,-0.05068728291504188,1.6204222639727044,-0.9054480740167674,1.0304638130973318,-0.9133781615263609,1
0.27262458380359555,-0.6634810969451603,-0.039475142961601616,-0.8687218451258588,-0.8239694741798838,-0.008505109297798425,-1.4860237358626882,-1.5219097162889823,1.1044255642002523,1.0304638130973318,0.25968182962728115,0
1.1653780305611736,-1.2898662718645404,-0.42988864477964106,1.394146324437837,1.30304965750853,2.074378800367144,-1.0913935188722161,-0.2456124133815743,-0.9054480740167674,1.0304638130973318,0.24616107885900132,0
0.27262458380359555,-0.8026778024828004,-1.4709913162944128,0.3471476191173216,0.14348116313645884,-0.7027997458527792,-0.6373941541929119,1.3123505012019512,-0.9054480740167674,-0.9704367948586523,-1.0274190317220357,1
-1.2338968575998173,-1.1506695663269004,1.522178864310556,0.009406101271993855,1.6186718512429392,-0.008505109297798425,-0.2951484792808209,0.9514664362419254,-0.9054480740167674,-0.9704367948586523,2.1499289866612123,0
-1.2338968575998173,-0.7330794497139803,-0.7769228686178984,-0.3705531063039999,-0.7210491936143153,0.33864220897969194,0.3160045116336272,1.1363094939043774,-0.9054480740167674,-0.9704367948586523,-0.3964122355367227,1
-0.7317230437986797,-0.31548933310106025,1.3920410303712096,-0.10880342997387134,-0.2956453672766334,-0.008505109297798425,1.2554339662392646,1.6644325157970976,1.1044255642002523,-0.9704367948586523,1.325908048926158,1
-0.843317224643377,0.65888760566242,1.218523918452081,1.140840186053841,0.40421254056923195,0.6163600636016845,-1.2031472086394297,-0.3952472695845121,-0.9054480740167674,-0.9704367948586523,0.5536064319021488,1
-0.6201288629539825,-1.6378580357086405,0.3509383588564378,-1.1811327491327872,0.6306371578134822,-0.28622296391979096,-1.7060388125918895,-0.6681108308957506,-0.9054480740167674,-0.9704367948586523,1.3389305533110782,0
-1.0107084959104229,0.10210078351185986,-0.1696129769009481,-0.3030048027349346,0.747280142454461,0.33864220897969194,-0.1903793951240584,-1.6539404717621624,1.1044255642002523,-0.9704367948586523,-0.24909911807776255,0
-1.289693948022166,-1.6378580357086405,1.2619031964318632,1.2421626414074398,-0.9063056986323387,-1.39709438240776,-0.24974854281289047,-1.231442054247986,-0.9054480740167674,-0.9704367948586523,2.354133881661552,0
0.7747983976047331,0.65888760566242,1.3052824744116454,0.9719694271311773,-0.878860290481521,-0.008505109297798425,0.16932779381415938,0.22089625595699527,1.1044255642002523,-0.9704367948586523,0.6187215724686912,0
-1.736070671400955,-0.5242843914075203,-1.6445084282135416,-1.1642456732405206,-0.35739753561597387,1.1023663091901705,1.1506648820825018,-1.2050359031533502,-0.9054480740167674,1.0304638130973318,-1.2817292609867184,1
1.0537838497164762,-0.8026778024828004,1.2619031964318632,-0.21012588532746992,1.5294742747527792,1.0329368455346728,1.042403495120514,0.8370397814985027,-0.9054480740167674,1.0304638130973318,1.5862643311880258,1
0.7190013071823845,-0.38508768586988024,-1.1673363704359379,0.7102197508010487,-1.0229486832733163,0.26921274532419415,-1.4091930741477292,-1.6275343206675266,1.1044255642002523,-0.9704367948586523,-0.899047583256025,0
-1.0665055863327715,-0.5242843914075203,0.9148689725936059,0.6511149851781162,-0.535792688596293,-0.49451135488628506,1.503387465410269,-0.8441518381933243,-0.9054480740167674,-0.9704367948586523,1.0501534480066363,1
-1.568679400133909,-1.0810712135580804,-0.5166472007392053,0.9635258891850446,0.754141494492165,0.824648454568178,-1.374270046095475,0.6874049252955649,1.1044255642002523,1.0304638130973318,0.03536527666530463,0
1.6675518443623112,-0.037095922025780166,0.7413518606744772,0.3640346950095871,0.6992506781905278,1.3106547001566653,0.4591889266478691,-0.8617559389230817,-0.9054480740167674,1.0304638130973318,0.5804516949670048,0
-1.736070671400955,-1.6378580357086405,-0.690164312658334,0.532905453932251,0.5757463415118469,-0.4250818912307866,0.5884041304412095,0.8106336304038664,1.1044255642002523,1.0304638130973318,0.17869817805339433,1
0.942189668871779,-0.037095922025780166,-0.6034057566987697,0.3218170052789211,0.08859034683482254,-1.535953309718756,0.6163425528830129,1.7436509690810065,-0.9054480740167674,-0.9704367948586523,-0.5481763300304682,1
0.4400158550706414,0.5196909001247799,-0.7769228686178984,1.5799041592527676,-1.091562203650362,0.47750113629068763,-0.8329631112855354,1.048288990255591,-0.9054480740167674,1.0304638130973318,-0.897275432511076,1
-0.006360868308147588,0.72848595843124,0.958248250573388,-0.45498848576533185,-0.707326489538907,0.9635073818791748,-0.6059634289458832,-0.553684176152328,-0.9054480740167674,1.0304638130973318,0.3214036526970315,1
0.10523331253654966,0.38049419458713996,1.0450068065329523,0.026293177164259284,1.1658226167544388,0.6163600636016845,0.15885088539848335,1.409173055215616,1.1044255642002523,1.0304638130973318,0.5799258109410202,0
-0.2295492299975421,-0.8026778024828004,0.5678347487553487,-1.0544796799407894,0.8021709587560962,1.5883725547786578,-1.0599627936251874,-1.5835240688431331,-0.9054480740167674,-0.9704367948586523,0.9224717310838834,0
-0.06215795873049621,-1.7074563884774605,-0.6034057566987697,-1.2486810527018526,-1.3660162851585445,1.6578020184341555,-1.6885772985657626,0.7930295296741091,1.1044255642002523,1.0304638130973318,0.3200080356243624,0
-1.3454910384445147,1.4244694861194402,0.6979725826946951,0.30492992938665564,0.8982298872839605,-0.3556524275752888,0.20425082186641375,-1.6803466228567985,1.1044255642002523,-0.9704367948586523,-0.1904708293954604,0
0.3842187646482928,-0.6634810969451603,0.3075590808766557,-0.7589558518261276,1.351079121772461,0.1997832816686957,-0.13450255024045166,-1.1434215505991994,-0.9054480740167674,1.0304638130973318,0.5835809222290618,0
-0.3411434108422393,1.4244694861194402,-0.2997508108402946,-0.083472816135472,0.06114493868400392,-0.49451135488628506,0.5360195883628285,1.7172448179863702,-0.9054480740167674,1.0304638130973318,-0.8571950710454278,1
1.4443634826729166,-1.5682596829398205,0.6979725826946951,1.6136783110373007,0.44538065279545985,-1.0499470641302695,-1.2450548423021346,-0.4920698235981774,1.1044255642002523,-0.9704367948586523,1.6629086880911732,1
0.10523331253654966,0.65888760566242,-1.4709913162944128,1.554573545414368,1.04917963211346,-0.008505109297798425,1.1786033045243052,1.127507443539499,-0.9054480740167674,1.0304638130973318,-1.4649629256606755,1
1.2211751209835222,1.07647772227534,-0.12623369892116593,2.230056581105024,-0.707326489538907,0.7552189909126802,-1.24854714510736,-0.43925752140890534,-0.9054480740167674,1.0304638130973318,-0.6175822639776808,0
1.2211751209835222,-1.3594646246333606,0.43769691481600215,1.6390089248757,2.4008659835412596,0.33864220897969194,1.3532184447855762,1.1979238464585285,-0.9054480740167674,1.0304638130973318,1.2065642575961955,0
-1.6244764905562576,-0.037095922025780166,0.8281104166340416,2.40737087797382,1.261881545282303,0.894077918223677,-0.18688709231883305,1.6380263647024622,1.1044255642002523,-0.9704367948586523,0.6532664062571647,1
1.5001605730952654,-0.8722761552516204,0.003904135018180542,0.41469592268638694,0.5483009333610283,2.629814509611129,0.16234318820370872,-0.22800831265181695,-0.9054480740167674,-0.9704367948586523,0.42578286035409335,1
0.9979867592941277,0.5892892528936,0.958248250573388,-0.9362701486949241,-0.028052637806155165,0.47750113629068763,1.3741722616169287,0.2120942055921168,1.1044255642002523,-0.9704367948586523,0.395724236063724,0
-1.12230267675512,-1.2202679190957204,-1.2974742043752843,-1.0375926040485226,0.5139941731725055,-0.8416586731637754,-0.7107325131026457,0.44974956544384065,-0.9054480740167674,1.0304638130973318,-0.6901973640416393,1
-1.736070671400955,-0.31548933310106025,-1.4276120383146307,1.394146324437837,-1.5993022544404998,1.1023663091901705,-1.1228242441192449,1.532401760323918,-0.9054480740167674,-0.9704367948586523,-1.1532439049900463,1
1.2211751209835222,0.5892892528936,-0.1696129769009481,0.026293177164259284,2.1469959581461895,-0.8416586731637754,-0.20085630353973474,-0.8529538885582032,-0.9054480740167674,1.0304638130973318,-0.4600491996098197,0
0.6632042167600359,-1.4986613301710006,0.003904135018180542,0.10228501867945851,1.1658226167544388,1.7966609457451512,-0.9063014701952691,0.38813521288969005,-0.9054480740167674,1.0304638130973318,0.8479708726251226,1
-1.5128823097115605,-0.037095922025780166,-0.7335435906381161,-0.5816415549573304,1.5157515706773708,-2.0913890189627407,0.0855125264887496,-0.6152985287064789,-0.9054480740167674,1.0304638130973318,-0.6573983969657072,1
-0.11795504915284484,-0.7330794497139803,0.09066269097774486,-0.46343202371146575,0.04056088257089044,-0.5639408185417829,-0.7980400832332811,-0.9937866943962618,-0.9054480740167674,1.0304638130973318,0.4232405749261233,0
-0.11795504915284484,-1.4986613301710006,-1.4709913162944128,0.3640346950095871,-0.364258887653679,0.6163600636016845,1.25892626904449,-1.4602953637348315,-0.9054480740167674,1.0304638130973318,-0.7530009494670127,1
1.5001605730952654,1.3548711333506203,0.134041968957527,-1.0966973696714553,-0.6867424334257926,1.2412252365011673,0.3614044481015576,0.4233434143492048,1.1044255642002523,1.0304638130973318,-0.5415480166900469,0
1.388566392250568,-0.9418745080204404,1.218523918452081,0.23738162581758915,0.8433390709823232,-0.7027997458527792,-1.758423354670271,1.347558702661466,1.1044255642002523,1.0304638130973318,1.6598993813235121,0
-0.843317224643377,0.45009254735595994,-0.3865093667998589,1.5039123177375682,-0.5220699845208837,-0.9110881368192733,1.0528804035361905,-0.5184759746928133,-0.9054480740167674,1.0304638130973318,-0.5704968250743137,1
0.8863925784494304,0.45009254735595994,0.7847311386542594,-2.135252537045838,-0.18586373467335984,0.13035381801319784,-0.6059634289458832,0.18568805449748055,-0.9054480740167674,-0.9704367948586523,0.33793898844730513,0
0.8305954880270818,0.1716991362806799,1.478799586330774,-1.5864225705471804,0.5688849894741408,2.004949336711646,-0.6408864569981373,0.5025618676331127,-0.9054480740167674,-0.9704367948586523,1.0562051547726317,0
-0.5085346821092852,-0.8722761552516204,-0.42988864477964106,0.6595585231242489,-0.6730197293503842,-1.605382773374254,-0.420871380268936,-0.2984247155708464,-0.9054480740167674,1.0304638130973318,0.005774820607700049,0
-0.9549114054880742,0.38049419458713996,-0.08285442094138377,1.360372172653305,1.0834863923019828,-0.3556524275752888,0.44172741262174203,1.4179751055804952,1.1044255642002523,-0.9704367948586523,-0.30461112076488434,1
0.27262458380359555,-0.8026778024828004,-1.1239570924561557,-0.5225367893343983,-0.01432993373074585,0.26921274532419415,-0.2148255147606364,-0.48326777323329856,1.1044255642002523,-0.9704367948586523,-0.6955227316699645,0
-0.6201288629539825,-0.38508768586988024,-0.2997508108402946,-2.0508171575845062,-1.5444114381388625,-0.8416586731637754,0.4382351098165167,-1.3194625578967727,1.1044255642002523,-0.9704367948586523,-0.12717748101140114,0
-1.0107084959104229,-0.5242843914075203,0.3075590808766557,1.4279204762223703,-0.6867424334257926,-0.8416586731637754,-1.2450548423021346,-1.2490461549777434,1.1044255642002523,1.0304638130973318,0.4968253475675357,0
-1.6802735809786062,0.2412974890494999,-0.690164312658334,-0.8433912312874595,1.351079121772461,-0.28622296391979096,1.629110366398384,1.3739648537561013,1.1044255642002523,-0.9704367948586523,-0.7293903691243849,1
-1.1780997671774687,-1.3594646246333606,0.2641798028968735,-0.3874401821962665,-0.961196514933975,0.26921274532419415,0.7909576931442838,1.7172448179863702,-0.9054480740167674,1.0304638130973318,1.0230439080419085,1
1.0537838497164762,0.45009254735595994,-0.9504399805370269,0.29648639144052175,0.9256752954347791,-0.21679350026429253,-0.8853476533639165,-0.7385272338147801,-0.9054480740167674,-0.9704367948586523,-1.0078918463995377,0
0.3842187646482928,0.2412974890494999,1.175144640472299,-0.6998510862031949,0.12975845906104952,1.5189430911231587,0.7700038763129314,-1.257848205342622,-0.9054480740167674,-0.9704367948586523,0.766556205769843,1
0.32842167422594415,1.21567442781298,-1.4276120383146307,-0.9109395348565248,-0.17214103059795055,0.6163600636016845,0.24965075833434414,-0.06076935571912217,1.1044255642002523,-0.9704367948586523,-1.56523572024839,0
1.555957663517614,-1.6378580357086405,-0.9070607025572448,-0.8940524589642582,2.592983840596986,0.4080716726351898,-1.3777623489007005,0.740217227484837,-0.9054480740167674,1.0304638130973318,-0.06301690012528942,0
0.10523331253654966,-0.1762926275634202,-0.7335435906381161,1.8585409114751628,-1.3179868208946122,-0.008505109297798425,-1.1367934553401466,0.39693726325456896,-0.9054480740167674,1.0304638130973318,-0.6011924495947606,1
0.32842167422594415,-0.4546860386387003,-0.2563715328605124,1.1492837239999751,-0.7553559538028382,0.4080716726351898,-1.6152389396560287,1.5852140625131896,-0.9054480740167674,1.0304638130973318,-0.053101306392463216,1
0.9979867592941277,0.38049419458713996,3.300729261481625,0.5582360677706515,-0.021191285768450994,-0.49451135488628506,1.0668496147570918,1.1187053931746198,-0.9054480740167674,1.0304638130973318,2.3489996743528296,1
0.10523331253654966,-1.4290629774021806,-0.2997508108402946,-2.135252537045838,2.490063560031418,-0.28622296391979096,0.16932779381415938,1.3035484508370727,1.1044255642002523,1.0304638130973318,0.47203404084834644,0
-0.7875201342210283,-0.4546860386387003,0.134041968957527,0.5582360677706515,-0.01432993373074585,-1.1888059914412659,-0.6513633654138136,0.15047985303796582,1.1044255642002523,1.0304638130973318,0.2983875646248949,0
-0.11795504915284484,0.5892892528936,-1.2540949263955021,0.5075748400938516,0.28756955592825423,2.074378800367144,-1.3183932012118684,-0.6064964783416001,-0.9054480740167674,1.0304638130973318,-1.2829082723728427,0
-0.9549114054880742,-1.0810712135580804,-0.12623369892116593,-1.316229356270918,-0.3368134795028604,0.9635073818791748,-0.0681487969411689,0.7138110763902011,1.1044255642002523,1.0304638130973318,0.42777150646610046,0
-0.2853463204198907,-0.037095922025780166,-0.21299225488073026,0.23738162581758915,0.37676713241841425,-2.438536337240231,0.07503561807307327,-0.21040421192205996,-0.9054480740167674,1.0304638130973318,-0.2205101292247502,0
1.0537838497164762,-1.6378580357086405,1.478799586330774,1.0395177307002426,-0.27506131116351895,1.380084163812163,0.693173214597972,-0.747329284179659,1.1044255642002523,-0.9704367948586523,2.5958489598402354,0
0.10523331253654966,-1.0114728607892605,-0.4732679227594232,0.5497925298245175,0.7198347343036423,-1.535953309718756,1.629110366398384,-1.2226400038831073,-0.9054480740167674,-0.9704367948586523,0.03984797283212589,0
1.109580940138825,1.7028628971947202,-1.21071564841572,-0.7167381620954616,0.8021709587560962,0.5469305999461866,-0.23927163439721444,0.09766755084869373,-0.9054480740167674,1.0304638130973318,-1.5293932235200656,0
1.388566392250568,0.38049419458713996,0.003904135018180542,-0.007480974620272774,-0.23389319893729196,-2.299677409929235,-0.34054841574875155,0.335322910700418,1.1044255642002523,-0.9704367948586523,-0.23656981832596885,0
0.32842167422594415,-0.7330794497139803,0.3509383588564378,0.7186632887471814,-1.1533143719897034,-0.4250818912307866,-0.4662713167368664,0.24730240705163115,1.1044255642002523,-0.9704367948586523,0.6691364180649773,0
0.04943622211420104,-1.1506695663269004,-0.8636814245774627,0.034736715110393196,0.10231305091023186,1.380084163812163,1.1297110652511493,-1.3458687089914088,-0.9054480740167674,1.0304638130973318,-0.2785600564838739,1
-0.4527375916869366,-0.1762926275634202,-1.0371985364965912,1.2506061793535725,1.4471380503003253,1.449513627467661,-1.2136241170551059,0.24730240705163115,-0.9054480740167674,1.0304638130973318,-0.862005175952692,1
-0.9549114054880742,-0.4546860386387003,-0.4732679227594232,0.37247823295572097,-0.8445535302929982,0.33864220897969194,-0.5570711896727273,-1.1698277016938354,-0.9054480740167674,-0.9704367948586523,-0.2483729014021065,1
1.555957663517614,-1.1506695663269004,-0.6467850346785519,0.7355503646394481,0.34932172426759567,0.824648454568178,0.7734961791181568,0.5729782705521422,1.1044255642002523,1.0304638130973318,-0.05778832528886591,0
-0.11795504915284484,0.65888760566242,1.4354203083509918,0.8115422061546473,-1.2356505964421574,-1.4665238460632577,-1.7025465097866643,-0.2456124133815743,-0.9054480740167674,-0.9704367948586523,0.7163942833185056,0
1.2769722114058708,-0.31548933310106025,-1.2974742043752843,-1.105140907617588,-1.0641167954995434,0.5469305999461866,-0.7491478439601252,1.2331320479180432,1.1044255642002523,1.0304638130973318,-1.0388215071169904,0
0.5516100359153386,-1.1506695663269004,0.3509383588564378,0.026293177164259284,1.3442177697347568,0.894077918223677,0.48014274347922176,0.9778725873365616,1.1044255642002523,-0.9704367948586523,0.9577616382081696,0
1.0537838497164762,0.1716991362806799,-0.2563715328605124,-0.3621095683578672,0.7198347343036423,2.699243973266627,-1.108855032898343,0.7930295296741091,1.1044255642002523,1.0304638130973318,-0.3511415202063782,0
-0.843317224643377,1.4244694861194402,1.0016275285531702,1.0310741927541098,0.36304442834300493,-0.6333702821972813,-0.7002556046869695,0.7050090260253222,1.1044255642002523,-0.9704367948586523,0.01244524415018197,0
-1.5128823097115605,-1.2898662718645404,-0.8636814245774627,0.448470074470919,-2.0521514889290002,-0.008505109297798425,-0.06116419133071791,0.2120942055921168,1.1044255642002523,-0.9704367948586523,-0.20677658530537837,1
-0.17375213957519348,-0.6634810969451603,1.218523918452081,-0.21856942327360263,-0.5632380967471107,0.060924354357699405,-0.28467157086514483,-1.5483158673836184,1.1044255642002523,-0.9704367948586523,1.4338160403087366,0
-1.568679400133909,-0.6634810969451603,1.522178864310556,-1.3246728942170511,0.6306371578134822,0.6857895272571823,-1.3882392573163767,0.5465721194575064,-0.9054480740167674,-0.9704367948586523,1.7172277463352945,0
-1.2338968575998173,0.5196909001247799,0.0472834129979627,-1.645527336170113,-1.482659269799522,0.894077918223677,1.517356676631171,-0.11358165790839427,1.1044255642002523,1.0304638130973318,-0.2650114278407989,1
1.3327693018282194,-1.4986613301710006,0.3509383588564378,0.288042853494389,-0.35739753561597387,1.1023663091901705,-1.6047620312403525,-0.10477960754351577,-0.9054480740167674,-0.9704367948586523,1.2246701248820961,0
-0.843317224643377,-1.4986613301710006,1.1317653624925168,-0.7505123138799942,0.795309606718392,1.0329368455346728,0.8608037492487922,-0.42165342067914796,-0.9054480740167674,1.0304638130973318,2.072243442460285,1
-1.2338968575998173,0.9372810167377,-0.42988864477964106,0.6511149851781162,-1.5512727901765677,-0.008505109297798425,-1.5104698554992664,1.5147976595941604,1.1044255642002523,-0.9704367948586523,-0.7836416031234256,0
-0.843317224643377,1.0068793695065201,0.4810761927957843,-1.687745025900779,-1.7228065911191817,-2.438536337240231,-0.127517944630001,-0.879360039652839,-0.9054480740167674,1.0304638130973318,-0.15965691749649105,0
1.555957663517614,-0.5938827441763403,-1.1239570924561557,1.5883476971989001,-1.5306887340634543,-0.5639408185417829,-1.1472703637558228,-0.6417046798011148,-0.9054480740167674,-0.9704367948586523,-0.7802236767664472,1
-0.6759259533763311,0.7980843112000601,-1.6445084282135416,0.6511149851781162,0.34932172426759567,-0.07793457295329626,-1.2660086591334871,1.6292243143375829,1.1044255642002523,1.0304638130973318,-1.6265311386481067,0
-0.4527375916869366,0.9372810167377,-0.21299225488073026,0.07695440484105917,-0.5700994487848158,-0.6333702821972813,-1.3183932012118684,1.0922992420799842,1.1044255642002523,-0.9704367948586523,-0.6277072013140045,0
-1.5128823097115605,0.2412974890494999,0.39431763683621995,1.6812266146063661,0.9119525913593688,-0.49451135488628506,-0.17641018390315671,-1.7067527739514343,1.1044255642002523,-0.9704367948586523,0.14034601162807298,1
0.10523331253654966,0.72848595843124,0.39431763683621995,0.9381952753466453,0.12975845906104952,-0.3556524275752888,0.04011259002081921,1.426777155945374,-0.9054480740167674,1.0304638130973318,-0.09728146910386412,1
-1.4570852192892119,0.86768266396888,0.43769691481600215,-0.5056497134421317,1.9411553970150528,-0.008505109297798425,-1.2939470815752905,-0.9585784929367472,1.1044255642002523,-0.9704367948586523,-0.1288009488263262,0
1.1653780305611736,0.9372810167377,1.0883860845127344,0.051623791002659826,-1.26995735663068,-1.1193765277857675,1.6605410916454126,0.7226131267550796,1.1044255642002523,-0.9704367948586523,0.3078992095425217,0
-1.6802735809786062,1.7028628971947202,0.958248250573388,-2.0170430057999735,0.34932172426759567,-0.07793457295329626,-0.8574092309221132,0.18568805449748055,1.1044255642002523,-0.9704367948586523,-0.13767445441015,0
-1.0665055863327715,0.7980843112000601,-0.42988864477964106,1.0564048065925091,-0.8102467701044754,-0.07793457295329626,-0.15545636707180435,0.13287575230820844,1.1044255642002523,-0.9704367948586523,-0.7344183283147682,0
1.6675518443623112,0.65888760566242,0.003904135018180542,-0.3283354165733339,0.6237758057757781,0.5469305999461866,-1.0040859487415807,0.7666233785794732,-0.9054480740167674,1.0304638130973318,-0.3580055360294495,0
0.6074071263376873,-1.2898662718645404,-0.5600264787189876,-2.0254865437461067,0.12975845906104952,1.1717957728456683,-0.03322576888891455,-1.0289948958557764,-0.9054480740167674,-0.9704367948586523,0.11027977960968753,0
0.6074071263376873,0.10210078351185986,-0.9504399805370269,-1.2233504388634533,-1.0160873312356122,1.7272314820896535,0.8817575660801446,-1.1962338527884715,-0.9054480740167674,1.0304638130973318,-0.8896222260060891,1
0.8863925784494304,0.1716991362806799,1.3920410303712096,0.862203433831446,-0.1584183265225422,-0.772229209508277,0.06106640685217158,0.5377700690926275,1.1044255642002523,1.0304638130973318,0.9858378210236813,0
-1.1780997671774687,-0.24589098033224022,-1.1239570924561557,1.6136783110373007,0.08172899479711741,-0.008505109297798425,-0.7596247523758016,-0.7385272338147801,1.1044255642002523,1.0304638130973318,-0.9116111609436324,0
1.0537838497164762,-0.8026778024828004,1.3052824744116454,-0.007480974620272774,-0.6112675610110427,-0.28622296391979096,-0.8923322589743674,1.673234566161977,-0.9054480740167674,1.0304638130973318,1.6277513686945349,1
0.8305954880270818,-1.2898662718645404,-0.5600264787189876,-1.020705528156256,0.754141494492165,-0.008505109297798425,0.8922344744958209,-0.16639396009766635,-0.9054480740167674,-0.9704367948586523,0.11027977960968753,1
1.388566392250568,0.7980843112000601,0.43769691481600215,-1.4597695013551824,-1.057255443461839,2.8381029005776224,-1.3463316236536718,-1.3634728097211661,1.1044255642002523,-0.9704367948586523,-0.09719489236238336,0
-0.5085346821092852,-0.24589098033224022,1.218523918452081,1.4110334003301037,2.1607186622216,-0.9110881368192733,-0.4662713167368664,0.6521967238360505,1.1044255642002523,1.0304638130973318,1.1239735103591102,0
1.2769722114058708,-1.4290629774021806,-1.3842327603348485,0.43158299857865356,0.9874274637741205,-0.008505109297798425,-1.231085631081233,-0.685714931625508,1.1044255642002523,-0.9704367948586523,-0.6899126402007719,0
-0.8991143150657256,-1.6378580357086405,0.8281104166340416,-0.3621095683578672,0.36304442834300493,0.9635073818791748,-0.8574092309221132,-1.2402441046128647,-0.9054480740167674,-0.9704367948586523,1.8707037253041834,0
-0.06215795873049621,0.10210078351185986,0.43769691481600215,-0.5985286308495964,2.936051442482214,0.33864220897969194,-1.224101025470782,-0.27201856447621053,1.1044255642002523,1.0304638130973318,0.24908552142204657,1
-1.1780997671774687,-0.31548933310106025,0.6112140267351308,0.6595585231242489,-0.30936807135204175,2.1438082640226415,1.3392492335646742,1.6380263647024622,-0.9054480740167674,1.0304638130973318,0.6393736616878246,1
1.2211751209835222,0.86768266396888,1.1317653624925168,0.6257843713397168,0.6374985098511864,-0.21679350026429253,0.7979422987547348,-0.3072267659357253,-0.9054480740167674,1.0304638130973318,0.3755401988235052,1
-0.8991143150657256,-0.7330794497139803,1.0016275285531702,-0.9362701486949241,0.23267873962661792,-0.9110881368192733,0.2007585190611884,-0.5360800754225706,-0.9054480740167674,-0.9704367948586523,1.283876025912112,0
-1.3454910384445147,-0.31548933310106025,-0.9504399805370269,-1.1811327491327872,0.8296163669069149,-0.9110881368192733,-0.9761475262997774,-0.1928001111923026,-0.9054480740167674,1.0304638130973318,-0.7336951127888424,1
-1.568679400133909,-1.0810712135580804,0.17742124693730918,-1.130471521455988,1.5431969788281894,0.7552189909126802,0.022651075994691874,-1.715554824316313,-0.9054480740167674,1.0304638130973318,0.7329763518667194,1
0.4400158550706414,-0.1762926275634202,-0.6034057566987697,-0.4972061754959978,0.5688849894741408,-0.21679350026429253,0.06106640685217158,-1.2930564068021368,1.1044255642002523,-0.9704367948586523,-0.4894155668699325,0
-1.568679400133909,0.9372810167377,-1.5577498722539773,-0.7251817000415943,1.0766250402642785,-0.008505109297798425,0.3020353004127255,1.2331320479180432,-0.9054480740167674,-0.9704367948586523,-1.5945004925324147,1
1.3327693018282194,-1.4290629774021806,-0.42988864477964106,1.6136783110373007,-0.5632380967471107,0.47750113629068763,-1.548885186356746,1.6820366165268554,-0.9054480740167674,-0.9704367948586523,0.33260043912245213,0
-0.39694050126458796,-1.7074563884774605,-0.2997508108402946,-0.530980327280531,-0.20644779078647335,0.7552189909126802,1.6395872748140605,-1.2050359031533502,1.1044255642002523,-0.9704367948586523,0.6629361999164978,0
-1.6244764905562576,-0.8722761552516204,-0.5600264787189876,-1.2908987424325185,1.694146723657689,0.26921274532419415,-0.13450255024045166,0.12407370194332998,1.1044255642002523,-0.9704367948586523,-0.12022759131621802,1
-0.006360868308147588,-0.31548933310106025,-0.9938192585168091,-1.231793976809586,0.6237758057757781,0.894077918223677,1.478941345773691,1.6468284150673407,1.1044255642002523,-0.9704367948586523,-0.771835912079861,0
-1.6244764905562576,0.03250243074303985,-0.6034057566987697,-0.21012588532746992,0.26012414777743653,0.060924354357699405,-1.7235003266180169,-1.2050359031533502,1.1044255642002523,-0.9704367948586523,-0.5768041024807264,0
-0.2853463204198907,1.7028628971947202,0.654593304714913,-1.873502860715709,-0.7690786578782475,-0.6333702821972813,-0.8923322589743674,-1.099411298774806,-0.9054480740167674,-0.9704367948586523,-0.33251508208553826,0
-0.17375213957519348,1.3548711333506203,-0.4732679227594232,-0.083472816135472,1.001150167849529,-0.008505109297798425,-1.3952238629268274,1.5059956092292817,-0.9054480740167674,1.0304638130973318,-0.9515747834332208,1
-0.006360868308147588,-0.31548933310106025,1.478799586330774,-1.3753341218938504,-0.7965240660290661,-0.9110881368192733,0.9306498053533007,0.7226131267550796,-0.9054480740167674,-0.9704367948586523,1.4021896475081945,0
0.9979867592941277,-0.5242843914075203,0.7413518606744772,1.1492837239999751,-1.0984235556880662,-0.008505109297798425,-0.6408864569981373,-1.2226400038831073,-0.9054480740167674,1.0304638130973318,0.892059705024036,0
1.6117547539399626,0.7980843112000601,1.1317653624925168,0.0938414807333258,0.12289710702334536,1.1717957728456683,1.17511100171908,-0.37764316885475474,-0.9054480740167674,-0.9704367948586523,0.4125838563995244,1
1.4443634826729166,1.3548711333506203,0.09066269097774486,2.128734125751425,-2.0521514889290002,-0.3556524275752888,1.1471725792772767,-1.557117917748497,1.1044255642002523,-0.9704367948586523,-0.570835642885988,0
1.0537838497164762,0.45009254735595994,0.5244554707755664,-0.25234357505813587,0.6374985098511864,1.7272314820896535,0.5744349192203079,-0.2368103630166958,-0.9054480740167674,1.0304638130973318,0.1360643632202786,1
-0.7317230437986797,0.72848595843124,1.3920410303712096,-2.135252537045838,0.39735118853152773,0.894077918223677,0.5674503136098572,0.9778725873365616,1.1044255642002523,-0.9704367948586523,0.643469131005413,1
-0.6201288629539825,-0.5938827441763403,-0.42988864477964106,1.4532510900607696,-0.35739753561597387,-0.4250818912307866,0.6861886089875213,0.19449010486235943,-0.9054480740167674,1.0304638130973318,-0.14020678054903674,1
-1.5128823097115605,0.65888760566242,-0.8636814245774627,0.48224422625545227,-0.2613386070881106,0.47750113629068763,0.5953887360516605,0.5201659683628701,-0.9054480740167674,-0.9704367948586523,-1.0091569416948765,1
-0.7875201342210283,1.6332645444259002,1.175144640472299,0.6426714472319834,-0.11725021429631426,2.629814509611129,-0.40690216904803433,-0.6064964783416001,-0.9054480740167674,1.0304638130973318,0.03250260495519819,1
-0.2295492299975421,-1.0114728607892605,0.09066269097774486,-1.0375926040485226,-0.8033854180667702,0.7552189909126802,0.6268194612986893,-1.1874318024235928,1.1044255642002523,1.0304638130973318,0.5995939999272688,0
0.5516100359153386,-0.31548933310106025,0.2641798028968735,-0.06658574024320538,0.19837197943809512,0.6163600636016845,1.3741722616169287,-1.715554824316313,-0.9054480740167674,-0.9704367948586523,0.3342472673596761,0
1.6117547539399626,0.03250243074303985,-1.0371985364965912,0.16138978430239112,-0.24761590301270128,-0.6333702821972813,-0.5954865205302069,1.1363094939043774,-0.9054480740167674,1.0304638130973318,-0.9367287064025013,1
-0.5643317725316338,-1.4986613301710006,-1.5577498722539773,-0.2692306509504025,0.12289710702334536,-0.008505109297798425,1.5418027962677483,0.48495776690335535,-0.9054480740167674,1.0304638130973318,-0.8471757625312557,1
-0.6201288629539825,0.5892892528936,-1.21071564841572,-1.7806239433082436,-0.15155697448483704,1.380084163812163,-1.7095311153971153,-0.9497764425718686,1.1044255642002523,-0.9704367948586523,-1.2499939094623218,0
-1.4570852192892119,1.5636661916570802,0.6112140267351308,2.7788865476036815,-0.35739753561597387,-0.6333702821972813,-0.5396096756466001,-0.2896226652059679,-0.9054480740167674,-0.9704367948586523,-0.3052501749723874,0
-1.736070671400955,-0.5242843914075203,0.3075590808766557,0.8199857441007801,0.29443090796595933,1.9355198730561483,-1.2974393843805156,1.0658930909853481,1.1044255642002523,1.0304638130973318,0.4968253475675357,1
-1.5128823097115605,1.0068793695065201,-0.3865093667998589,0.3978088467941203,0.8090323107938003,0.13035381801319784,-1.314900898406643,0.13287575230820844,-0.9054480740167674,-0.9704367948586523,-0.7768115881442531,1
0.49581294549299004,0.65888760566242,0.7847311386542594,1.309710944976505,-0.535792688596293,-0.9110881368192733,1.0878034315884444,-0.7033190323552654,1.1044255642002523,1.0304638130973318,0.22803072906943506,0
-1.12230267675512,1.07647772227534,-0.9070607025572448,0.6257843713397168,0.41107389260693705,-0.008505109297798425,1.4475106205266624,-0.8177456870986884,-0.9054480740167674,1.0304638130973318,-1.1671901252294214,1
-0.3411434108422393,0.2412974890494999,0.5244554707755664,-0.7082946241493283,0.5414395813233231,0.894077918223677,0.958588227795104,-0.9937866943962618,-0.9054480740167674,1.0304638130973318,0.2447143773183679,0
0.7747983976047331,0.2412974890494999,0.39431763683621995,1.2421626414074398,-1.3179868208946122,-0.9110881368192733,1.6535564860349619,1.1363094939043774,1.1044255642002523,-0.9704367948586523,0.14034601162807298,1
0.10523331253654966,0.86768266396888,1.175144640472299,0.8368728199930466,1.008011519887233,-1.1888059914412659,-1.0040859487415807,0.29131265887602475,-0.9054480740167674,-0.9704367948586523,0.40706152055161976,0
0.942189668871779,1.14607607504416,-1.3408534823550664,-0.6745204723647956,2.119550549995373,-0.49451135488628506,-1.2660086591334871,0.740217227484837,-0.9054480740167674,1.0304638130973318,-1.4891100208377395,1
-1.0107084959104229,-0.31548933310106025,-0.7335435906381161,0.7777680543701141,-0.08294345410779146,-0.28622296391979096,0.06106640685217158,1.268340249377558,-0.9054480740167674,1.0304638130973318,-0.5429911163337496,1
-0.3411434108422393,1.14607607504416,-1.4276120383146307,-0.2692306509504025,-0.17214103059795055,-0.7027997458527792,1.1366956708615998,1.7172448179863702,1.1044255642002523,1.0304638130973318,-1.5495397842494023,1
0.7190013071823845,-0.8722761552516204,0.7847311386542594,0.18672039814079044,-0.21330914282417848,-0.49451135488628506,-1.618731242461254,-0.879360039652839,-0.9054480740167674,-0.9704367948586523,1.1817973318976018,0
-0.2853463204198907,1.6332645444259002,-0.12623369892116593,0.5835666816090508,0.6443598618888925,0.9635073818791748,1.7199102393342451,-1.125817449869442,1.1044255642002523,1.0304638130973318,-0.810984615361939,1
-1.289693948022166,1.07647772227534,0.7847311386542594,1.360372172653305,0.5345782292856189,0.26921274532419415,0.34394293407543025,-0.13118575863815163,-0.9054480740167674,-0.9704367948586523,0.02362690748268316,1
-0.3411434108422393,-0.5938827441763403,0.43769691481600215,-0.6829640103109283,-1.6336090146290225,-0.5639408185417829,1.6605410916454126,-1.6363363710324053,1.1044255642002523,1.0304638130973318,0.6598143397227265,0
1.388566392250568,-1.1506695663269004,0.2641798028968735,0.3471476191173216,-0.8857216425192251,-0.4250818912307866,-0.48373283076299356,1.0306848895258334,1.1044255642002523,1.0304638130973318,0.8694529457301666,0
0.8305954880270818,1.07647772227534,1.175144640472299,2.0189681324516937,0.5277168772479138,-0.008505109297798425,-0.15894866987702969,1.3563607530263444,-0.9054480740167674,1.0304638130973318,0.2984308381085534,0
1.388566392250568,-1.7074563884774605,0.2641798028968735,-0.201682347381336,-0.14469562244713288,-0.07793457295329626,0.8677883548592429,0.6521967238360505,1.1044255642002523,1.0304638130973318,1.2998027907447494,0
-0.5643317725316338,-1.6378580357086405,-0.8203021465976805,0.17827686019465774,-1.1944824842159303,-0.07793457295329626,1.0109727698734852,-0.8177456870986884,1.1044255642002523,-0.9704367948586523,0.033669131146184084,0
0.8305954880270818,1.5636661916570802,1.0883860845127344,2.0189681324516937,1.5500583308658937,0.894077918223677,-0.9447168010527487,-1.3282646082616514,-0.9054480740167674,-0.9704367948586523,0.007176326473534512,0
1.3327693018282194,0.2412974890494999,1.218523918452081,0.6173408333935829,-0.8171081221421795,0.1997832816686957,1.4894182541893677,-0.4128513703142695,1.1044255642002523,-0.9704367948586523,0.8013456609999415,0
-0.11795504915284484,0.5196909001247799,-1.5577498722539773,-1.518874266978115,0.04056088257089044,0.1997832816686957,1.269403177460166,1.1715176953638922,-0.9054480740167674,-0.9704367948586523,-1.4962623843039704,1
0.6074071263376873,-1.0810712135580804,0.654593304714913,-0.8265041553951928,-0.17214103059795055,1.449513627467661,-1.6955619041762136,-0.5360800754225706,-0.9054480740167674,-0.9704367948586523,1.212583966067692,0
0.8863925784494304,1.7028628971947202,1.0883860845127344,0.6764455990165155,-1.1052849077257714,1.9355198730561483,-1.307916292796192,-1.6363363710324053,1.1044255642002523,1.0304638130973318,-0.05417132826355531,1
1.6117547539399626,1.0068793695065201,0.0472834129979627,0.40625238474025305,0.19837197943809512,-1.2582354550967636,-0.02624116327846386,-0.7913395360040523,1.1044255642002523,-0.9704367948586523,-0.46823425282037207,0
-0.843317224643377,-0.31548933310106025,0.8714896946138238,0.14450270841012447,0.41107389260693705,-1.6748122370297525,-0.14847176146135335,1.7260468683512487,-0.9054480740167674,-0.9704367948586523,0.8682184574339354,1
-0.3411434108422393,0.1716991362806799,0.6979725826946951,2.1625082775359585,-0.4740405202569516,-0.3556524275752888,0.7141270314293247,0.6257905727414143,-0.9054480740167674,-0.9704367948586523,0.42289915103207726,1
0.2168274933812469,-1.0114728607892605,1.0016275285531702,-0.6491898585263957,-0.3368134795028604,0.824648454568178,-1.4441161021999833,1.409173055215616,1.1044255642002523,-0.9704367948586523,1.5037991206194226,0
-1.736070671400955,0.5892892528936,-1.514370594274195,-0.10035989202773864,0.6237758057757781,0.4080716726351898,0.4941119547001234,0.9690705369716823,-0.9054480740167674,1.0304638130973318,-1.4803944498359682,0
-1.3454910384445147,-1.2202679190957204,0.9148689725936059,-2.0170430057999735,-2.0247060807781816,1.1023663091901705,0.3928351733485863,0.14167780267308733,-0.9054480740167674,1.0304638130973318,1.5904519148350778,1
0.942189668871779,-0.24589098033224022,1.5655581422903382,1.1492837239999751,-0.8651375864061117,-0.008505109297798425,-0.9412244982475233,-1.2402441046128647,-0.9054480740167674,1.0304638130973318,1.425541609811369,0
0.16103040295889828,-1.2202679190957204,-0.3865093667998589,-0.8349476933413261,0.22581738758891376,-2.0219595553072427,0.13440476576190533,-0.5360800754225706,1.1044255642002523,-0.9704367948586523,0.24889351549583252,0
1.6117547539399626,1.6332645444259002,-1.6011291502337595,1.0479612686463764,-0.535792688596293,-0.008505109297798425,-0.9831321319102282,0.29131265887602475,1.1044255642002523,1.0304638130973318,-1.7669367983880282,0
1.109580940138825,-0.7330794497139803,1.0016275285531702,0.9381952753466453,-0.5495153926717014,0.5469305999461866,-1.2450548423021346,1.3035484508370727,-0.9054480740167674,1.0304638130973318,1.283876025912112,0
-0.9549114054880742,-0.5938827441763403,0.43769691481600215,2.3567096502970215,0.9325366474724832,1.1023663091901705,0.24266615272389347,-0.8177456870986884,1.1044255642002523,-0.9704367948586523,0.6598143397227265,0
0.8305954880270818,-0.1762926275634202,-1.2974742043752843,0.6342279092858495,-0.6455743211995656,-2.0219595553072427,1.6535564860349619,-1.33706665862653,1.1044255642002523,-0.9704367948586523,-1.0855589414023477,0
1.3327693018282194,-0.10669427479460018,-0.34313008882007673,-0.3874401821962665,2.0440756775806213,1.449513627467661,-0.930747589831847,0.2120942055921168,-0.9054480740167674,-0.9704367948586523,-0.29807389048110944,0
-0.5643317725316338,1.3548711333506203,0.958248250573388,0.43158299857865356,-1.7982814635339315,0.47750113629068763,-0.5186558588152478,-1.1346195002343207,1.1044255642002523,1.0304638130973318,0.014916881032832221,0
-1.0107084959104229,-0.4546860386387003,0.39431763683621995,-0.7927300036106601,-2.0521514889290002,-0.07793457295329626,-0.8609015337273387,0.38813521288969005,-0.9054480740167674,-0.9704367948586523,0.5327134786364673,1
-0.3411434108422393,-1.4290629774021806,-0.6034057566987697,0.29648639144052175,0.9119525913593688,-0.6333702821972813,-0.8294708084803099,-0.8353497878284458,-0.9054480740167674,1.0304638130973318,0.14668897015459298,0
-0.2295492299975421,0.45009254735595994,-0.12623369892116593,-0.22701296121973655,-1.009225979197907,1.6578020184341555,-0.3475330213592023,-0.9497764425718686,-0.9054480740167674,1.0304638130973318,-0.36862219984728745,1
-0.5085346821092852,1.2852727805818,-1.3408534823550664,-0.09191635408160471,-0.9886419230847936,0.894077918223677,0.693173214597972,-0.3512370177601185,1.1044255642002523,1.0304638130973318,-1.5215044882275777,1
-1.0107084959104229,-1.7074563884774605,1.478799586330774,-0.9362701486949241,1.0217342239626432,0.47750113629068763,-1.6222235452664797,0.32652086033553945,1.1044255642002523,1.0304638130973318,2.6715154479132908,0
-0.4527375916869366,-0.1762926275634202,0.8281104166340416,0.2795993155482551,-0.5083472804454744,-0.772229209508277,1.5837104299304539,0.1592819034028447,1.1044255642002523,1.0304638130973318,0.7401301431031729,1
-1.6802735809786062,0.7980843112000601,0.2641798028968735,0.8115422061546473,0.9462593515478916,1.6578020184341555,-1.5977774256299018,-0.8969641403825964,1.1044255642002523,-0.9704367948586523,-0.2246395795528604,0
0.7190013071823845,-1.2202679190957204,1.0016275285531702,-1.6961885638469116,-0.6249902650864521,-0.008505109297798425,1.318295416733322,1.3739648537561013,-0.9054480740167674,1.0304638130973318,1.6798891414576937,1
-0.3411434108422393,-0.8722761552516204,0.003904135018180542,-0.7251817000415943,0.37676713241841425,0.26921274532419415,1.3636953532012521,-1.3722748600860448,-0.9054480740167674,1.0304638130973318,0.42578286035409335,1
-1.0107084959104229,-1.2202679190957204,0.8281104166340416,0.14450270841012447,-0.5220699845208837,0.060924354357699405,0.07154331526784792,-1.6187322703026479,-0.9054480740167674,1.0304638130973318,1.5010146882124609,0
1.5001605730952654,-0.1762926275634202,1.0883860845127344,-2.135252537045838,-0.9406124588208614,-0.772229209508277,-1.2799778703543887,0.3617290617950542,-0.9054480740167674,1.0304638130973318,0.963683908552829,0
1.3327693018282194,1.21567442781298,0.22080052491709135,1.7403313802292988,1.7902056521855532,0.33864220897969194,0.21472773028209008,-1.3282646082616514,1.1044255642002523,1.0304638130973318,-0.4289991267860271,0
1.0537838497164762,-1.7074563884774605,-0.42988864477964106,-0.7420687759338609,1.1520999126790283,0.6857895272571823,0.4382351098165167,0.018449097564785782,1.1044255642002523,-0.9704367948586523,0.5159669866484394,1
-1.4012881288668633,1.3548711333506203,0.8714896946138238,-0.9784878384255901,-0.7416332497274298,-0.49451135488628506,1.2379724522131375,1.594016112878068,1.1044255642002523,1.0304638130973318,-0.043658371359049916,1
-1.6244764905562576,-0.10669427479460018,1.3920410303712096,-0.23545649916586925,-0.17900238263565568,0.26921274532419415,0.16583549100893405,0.6962069756604438,1.1044255642002523,1.0304638130973318,1.1751047650174837,1
0.8305954880270818,0.65888760566242,-1.2974742043752843,0.11072855662559122,1.522612922715075,0.060924354357699405,-0.3230869017226242,0.4145413639843263,1.1044255642002523,1.0304638130973318,-1.3347326445275902,0
-0.5085346821092852,-0.10669427479460018,-1.4276120383146307,-0.7927300036106601,-1.009225979197907,-0.008505109297798425,1.1681263961086292,0.2649065077813885,-0.9054480740167674,1.0304638130973318,-1.2188105501677304,1
0.7747983976047331,-0.5938827441763403,-0.42988864477964106,0.9719694271311773,-0.9543351628962707,-0.28622296391979096,1.6675256972558639,-1.125817449869442,-0.9054480740167674,-0.9704367948586523,-0.14020678054903674,0
0.6074071263376873,-1.4290629774021806,0.8281104166340416,0.3809217709018537,0.49341011705939103,0.1997832816686957,0.4941119547001234,-0.2368103630166958,-0.9054480740167674,1.0304638130973318,1.6804585891394284,0
0.8305954880270818,-0.38508768586988024,-0.9504399805370269,-0.8687218451258588,2.3459751672396223,0.47750113629068763,1.2938492970967441,-0.553684176152328,-0.9054480740167674,1.0304638130973318,-0.7060800576948689,1
1.555957663517614,-0.31548933310106025,-0.9938192585168091,-0.5563109411189304,0.06114493868400392,-0.3556524275752888,0.33346602565975425,1.594016112878068,1.1044255642002523,1.0304638130973318,-0.771835912079861,0
0.7190013071823845,1.0068793695065201,-1.5577498722539773,-1.561091956708781,1.0834863923019828,-0.8416586731637754,0.6512655809352673,-0.9057661907474751,1.1044255642002523,1.0304638130973318,-1.6099703935187317,0
-0.7875201342210283,0.38049419458713996,-0.7769228686178984,-1.2908987424325185,-1.0435327393864298,-0.008505109297798425,0.6442809753248163,-0.0959775571786369,-0.9054480740167674,-0.9704367948586523,-0.8489415402762104,0
1.4443634826729166,1.4244694861194402,1.0883860845127344,0.37247823295572097,0.37676713241841425,0.4080716726351898,0.7036501230136484,1.5412038106887964,1.1044255642002523,-0.9704367948586523,0.07042126516322264,1
0.32842167422594415,0.72848595843124,-0.12623369892116593,-0.8602783071797255,-0.364258887653679,-0.28622296391979096,-0.6373941541929119,1.021882839160955,-0.9054480740167674,-0.9704367948586523,-0.4837600430739216,0
0.16103040295889828,-1.0114728607892605,1.0016275285531702,1.807879683798364,1.9274326929396444,-0.28622296391979096,0.25314306113956947,1.6380263647024622,1.1044255642002523,1.0304638130973318,1.5037991206194226,0
1.0537838497164762,-0.7330794497139803,0.134041968957527,0.051623791002659826,1.652978611431462,0.6163600636016845,0.3160045116336272,0.3793331625248116,1.1044255642002523,-0.9704367948586523,0.4642232154492659,0
-0.9549114054880742,-0.4546860386387003,-2.078301208011363,-1.3922211977861172,2.3528365192773264,1.0329368455346728,-0.6583479710242645,-0.5800903272469642,-0.9054480740167674,-0.9704367948586523,-1.6933827044734682,0
-0.39694050126458796,-1.2898662718645404,3.300729261481625,-1.1811327491327872,-0.707326489538907,1.2412252365011673,-0.5361173728413748,1.1539135946341346,1.1044255642002523,-0.9704367948586523,4.141424990672669,0
1.2769722114058708,0.1716991362806799,-1.1239570924561557,1.0395177307002426,0.04056088257089044,-0.6333702821972813,0.9027113829114972,-0.7297251834499017,-0.9054480740167674,-0.9704367948586523,-1.0548148576958831,0
0.27262458380359555,1.21567442781298,-1.21071564841572,-0.10035989202773864,0.39048983649382263,0.9635073818791748,0.2775891807761475,-1.1786297520587141,-0.9054480740167674,-0.9704367948586523,-1.4157309053191316,0
-0.2295492299975421,-1.4290629774021806,0.654593304714913,0.9804129650773112,-0.666158377312679,2.1438082640226415,-1.2380702366916836,0.7314151771199585,-0.9054480740167674,1.0304638130973318,1.49454712017157,0
-1.2338968575998173,-1.4290629774021806,-0.9938192585168091,-0.3958837201424004,0.14348116313645884,-0.008505109297798425,1.1681263961086292,0.49375981726823426,1.1044255642002523,-0.9704367948586523,-0.2716118350230893,1
0.3842187646482928,0.3108958418183199,-1.3408534823550664,-0.5900850929034637,0.9393979995101874,-0.07793457295329626,1.3252800223437728,1.3387566522965866,-0.9054480740167674,-0.9704367948586523,-1.2713886048943437,1
1.388566392250568,0.45009254735595994,0.8714896946138238,1.107066034269309,-0.5632380967471107,-0.28622296391979096,-0.13101024743522632,1.6292243143375829,-0.9054480740167674,-0.9704367948586523,0.4052305301896472,1
-0.843317224643377,-1.2202679190957204,0.7847311386542594,-0.8940524589642582,-0.7210491936143153,-1.1193765277857675,-1.0285320683781587,1.2595381990126786,-0.9054480740167674,1.0304638130973318,1.456296074901153,1
0.3842187646482928,-1.0810712135580804,0.0472834129979627,0.47380068830931954,-0.7828013619536568,0.894077918223677,1.5522797046834251,-1.5483158673836184,-0.9054480740167674,1.0304638130973318,0.6021742752664543,0
-0.5643317725316338,0.86768266396888,0.8714896946138238,-0.23545649916586925,-1.3797389892339538,-0.07793457295329626,1.3217877195385475,0.581780320917021,1.1044255642002523,-0.9704367948586523,0.18641226845481837,1
-0.3411434108422393,1.4940678388882602,-1.6011291502337595,0.862203433831446,0.8845071832085522,-0.14736403660879469,-0.9063014701952691,1.004278738431197,-0.9054480740167674,1.0304638130973318,-1.740407292659464,1
1.6675518443623112,0.45009254735595994,-1.2540949263955021,1.8163232217444967,-0.7210491936143153,0.6857895272571823,-1.423162285368631,1.6996407172566124,-0.9054480740167674,1.0304638130973318,-1.243412242497735,1
0.6632042167600359,1.5636661916570802,0.22080052491709135,-0.42121433398079977,-0.8308308262175889,0.824648454568178,-0.21831781756586177,-0.43925752140890534,-0.9054480740167674,-0.9704367948586523,-0.5608718579735964,1
-0.39694050126458796,0.1716991362806799,-1.21071564841572,-0.5816415549573304,0.5483009333610283,-0.008505109297798425,0.6023733416621112,-1.1610256513289567,1.1044255642002523,1.0304638130973318,-1.1251821914448337,0
-0.843317224643377,-0.5938827441763403,-1.6011291502337595,0.6511149851781162,-0.007468581693041681,-0.6333702821972813,-1.1472703637558228,1.2419340982829217,-0.9054480740167674,-0.9704367948586523,-1.220235292915917,0
-1.0665055863327715,0.38049419458713996,0.4810761927957843,-1.1220279835098546,-0.535792688596293,-0.6333702821972813,0.03312798441036822,-0.6417046798011148,-0.9054480740167674,-0.9704367948586523,0.13765734508806798,0
-0.6759259533763311,-1.2202679190957204,-1.1673363704359379,1.6136783110373007,0.8433390709823232,2.2132377276781394,-0.2741946624494685,0.34412496106529683,1.1044255642002523,-0.9704367948586523,-0.5560415241077146,1
-0.39694050126458796,1.0068793695065201,-0.690164312658334,1.4448075521146369,-0.57696080082252,1.5189430911231587,1.3532184447855762,-0.3864452192196332,-0.9054480740167674,1.0304638130973318,-0.9928157228709696,1
-1.568679400133909,-0.037095922025780166,-0.9070607025572448,-1.0375926040485226,-2.0521514889290002,0.7552189909126802,-0.2567331484233415,-0.34243496739524,1.1044255642002523,-0.9704367948586523,-0.8030278195460263,0
-1.2338968575998173,-1.1506695663269004,1.0016275285531702,-1.6286402602778463,1.3785245299232796,-0.4250818912307866,0.10646634332010198,0.8194356807687453,1.1044255642002523,-0.9704367948586523,1.6200768317931935,0
-1.6244764905562576,-1.6378580357086405,1.0016275285531702,-1.1980198250250533,-0.8445535302929982,-0.28622296391979096,1.576725824320003,-0.48326777323329856,-0.9054480740167674,1.0304638130973318,2.0640757878471305,1
0.49581294549299004,-0.7330794497139803,-0.039475142961601616,-1.1811327491327872,-0.7347718976897246,0.33864220897969194,-0.7107325131026457,0.6786028749306864,-0.9054480740167674,-0.9704367948586523,0.3002926533566964,1
0.7190013071823845,1.7028628971947202,1.218523918452081,0.7862115923162468,-0.7279105456520205,2.2826671913336387,-0.7491478439601252,-1.7067527739514343,-0.9054480740167674,1.0304638130973318,0.02933179788303977,0
-0.7875201342210283,-1.5682596829398205,-0.039475142961601616,1.5461300074682343,0.06800629072170906,0.26921274532419415,1.0354188895100631,-0.6152985287064789,-0.9054480740167674,1.0304638130973318,0.8518554206189866,1
0.8305954880270818,1.6332645444259002,1.218523918452081,0.7777680543701141,-0.27506131116351895,0.5469305999461866,-0.787563174817605,-0.6329026294362363,1.1044255642002523,-0.9704367948586523,0.060618845632436094,0
0.2168274933812469,0.72848595843124,0.958248250573388,-0.2607871130042686,1.0217342239626432,-2.438536337240231,1.1471725792772767,0.8810500333228959,1.1044255642002523,1.0304638130973318,0.3214036526970315,0
0.8305954880270818,-1.4986613301710006,-1.6445084282135416,0.3218170052789211,1.7010080756953931,0.26921274532419415,-1.423162285368631,-0.6505067301659937,-0.9054480740167674,-0.9704367948586523,-0.9413505755954991,0
-0.5643317725316338,-0.8026778024828004,0.2641798028968735,-0.9024959969103915,-0.6936037854634977,-1.4665238460632577,-1.3707777432902495,0.467353666173598,1.1044255642002523,1.0304638130973318,0.6320624685383208,0
0.10523331253654966,1.07647772227534,3.300729261481625,1.0901789583770425,-0.961196514933975,-0.49451135488628506,1.3881414728378303,0.660998774200929,1.1044255642002523,1.0304638130973318,1.7945855715160695,0
0.8305954880270818,1.07647772227534,-0.7769228686178984,0.41469592268638694,-0.5289313365585878,0.060924354357699405,0.13091246295668,0.5553741698223849,1.1044255642002523,1.0304638130973318,-1.075588815020798,0
-1.3454910384445147,-0.037095922025780166,-1.1239570924561557,0.7608809784778474,0.45910335687086823,-0.3556524275752888,0.7525423622868044,0.3617290617950542,-0.9054480740167674,1.0304638130973318,-0.9850645977714253,1
0.4400158550706414,1.7028628971947202,-0.5166472007392053,-0.7589558518261276,-0.11038886225861008,-0.008505109297798425,-0.972655223494552,-0.3072267659357253,-0.9054480740167674,-0.9704367948586523,-1.0840432174048924,0
0.942189668871779,-1.0810712135580804,-1.3842327603348485,-0.19323880943520327,-0.5083472804454744,-0.6333702821972813,-1.1787010890028515,-0.4480595717737838,-0.9054480740167674,-0.9704367948586523,-0.8366485673364635,0
0.6632042167600359,-0.31548933310106025,-0.7335435906381161,0.7102197508010487,-1.3317095249700215,-0.21679350026429253,1.1576494876929526,0.22969830632187377,-0.9054480740167674,1.0304638130973318,-0.5429911163337496,1
-0.7317230437986797,0.72848595843124,1.522178864310556,1.436364014168503,-2.0521514889290002,-0.28622296391979096,-0.5046866475943461,-1.5395138170187397,1.1044255642002523,-0.9704367948586523,0.7400887744979275,0
0.5516100359153386,-0.9418745080204404,0.6112140267351308,-0.6407463205802624,-1.0298100353110207,-0.008505109297798425,-0.16942557829270602,1.3211525515668296,1.1044255642002523,-0.9704367948586523,1.0645609532865496,0
0.49581294549299004,0.10210078351185986,-1.514370594274195,0.7693245164239814,1.309911009546234,-0.07793457295329626,-1.6606388761239592,1.1451115442692559,1.1044255642002523,-0.9704367948586523,-1.352222248398769,0
0.27262458380359555,1.0068793695065201,-0.690164312658334,-0.7420687759338609,0.45224200483316407,1.3106547001566653,-0.41039447185325983,-0.5360800754225706,-0.9054480740167674,-0.9704367948586523,-0.9928157228709696,0
-1.4570852192892119,-1.6378580357086405,1.3486617523914275,2.1202905878052922,-0.192725086711065,-2.1608184826182386,0.9306498053533007,0.23850035668675265,-0.9054480740167674,-0.9704367948586523,2.4508199129330253,0
1.109580940138825,-0.8722761552516204,-0.2563715328605124,-0.4465449478191991,0.754141494492165,0.26921274532419415,1.1087572484197972,1.5235997099590395,-0.9054480740167674,-0.9704367948586523,0.1737780365062572,1
-0.3411434108422393,0.45009254735595994,-0.4732679227594232,0.6257843713397168,-1.3179868208946122,-0.008505109297798425,0.682696306182296,-0.8001415863689311,-0.9054480740167674,-0.9704367948586523,-0.6377883668166557,1
0.10523331253654966,0.38049419458713996,-1.3408534823550664,0.14450270841012447,0.06800629072170906,-0.14736403660879469,0.658250186545718,0.85464388222826,-0.9054480740167674,1.0304638130973318,-1.2912100061291627,1
1.5001605730952654,-0.6634810969451603,-1.6445084282135416,2.6184593266271503,-1.8325882237224542,-0.008505109297798425,0.008681864773790193,-1.4690974140997102,-0.9054480740167674,-0.9704367948586523,-1.2383514736559553,0
1.3327693018282194,0.45009254735595994,-0.08285442094138377,0.2120510119791898,0.36304442834300493,-0.14736403660879469,0.12043555454100366,0.08006345011893637,-0.9054480740167674,1.0304638130973318,-0.33497642897611624,0
1.5001605730952654,0.45009254735595994,1.0450068065329523,-0.5478674031727977,0.27384685185284585,-1.7442417006852502,0.8363576296122142,1.3563607530263444,1.1044255642002523,1.0304638130973318,0.5398136136743318,0
0.7190013071823845,0.5892892528936,-0.7335435906381161,0.6257843713397168,0.29443090796595933,0.1997832816686957,-0.8958245617795928,0.18568805449748055,-0.9054480740167674,1.0304638130973318,-0.8879359174465917,0
-1.4570852192892119,-1.0114728607892605,1.3486617523914275,0.6004537575013175,1.2069907289806656,-0.008505109297798425,-0.9482091038579742,0.4145413639843263,-0.9054480740167674,-0.9704367948586523,1.8482582142164337,0
0.27262458380359555,-1.0810712135580804,-0.7769228686178984,-0.18479527148907057,0.8021709587560962,-0.772229209508277,1.5592643102938757,1.4355792063102524,1.1044255642002523,-0.9704367948586523,-0.22623887653522579,1
1.388566392250568,-0.7330794497139803,-0.1696129769009481,-1.130471521455988,-1.2356505964421574,2.004949336711646,-1.6606388761239592,0.7578213282145944,-0.9054480740167674,1.0304638130973318,0.17734473178726945,1
0.04943622211420104,-0.5938827441763403,-1.4709913162944128,-0.5563109411189304,1.220713433056074,-0.008505109297798425,-1.2729932647439381,0.6874049252955649,1.1044255642002523,1.0304638130973318,-1.1002321248751528,1
1.1653780305611736,1.0068793695065201,0.9148689725936059,0.8706469717775787,-0.20644779078647335,0.060924354357699405,0.2321892443082171,0.30891675960578213,-0.9054480740167674,-0.9704367948586523,0.14892041782738996,0
-0.5643317725316338,-0.5242843914075203,0.3075590808766557,-1.7975110192005102,-2.0247060807781816,1.380084163812163,0.8188961155860872,0.467353666173598,-0.9054480740167674,-0.9704367948586523,0.4968253475675357,1
-0.6201288629539825,-1.1506695663269004,0.4810761927957843,-0.2776741888965352,-0.10352751022090494,2.2132377276781394,0.12043555454100366,1.0658930909853481,-0.9054480740167674,-0.9704367948586523,1.0902246769251747,1
-1.4570852192892119,-0.037095922025780166,0.39431763683621995,0.9804129650773112,0.6718052700397091,-0.008505109297798425,-0.5186558588152478,1.690838666891734,1.1044255642002523,1.0304638130973318,0.2891928498063668,1
-1.4570852192892119,1.0068793695065201,-1.4276120383146307,-0.11724696792000405,-1.0366713873487257,-0.6333702821972813,1.6570487888401872,1.0394869398907118,-0.9054480740167674,1.0304638130973318,-1.5173971929215673,1
1.2769722114058708,-0.8026778024828004,0.7413518606744772,2.179395353428224,1.3785245299232796,-0.14736403660879469,0.700157820208423,0.7314151771199585,1.1044255642002523,-0.9704367948586523,1.088419881109919,0
0.8863925784494304,-0.037095922025780166,0.8714896946138238,-1.789067481254377,-0.9406124588208614,-0.008505109297798425,1.1436802764720513,-1.2842543564372582,1.1044255642002523,-0.9704367948586523,0.6896737619022439,0
-1.568679400133909,1.7028628971947202,-0.42988864477964106,-0.9953749143178567,-0.4877632243323609,0.894077918223677,-1.618731242461254,1.1187053931746198,1.1044255642002523,1.0304638130973318,-1.028374466640496,1
-0.11795504915284484,-0.24589098033224022,1.3920410303712096,-2.135252537045838,-0.6798810813880883,-0.9110881368192733,-0.9342398926370724,0.8282377311336238,1.1044255642002523,-0.9704367948586523,1.2747575600852394,0
-1.1780997671774687,0.3108958418183199,-0.9070607025572448,1.9936375186132944,-1.7502519992699994,1.3106547001566653,-0.4523021055159647,0.9514664362419254,1.1044255642002523,-0.9704367948586523,-0.927370284769992,0
1.6675518443623112,-0.38508768586988024,-1.6011291502337595,-0.9784878384255901,-1.0160873312356122,-0.008505109297798425,-1.1193319413140195,-0.9497764425718686,-0.9054480740167674,1.0304638130973318,-1.2849826343783373,0
1.6675518443623112,-0.31548933310106025,-1.3408534823550664,-2.0339300816922394,-0.7279105456520205,1.1717957728456683,-1.5034852498888154,1.4179751055804952,-0.9054480740167674,1.0304638130973318,-1.0769623064080092,0
-0.11795504915284484,1.2852727805818,1.5655581422903382,-0.6407463205802624,-0.13097291837172356,-0.008505109297798425,-0.972655223494552,-1.4162851119104383,1.1044255642002523,1.0304638130973318,0.46115356077237263,0
-0.06215795873049621,0.45009254735595994,0.654593304714913,-1.434438887516783,-2.0521514889290002,-0.4250818912307866,0.10646634332010198,-0.8705579892879606,1.1044255642002523,1.0304638130973318,0.23700167583379186,0
-0.4527375916869366,1.4244694861194402,-0.039475142961601616,-0.6407463205802624,0.7404187904167547,0.894077918223677,0.6722193977666197,0.5729782705521422,1.1044255642002523,-0.9704367948586523,-0.6832670080063058,0
1.2769722114058708,1.6332645444259002,0.39431763683621995,0.01784963921812657,0.7335574383790506,0.7552189909126802,0.9446190165742023,0.6081864720116569,1.1044255642002523,1.0304638130973318,-0.47358972723508413,0
-1.289693948022166,-0.31548933310106025,-0.5166472007392053,0.7946551302623807,1.220713433056074,-0.28622296391979096,-1.6082543340455782,-0.6593087805308722,-0.9054480740167674,-0.9704367948586523,-0.352287119878657,0
1.2769722114058708,0.65888760566242,-0.8203021465976805,-0.201682347381336,-1.5306887340634543,-0.14736403660879469,-0.26371775403379216,0.7138110763902011,1.1044255642002523,-0.9704367948586523,-0.9765993714116052,0
-1.6244764905562576,0.45009254735595994,-1.1673363704359379,0.0009625633258599405,-0.2956453672766334,-0.49451135488628506,-1.3323624124327702,-0.3952472695845121,1.1044255642002523,-0.9704367948586523,-1.1761207007553927,0
1.0537838497164762,0.3108958418183199,0.17742124693730918,-0.615415706741863,0.9737047596987102,-0.21679350026429253,-0.2532408456181161,-1.7595650761407065,1.1044255642002523,1.0304638130973318,-0.06732448445911264,0
-0.06215795873049621,0.9372810167377,0.958248250573388,-1.5526484187626477,1.0629023361888703,-0.9805176004747718,-0.2427639372024398,-1.1874318024235928,1.1044255642002523,1.0304638130973318,0.21433856845686897,0
0.4400158550706414,1.6332645444259002,-0.34313008882007673,-1.8988334745541087,1.5294742747527792,-1.1888059914412659,-0.019256557668012864,1.347558702661466,1.1044255642002523,-0.9704367948586523,-0.9515658187481285,0
0.27262458380359555,-0.9418745080204404,0.958248250573388,-0.3958837201424004,0.10917440294793604,1.0329368455346728,1.3602030503960267,-0.9761825936665046,1.1044255642002523,-0.9704367948586523,1.4047543407362422,0
0.2168274933812469,1.07647772227534,1.522178864310556,0.06006732894879254,-0.04863669391926865,-0.21679350026429253,1.0528804035361905,-1.3634728097211661,1.1044255642002523,1.0304638130973318,0.5427009986648826,0
-0.4527375916869366,1.4940678388882602,1.218523918452081,-0.4718755616575985,-1.5993022544404998,1.1717957728456683,0.4661735322583201,0.6433946734711716,1.1044255642002523,-0.9704367948586523,0.12463569641223264,1
-0.06215795873049621,-0.5242843914075203,-0.1696129769009481,-1.8566157848234428,1.1040704484150972,-0.008505109297798425,1.3322646279542234,-0.21040421192205996,1.1044255642002523,-0.9704367948586523,0.06206755436538438,0
-1.4570852192892119,-0.31548933310106025,-2.078301208011363,0.17827686019465774,-0.46717916821924743,0.33864220897969194,0.6093579472725622,1.048288990255591,-0.9054480740167674,-0.9704367948586523,-1.725355894355324,1
-1.6802735809786062,-0.8722761552516204,-0.9938192585168091,1.6305653869295662,0.04056088257089044,-0.772229209508277,1.101772642809346,1.2771422997424364,-0.9054480740167674,-0.9704367948586523,-0.5402356310626117,1
-0.6759259533763311,-0.31548933310106025,-1.1239570924561557,-0.1425775817584046,-0.028052637806155165,-1.2582354550967636,0.21123542747686444,1.2155279471882854,-0.9054480740167674,-0.9704367948586523,-0.8862583099529164,1
-0.2295492299975421,-1.2202679190957204,-0.1696129769009481,-0.615415706741863,-2.0521514889290002,-0.49451135488628506,0.07503561807307327,-0.6593087805308722,1.1044255642002523,-0.9704367948586523,0.4724865820523736,0
-1.1780997671774687,1.4244694861194402,1.5655581422903382,-0.083472816135472,-0.8308308262175889,1.5883725547786578,0.7700038763129314,0.018449097564785782,1.1044255642002523,-0.9704367948586523,0.38928938073494596,1
-1.568679400133909,1.0068793695065201,0.8714896946138238,-1.147358597348254,0.47282606094627755,0.894077918223677,-1.6885772985657626,0.528968018727749,-0.9054480740167674,-0.9704367948586523,0.11806268429500166,1
-0.9549114054880742,1.4244694861194402,-0.7769228686178984,-1.2064633629711865,-0.04177534188156448,-0.5639408185417829,0.6512655809352673,-0.6241005790713574,-0.9054480740167674,1.0304638130973318,-1.1760631866171516,1
-1.4570852192892119,-1.2898662718645404,0.654593304714913,0.43158299857865356,0.47968741298398265,-0.49451135488628506,1.5068797682154944,-1.6187322703026479,1.1044255642002523,1.0304638130973318,1.378505239269951,0
1.2211751209835222,-0.1762926275634202,1.5655581422903382,0.9804129650773112,0.8158936628315065,-0.9805176004747718,0.7350808482606771,-0.016759103894728948,-0.9054480740167674,-0.9704367948586523,1.3735324785438643,1
0.942189668871779,1.2852727805818,-0.3865093667998589,-0.17635173354293665,-0.8376921782552931,-1.605382773374254,-1.6292081508769305,-1.715554824316313,-0.9054480740167674,-0.9704367948586523,-0.8704824422872955,0
-0.11795504915284484,0.45009254735595994,0.39431763683621995,-2.0254865437461067,-0.5220699845208837,0.13035381801319784,-0.43833289429506317,1.5852140625131896,-0.9054480740167674,1.0304638130973318,0.0351270506067653,1
1.3327693018282194,-1.0114728607892605,-0.1696129769009481,0.330260543225055,-0.13783427040942775,1.7966609457451512,1.0703419175623172,1.048288990255591,-0.9054480740167674,1.0304638130973318,0.34124967972951054,1
0.32842167422594415,-0.24589098033224022,-0.039475142961601616,2.0696293601284927,0.8021709587560962,1.7966609457451512,1.5906950355409044,-1.0818071980450485,1.1044255642002523,1.0304638130973318,0.030789149844674363,0
1.0537838497164762,-0.24589098033224022,-0.34313008882007673,-0.2692306509504025,-0.23389319893729196,0.6163600636016845,-0.4662713167368664,-0.747329284179659,-0.9054480740167674,-0.9704367948586523,-0.2330829371760517,0
1.6675518443623112,1.21567442781298,-0.6467850346785519,-0.201682347381336,-1.8257268716847501,-0.6333702821972813,1.1786033045243052,1.6996407172566124,1.1044255642002523,1.0304638130973318,-1.02701838650306,1
1.388566392250568,-0.037095922025780166,-2.295197597910274,-0.9109395348565248,-0.19958643874876916,-1.535953309718756,1.25892626904449,-0.4480595717737838,1.1044255642002523,1.0304638130973318,-1.9680632001885792,0
-1.6802735809786062,-0.24589098033224022,-0.2997508108402946,0.46535715036318565,0.7610028465298693,1.1023663091901705,-1.3288701096275446,0.9954766880663186,1.1044255642002523,-0.9704367948586523,-0.19538692474451932,0
-0.9549114054880742,0.1716991362806799,0.6979725826946951,-0.7082946241493283,1.4059699380740982,0.47750113629068763,1.1960648185504326,-0.18399806082742373,-0.9054480740167674,1.0304638130973318,0.42289915103207726,1
-1.1780997671774687,0.2412974890494999,0.8281104166340416,1.0141871168618433,0.29443090796595933,-0.3556524275752888,-0.6269172457772356,1.285944350107315,1.1044255642002523,-0.9704367948586523,0.48824056392905596,0
-1.3454910384445147,-0.8722761552516204,-1.5577498722539773,-0.6914075482570616,-1.523827382025749,-0.49451135488628506,0.3125122088284016,0.7226131267550796,1.1044255642002523,1.0304638130973318,-1.086246082732923,0
-0.3411434108422393,-0.5242843914075203,1.3052824744116454,0.3218170052789211,-0.41228835191761015,0.6163600636016845,0.12392785734622899,-1.6803466228567985,-0.9054480740167674,1.0304638130973318,1.405864369717487,0
1.0537838497164762,-1.6378580357086405,-1.2540949263955021,-0.07502927818933809,0.49341011705939103,-0.8416586731637754,0.5569734051941808,-0.7209231330850228,1.1044255642002523,1.0304638130973318,-0.4497610252111842,0
0.7190013071823845,0.2412974890494999,-0.6034057566987697,1.554573545414368,0.8982298872839605,0.26921274532419415,0.8258807211965382,0.20329215522723793,-0.9054480740167674,1.0304638130973318,-0.6598114586641882,0
0.6632042167600359,-0.31548933310106025,1.2619031964318632,0.3893653088479876,0.5277168772479138,-1.2582354550967636,-0.21831781756586177,1.4971935588644032,1.1044255642002523,1.0304638130973318,1.2114856510531022,0
-1.5128823097115605,-0.7330794497139803,0.958248250573388,1.3772592485455704,-0.25447725505040547,2.2826671913336387,1.3427415363699,-1.3986810111806809,1.1044255642002523,-0.9704367948586523,1.2428933853889694,0
-1.4570852192892119,0.10210078351185986,-0.42988864477964106,0.08539794278719189,0.8913685352462563,-0.7027997458527792,1.0668496147570918,0.35292701143017535,1.1044255642002523,-0.9704367948586523,-0.46260682072053805,1
-0.3411434108422393,1.7028628971947202,-0.8636814245774627,-0.19323880943520327,-0.6524356732372697,0.6857895272571823,0.9830343474316817,-0.6945169819903869,-0.9054480740167674,1.0304638130973318,-1.306718220462479,1
1.2211751209835222,0.38049419458713996,0.17742124693730918,-0.06658574024320538,0.19837197943809512,-1.2582354550967636,-0.15894866987702969,1.3739648537561013,-0.9054480740167674,-0.9704367948586523,-0.10048721344813714,1
-1.568679400133909,-0.7330794497139803,1.175144640472299,-0.8096170795029263,0.7747255506052776,-0.14736403660879469,-1.625715848071705,0.9338623355121676,-0.9054480740167674,1.0304638130973318,1.4478065880046807,1
-0.7317230437986797,-0.1762926275634202,1.522178864310556,0.5160183780399855,0.5963303976249594,0.894077918223677,-0.04021037449936554,-0.45686162213866266,1.1044255642002523,1.0304638130973318,1.3362735176355882,0
-0.6759259533763311,-0.10669427479460018,0.958248250573388,-0.7251817000415943,0.6237758057757781,1.1717957728456683,1.3776645644221541,-1.1698277016938354,-0.9054480740167674,1.0304638130973318,0.8068101011428357,1
0.04943622211420104,1.2852727805818,0.17742124693730918,0.08539794278719189,0.5963303976249594,0.7552189909126802,-1.0948858216774418,-1.715554824316313,-0.9054480740167674,1.0304638130973318,-0.4857875969589468,0
-0.6759259533763311,-0.8722761552516204,-0.6034057566987697,0.8453163579391794,-1.0709781475372484,-0.14736403660879469,1.6745103028663146,0.4233434143492048,-0.9054480740167674,1.0304638130973318,-0.1622283952908575,1
0.942189668871779,-0.24589098033224022,-0.8203021465976805,1.5799041592527676,0.02683817849548112,-0.7027997458527792,1.0633573119518664,-0.33363291703036113,1.1044255642002523,-0.9704367948586523,-0.6477390739229067,0
-1.12230267675512,1.21567442781298,0.39431763683621995,0.14450270841012447,-0.9268897547454521,-1.1193765277857675,0.7211116370397754,-0.6505067301659937,-0.9054480740167674,-0.9704367948586523,-0.3093952748426207,1
0.8305954880270818,0.7980843112000601,-0.6467850346785519,0.8453163579391794,-0.28878401523892827,1.5883725547786578,0.6058656444673366,1.7084427676214917,-0.9054480740167674,-0.9704367948586523,-0.8937241873028642,1
-1.736070671400955,0.5196909001247799,-1.21071564841572,0.7271068266933154,-1.1944824842159303,0.13035381801319784,0.2915583919970492,-0.12238370827327313,1.1044255642002523,-0.9704367948586523,-1.2300459612849064,0
-0.3411434108422393,-1.5682596829398205,0.6979725826946951,-0.4127707960346659,0.36304442834300493,0.26921274532419415,0.759526967897255,0.8810500333228959,1.1044255642002523,1.0304638130973318,1.6629086880911732,0
-1.0107084959104229,-0.4546860386387003,-0.4732679227594232,2.1118470498591586,-2.0178447287404775,1.1717957728456683,-0.28467157086514483,-1.1346195002343207,-0.9054480740167674,-0.9704367948586523,-0.2483729014021065,1
0.32842167422594415,-0.1762926275634202,1.3052824744116454,-0.6069721687957297,0.6443598618888925,0.6163600636016845,1.1925725157452067,-1.715554824316313,1.1044255642002523,1.0304638130973318,1.1499787130942083,0
0.27262458380359555,0.2412974890494999,1.0450068065329523,0.06851086689492525,0.01997682645777695,-0.14736403660879469,0.6722193977666197,-0.2896226652059679,1.1044255642002523,1.0304638130973318,0.662187840079548,0
1.6675518443623112,0.3108958418183199,0.8714896946138238,1.4448075521146369,1.9617394531281673,0.7552189909126802,0.9341421081585259,0.581780320917021,1.1044255642002523,-0.9704367948586523,0.4831048277398498,0
-1.1780997671774687,0.9372810167377,-1.4709913162944128,1.4279204762223703,-0.20644779078647335,-0.6333702821972813,1.0074804670682598,0.02725114792966427,1.1044255642002523,-0.9704367948586523,-1.5321267318086464,0
0.2168274933812469,1.2852727805818,0.5244554707755664,-0.007480974620272774,-0.20644779078647335,-1.605382773374254,-1.4371314965895325,1.3739648537561013,-0.9054480740167674,1.0304638130973318,-0.24905230752611715,1
-1.0665055863327715,1.4940678388882602,-0.7769228686178984,0.9804129650773112,0.706112030228232,1.449513627467661,-1.5628543975776474,-0.22800831265181695,-0.9054480740167674,1.0304638130973318,-1.1952408804692758,0
0.6074071263376873,-0.037095922025780166,-1.1673363704359379,-0.25234357505813587,-0.14469562244713288,-0.5639408185417829,1.0389111923152885,-0.6681108308957506,1.1044255642002523,1.0304638130973318,-1.021471953416505,0
-1.6244764905562576,0.7980843112000601,0.4810761927957843,-0.5225367893343983,0.28756955592825423,-0.3556524275752888,-0.8539169281168879,1.4619853574048884,-0.9054480740167674,-0.9704367948586523,-0.0653337205647644,1
0.04943622211420104,1.4940678388882602,-1.514370594274195,-1.257124590647986,1.0285955760003476,-0.21679350026429253,0.27409687797092214,-0.32483086666548266,1.1044255642002523,1.0304638130973318,-1.683021354534181,0
-1.4570852192892119,-1.2202679190957204,0.134041968957527,0.7102197508010487,-0.2681999591258148,-0.6333702821972813,-0.20784090915018544,-0.8089436367338096,1.1044255642002523,1.0304638130973318,0.7855168752315302,0
0.9979867592941277,1.14607607504416,-0.039475142961601616,0.8199857441007801,1.2344361371314843,1.1717957728456683,-1.6815926929553118,-1.4162851119104383,1.1044255642002523,1.0304638130973318,-0.5826635696627975,0
1.3327693018282194,-0.6634810969451603,-0.6034057566987697,-0.5985286308495964,-1.7228065911191817,0.4080716726351898,-1.618731242461254,1.0306848895258334,-0.9054480740167674,1.0304638130973318,-0.2666541958506129,1
-1.2338968575998173,-1.2202679190957204,-1.0805778144763734,0.24582516376372304,1.6598399634691663,-0.3556524275752888,1.1297110652511493,1.1451115442692559,-0.9054480740167674,-0.9704367948586523,-0.46660429748509824,1
-1.5128823097115605,-1.7074563884774605,1.5655581422903382,2.660677016357816,-1.8325882237224542,-1.327664918752262,0.364896750906783,-1.645138421397284,-0.9054480740167674,-0.9704367948586523,2.769494923425329,0
-0.5085346821092852,1.2852727805818,-0.2997508108402946,1.140840186053841,1.399108586036394,0.33864220897969194,0.07154331526784792,-0.5008718739630559,1.1044255642002523,1.0304638130973318,-0.8112986199290881,1
-1.2338968575998173,-1.4290629774021806,-1.21071564841572,-0.9362701486949241,-1.9149244481749093,-2.438536337240231,1.5383104934625231,0.8810500333228959,-0.9054480740167674,-0.9704367948586523,-0.5040011712329128,1
0.6632042167600359,-1.5682596829398205,0.958248250573388,0.9888565030234439,2.0440756775806213,0.1997832816686957,-1.1542549693662738,1.5764120121483112,-0.9054480740167674,1.0304638130973318,1.949162782493121,1
-1.6802735809786062,-1.7074563884774605,3.300729261481625,-0.9362701486949241,0.17092657128727748,1.380084163812163,-0.8574092309221132,-0.4304554710440268,1.1044255642002523,-0.9704367948586523,4.729084433666103,0
-1.0665055863327715,-1.4986613301710006,-0.5166472007392053,-2.135252537045838,-0.9680578669716801,0.060924354357699405,0.8852498688853703,1.3123505012019512,1.1044255642002523,-0.9704367948586523,0.2829219942396632,1
0.4400158550706414,1.0068793695065201,0.6979725826946951,-0.04125512640480603,1.9274326929396444,1.2412252365011673,0.9481113193794276,-0.37764316885475474,-0.9054480740167674,-0.9704367948586523,-0.005368249834550748,0
-1.6802735809786062,0.65888760566242,0.654593304714913,1.5630170833605008,-1.1121462597634755,-1.2582354550967636,-0.3440407185539769,-1.125817449869442,1.1044255642002523,-0.9704367948586523,0.13035801821962104,0
-0.6759259533763311,0.45009254735595994,1.5655581422903382,1.394146324437837,-0.2270318468995878,2.1438082640226415,1.562756613099101,-1.7507630257758278,-0.9054480740167674,1.0304638130973318,0.9435628641283841,1
-1.736070671400955,1.14607607504416,-0.7769228686178984,0.35559115706345434,2.68904276912485,1.1023663091901705,1.517356676631171,-0.5976944279767216,1.1044255642002523,1.0304638130973318,-1.0963165586619317,1
0.27262458380359555,0.5892892528936,0.22080052491709135,-0.573198017011197,0.41107389260693705,0.47750113629068763,-1.7165157210075659,-0.4304554710440268,-0.9054480740167674,1.0304638130973318,-0.16381993341513143,0
-1.289693948022166,1.21567442781298,-1.4709913162944128,0.46535715036318565,-2.0521514889290002,-0.6333702821972813,-1.1577472721714992,1.5676099617834327,-0.9054480740167674,-0.9704367948586523,-1.5951366832342415,0
-0.843317224643377,-0.037095922025780166,0.09066269097774486,-0.29456126478880185,-0.27506131116351895,-0.772229209508277,1.1052649456145711,-1.037796946220655,1.1044255642002523,-0.9704367948586523,0.03434136029080829,0
-1.289693948022166,-1.0810712135580804,0.8714896946138238,-0.5478674031727977,-0.364258887653679,-0.07793457295329626,-0.588501914919756,-0.4128513703142695,-0.9054480740167674,1.0304638130973318,1.430587427068134,0
-1.1780997671774687,-0.31548933310106025,0.654593304714913,1.0479612686463764,0.19837197943809512,1.2412252365011673,-1.4266545881738562,-1.6715445724919198,-0.9054480740167674,-0.9704367948586523,0.6775144609788432,0
-0.9549114054880742,1.4244694861194402,1.522178864310556,-0.5563109411189304,-0.04177534188156448,-1.39709438240776,0.9830343474316817,0.9250602851472891,1.1044255642002523,-0.9704367948586523,0.3603013702284256,0
-0.4527375916869366,0.9372810167377,-0.7335435906381161,1.1155095722154418,0.5688849894741408,-0.008505109297798425,-0.16942557829270602,1.4619853574048884,-0.9054480740167674,1.0304638130973318,-1.001949765656615,1
0.32842167422594415,0.10210078351185986,1.1317653624925168,-0.6238592446879964,-1.564995494251977,0.7552189909126802,-0.04021037449936554,-0.9233702914772325,-0.9054480740167674,-0.9704367948586523,0.8184393951361142,0
1.2769722114058708,0.10210078351185986,1.0883860845127344,2.06118582218236,-0.5563767447094065,0.9635073818791748,-1.108855032898343,-0.2456124133815743,-0.9054480740167674,1.0304638130973318,0.7828547780289851,0
0.16103040295889828,-1.6378580357086405,1.3920410303712096,-1.687745025900779,0.32873766815448213,0.7552189909126802,0.5499887995837301,-1.3282646082616514,-0.9054480740167674,-0.9704367948586523,2.499162928568762,0
-0.11795504915284484,1.07647772227534,-1.514370594274195,-0.9953749143178567,-0.7759400099159526,-1.4665238460632577,0.16583549100893405,-0.14878985936790898,1.1044255642002523,1.0304638130973318,-1.5946629062029973,1
-0.06215795873049621,1.5636661916570802,1.1317653624925168,-0.18479527148907057,1.1315158565659158,1.1717957728456683,-1.0355166739886097,-1.2930564068021368,1.1044255642002523,-0.9704367948586523,0.035578735695891116,0
0.942189668871779,-0.8722761552516204,-1.0371985364965912,-2.0339300816922394,-0.7553559538028382,0.060924354357699405,-0.5710404008936291,0.08006345011893637,-0.9054480740167674,-0.9704367948586523,-0.5822364350372508,0
-1.5128823097115605,-1.1506695663269004,-0.7335435906381161,-2.135252537045838,0.150342515174163,-1.1193765277857675,0.32648142004930325,0.8282377311336238,1.1044255642002523,-0.9704367948586523,-0.14609701776686934,0
1.6675518443623112,0.72848595843124,0.3509383588564378,-2.0254865437461067,-0.10352751022090494,-0.008505109297798425,1.4719567401632403,0.18568805449748055,1.1044255642002523,-0.9704367948586523,-0.12948801693470233,0
1.555957663517614,-0.24589098033224022,0.3075590808766557,-0.3198918786272012,-1.0366713873487257,-2.0219595553072427,1.454495226137113,-0.8969641403825964,-0.9054480740167674,-0.9704367948586523,0.3323572492969328,0
0.6632042167600359,1.14607607504416,-1.0805778144763734,-0.29456126478880185,0.06800629072170906,0.6163600636016845,-0.7526401467653507,-0.5096739243279348,1.1044255642002523,1.0304638130973318,-1.3078207306027512,0
0.9979867592941277,0.03250243074303985,0.4810761927957843,0.31337346733278837,-1.3454322290454308,-0.14736403660879469,0.8119115099756364,0.48495776690335535,-0.9054480740167674,-0.9704367948586523,0.32300740732371025,0
-1.0107084959104229,-0.9418745080204404,-0.8203021465976805,-0.22701296121973655,-0.4534564641438381,-1.327664918752262,0.951603622184653,0.3177188099706606,-0.9054480740167674,1.0304638130973318,-0.3387367699434318,1
1.1653780305611736,-0.5938827441763403,0.4810761927957843,0.2795993155482551,0.04056088257089044,-0.28622296391979096,1.0668496147570918,-1.2754523060723795,1.1044255642002523,1.0304638130973318,0.6998153957363141,0
1.3327693018282194,-0.8026778024828004,-0.2563715328605124,-0.48031909960373237,-1.4620752136864086,-0.008505109297798425,0.23568154711344247,1.2155279471882854,1.1044255642002523,1.0304638130973318,0.1342180184602138,0
-1.1780997671774687,-0.8026778024828004,0.8714896946138238,0.7017762128549149,0.6512212139265967,-0.7027997458527792,-1.7200080238127913,-0.08717550681375841,-0.9054480740167674,-0.9704367948586523,1.2128809936294458,0
-1.289693948022166,0.5892892528936,0.17742124693730918,0.575123143662917,0.27384685185284585,-2.3691068735847334,0.9027113829114972,-1.1874318024235928,1.1044255642002523,1.0304638130973318,-0.19673429632565256,0
0.10523331253654966,-0.38508768586988024,-1.1673363704359379,-0.35366603041173444,0.5551622853987325,-1.7442417006852502,-1.3847469545111513,-1.3282646082616514,-0.9054480740167674,-0.9704367948586523,-0.899047583256025,0
-1.12230267675512,-1.0114728607892605,0.0472834129979627,0.5160183780399855,0.006254122382367635,-0.21679350026429253,-1.3498239264588971,1.6380263647024622,-0.9054480740167674,-0.9704367948586523,0.5565366132276424,1
0.16103040295889828,-0.6634810969451603,-0.8203021465976805,-0.21856942327360263,-1.180759780140521,-0.4250818912307866,0.357912145296332,-0.7649333849094164,-0.9054480740167674,-0.9704367948586523,-0.4690911287267259,1
0.16103040295889828,0.38049419458713996,-0.039475142961601616,-1.5695354946549136,0.006254122382367635,1.0329368455346728,1.6780026056715398,1.4355792063102524,-0.9054480740167674,1.0304638130973318,-0.27059046954542676,1
-1.736070671400955,-1.3594646246333606,-1.5577498722539773,0.8959775856159793,0.6443598618888925,-0.008505109297798425,-0.9097937730004945,-0.31602881630060375,1.1044255642002523,-0.9704367948586523,-0.9039197622781026,1
0.4400158550706414,-0.4546860386387003,-0.4732679227594232,-0.9447136866410575,-1.221927892366749,-0.008505109297798425,0.49760425750534876,-0.4040493199493906,-0.9054480740167674,-0.9704367948586523,-0.2483729014021065,0
-0.5643317725316338,0.7980843112000601,0.7413518606744772,0.8790905097237126,-1.1395916679142941,-0.49451135488628506,-0.6967633018817441,0.7050090260253222,1.1044255642002523,-0.9704367948586523,0.12583331022095137,0
1.555957663517614,-1.4986613301710006,-1.1239570924561557,0.30492992938665564,-0.24761590301270128,-0.008505109297798425,1.3811568672273795,-1.7243568746811917,-0.9054480740167674,1.0304638130973318,-0.3763016972100396,0
-0.17375213957519348,1.4940678388882602,1.175144640472299,-0.10880342997387134,-0.37798159172908735,0.060924354357699405,0.3160045116336272,-0.5712882768820854,-0.9054480740167674,1.0304638130973318,0.09594272734959117,0
-1.3454910384445147,-1.4986613301710006,-0.08285442094138377,-1.9241640883925082,-0.007468581693041681,-0.4250818912307866,-1.0355166739886097,-0.6945169819903869,-0.9054480740167674,1.0304638130973318,0.7537960595608797,0
-1.1780997671774687,-0.38508768586988024,0.43769691481600215,1.5376864695221015,-0.2956453672766334,0.6163600636016845,-0.8434400197012115,1.2947464004721934,1.1044255642002523,1.0304638130973318,0.5289121058965295,1
0.49581294549299004,-1.0810712135580804,1.175144640472299,-0.3958837201424004,0.17092657128727748,2.421526118644634,-0.24974854281289047,0.1064696012135726,-0.9054480740167674,-0.9704367948586523,1.735792272468753,1
0.27262458380359555,-0.10669427479460018,-0.12623369892116593,0.6173408333935829,1.261881545282303,-0.8416586731637754,-1.3323624124327702,-0.47446572286842004,-0.9054480740167674,1.0304638130973318,-0.11392655854378538,1
-1.0107084959104229,0.65888760566242,0.654593304714913,-0.1425775817584046,0.5620236374364366,0.4080716726351898,-1.482531433057463,-0.8265477374635669,1.1044255642002523,-0.9704367948586523,0.13035801821962104,0
1.555957663517614,0.03250243074303985,-0.5600264787189876,-0.3030048027349346,0.06114493868400392,-0.008505109297798425,0.6163425528830129,0.3177188099706606,-0.9054480740167674,1.0304638130973318,-0.5408116420885489,1
-0.11795504915284484,0.7980843112000601,1.5655581422903382,0.16983332224852382,-1.132730315876589,1.1023663091901705,-0.3370561129435259,-1.2226400038831073,-0.9054480740167674,-0.9704367948586523,0.7311955743757165,0
0.16103040295889828,0.86768266396888,1.4354203083509918,0.0009625633258599405,-0.7347718976897246,-0.008505109297798425,0.7769884819233821,-0.8969641403825964,1.1044255642002523,1.0304638130973318,0.596189450920307,0
-0.6201288629539825,-0.31548933310106025,0.0472834129979627,-0.29456126478880185,0.8707844791331418,-0.008505109297798425,-1.374270046095475,-0.7297251834499017,-0.9054480740167674,1.0304638130973318,0.1435432709045838,0
0.27262458380359555,1.0068793695065201,0.17742124693730918,-0.083472816135472,-0.4740405202569516,-1.1888059914412659,0.37188135651723364,0.3793331625248116,-0.9054480740167674,1.0304638130973318,-0.37566105222320795,1
-1.5128823097115605,0.9372810167377,-0.7335435906381161,0.40625238474025305,-0.9886419230847936,0.6163600636016845,-0.21133321195541108,-0.4480595717737838,-0.9054480740167674,-0.9704367948586523,-1.001949765656615,1
-0.7317230437986797,-0.31548933310106025,-0.8203021465976805,0.48224422625545227,2.167580014259304,-1.1193765277857675,-1.5558697919671967,0.018449097564785782,-0.9054480740167674,-0.9704367948586523,-0.619272714915787,1
1.5001605730952654,-1.0810712135580804,-1.3408534823550664,0.01784963921812657,1.5775037390167124,1.2412252365011673,0.1448816741775817,0.528968018727749,-0.9054480740167674,1.0304638130973318,-0.7930478751363751,0
-1.0107084959104229,0.86768266396888,-0.42988864477964106,0.6088972954474502,-0.1241115663340194,0.5469305999461866,-1.4685622218365613,1.611620213607826,-0.9054480740167674,1.0304638130973318,-0.7592273833886157,1
-0.3411434108422393,1.4244694861194402,0.0472834129979627,-0.45498848576533185,-1.1052849077257714,0.060924354357699405,1.1332033680563747,0.9338623355121676,-0.9054480740167674,1.0304638130973318,-0.625290986993265,1
1.6675518443623112,-1.4986613301710006,-0.3865093667998589,2.230056581105024,0.754141494492165,-0.008505109297798425,0.44871201823219303,-0.33363291703036113,-0.9054480740167674,1.0304638130973318,0.42418421383602806,0
-1.568679400133909,1.3548711333506203,0.6979725826946951,1.4785817038991689,-0.5014859284077702,0.6857895272571823,0.18678930784028672,0.8722479829580174,-0.9054480740167674,1.0304638130973318,-0.1608088761428138,1
-0.39694050126458796,-0.38508768586988024,-0.9938192585168091,0.7439939025855808,0.9188139433970749,1.6578020184341555,-1.2939470815752905,1.5852140625131896,1.1044255642002523,1.0304638130973318,-0.7446735628071002,0
0.7190013071823845,-0.5938827441763403,0.3075590808766557,-1.9917123919615733,-0.49462457637006507,-0.4250818912307866,-0.7561324495705761,0.0008449968350284161,-0.9054480740167674,-0.9704367948586523,0.5398111716819621,0
0.5516100359153386,-1.2898662718645404,1.0016275285531702,0.5920102195551835,1.7010080756953931,-0.772229209508277,-0.0367180716941402,-0.31602881630060375,1.1044255642002523,-0.9704367948586523,1.7408553706014553,0
-0.39694050126458796,-1.4986613301710006,-1.3842327603348485,-0.3621095683578672,-0.5289313365585878,-0.07793457295329626,0.45220432103741837,-1.4867015148294676,-0.9054480740167674,-0.9704367948586523,-0.6588261364027693,1
-0.7875201342210283,0.2412974890494999,0.2641798028968735,-1.0122619902101233,2.4420340957674864,0.47750113629068763,-1.1193319413140195,1.3827669041209807,-0.9054480740167674,-0.9704367948586523,0.03597764593777806,1
0.4400158550706414,-0.8026778024828004,0.8714896946138238,-0.3874401821962665,0.20523333147580028,-0.5639408185417829,-1.7269926294232423,-0.8881620900177177,-0.9054480740167674,-0.9704367948586523,1.2128809936294458,0
-1.3454910384445147,-1.5682596829398205,0.7413518606744772,-0.9024959969103915,1.4334153462249168,0.894077918223677,-0.5535788868675019,-1.530711766653861,1.1044255642002523,-0.9704367948586523,1.7106177038248311,0
0.3842187646482928,-0.10669427479460018,0.39431763683621995,0.49068776420158494,-0.5495153926717014,-0.008505109297798425,-0.07164109974639425,0.13287575230820844,-0.9054480740167674,1.0304638130973318,0.328027038105793,1
0.4400158550706414,0.7980843112000601,-0.5166472007392053,1.6136783110373007,-1.3454322290454308,-0.008505109297798425,-1.115839638508794,1.2155279471882854,1.1044255642002523,1.0304638130973318,-0.7981406719100065,0
-1.0107084959104229,-0.6634810969451603,0.6112140267351308,0.8115422061546473,-2.0521514889290002,-0.3556524275752888,-0.04021037449936554,-0.32483086666548266,-0.9054480740167674,1.0304638130973318,0.8669926282556197,1
-0.006360868308147588,-1.4986613301710006,1.478799586330774,2.7788865476036815,1.3167723615839382,0.47750113629068763,-0.5780250065040798,0.9954766880663186,-0.9054480740167674,1.0304638130973318,2.448942694717258,0
1.0537838497164762,-0.10669427479460018,-0.1696129769009481,-1.5948661084933136,0.07486764275941324,1.2412252365011673,-0.16942557829270602,1.189121796093649,1.1044255642002523,1.0304638130973318,-0.15075602493125012,1
1.6117547539399626,0.5892892528936,0.5244554707755664,-0.5394238652266644,-1.2768187086683853,0.13035381801319784,-0.546594281257051,-0.15759190973278786,-0.9054480740167674,-0.9704367948586523,0.06658060695851498,0
0.32842167422594415,0.3108958418183199,-0.08285442094138377,-0.9784878384255901,1.3648018258478714,0.47750113629068763,0.43474280701129137,0.3177188099706606,-0.9054480740167674,-0.9704367948586523,-0.27373547653372376,1
0.04943622211420104,-0.5242843914075203,0.7847311386542594,1.225275565515173,1.1932680249052574,0.7552189909126802,-1.6082543340455782,0.12407370194332998,1.1044255642002523,-0.9704367948586523,0.9315831407696863,0
-0.5085346821092852,-0.4546860386387003,-1.3408534823550664,-0.24390003711200198,1.4265539941872107,-0.9110881368192733,-1.1612395749767246,1.5500058610536749,1.1044255642002523,-0.9704367948586523,-1.0294592814406804,0
-0.9549114054880742,0.38049419458713996,-0.8203021465976805,0.16983332224852382,-1.3728776371962486,0.47750113629068763,-0.24625624000766513,0.7930295296741091,1.1044255642002523,-0.9704367948586523,-0.8829621914956683,1
0.04943622211420104,-0.4546860386387003,0.6112140267351308,0.6173408333935829,1.2893269534331195,-1.39709438240776,-0.5151635560100223,1.4971935588644032,-0.9054480740167674,1.0304638130973318,0.7279850736461111,1
-0.39694050126458796,1.6332645444259002,-1.1673363704359379,-1.5019871910858484,0.40421254056923195,-0.7027997458527792,-0.3894406550219073,-0.9849846440313832,1.1044255642002523,-0.9704367948586523,-1.4857743916156492,0
-0.843317224643377,1.4244694861194402,0.43769691481600215,-0.6576333964725289,1.474583458451144,1.1717957728456683,1.0493881007309644,-0.6681108308957506,1.1044255642002523,-0.9704367948586523,-0.3643988924345824,1
0.04943622211420104,-0.4546860386387003,-0.9504399805370269,0.9888565030234439,0.5620236374364366,-0.008505109297798425,1.3357569307594488,-1.5131076659241036,1.1044255642002523,-0.9704367948586523,-0.6779704104233223,0
0.8305954880270818,-0.24589098033224022,1.0883860845127344,-0.5816415549573304,0.1846492753626858,-0.28622296391979096,-0.8888399561691419,0.0008449968350284161,-0.9054480740167674,1.0304638130973318,1.0108854730645134,0
1.2769722114058708,-0.10669427479460018,0.134041968957527,-1.7637368674159775,1.30304965750853,-0.008505109297798425,1.161141790498178,1.3211525515668296,-0.9054480740167674,1.0304638130973318,0.10705023978100381,1
-1.6802735809786062,1.3548711333506203,-0.42988864477964106,-0.9362701486949241,0.8845071832085522,-1.39709438240776,-0.15545636707180435,-0.6064964783416001,1.1044255642002523,1.0304638130973318,-0.9222871572372797,0
-1.0107084959104229,-0.9418745080204404,-0.8636814245774627,-0.31144834068106847,1.1177931524905056,-0.008505109297798425,-0.8015323860385065,-1.310660507531894,-0.9054480740167674,1.0304638130973318,-0.3812609433746436,1
1.1653780305611736,0.3108958418183199,-1.21071564841572,0.14450270841012447,-0.49462457637006507,-0.008505109297798425,1.6814949084767652,-1.5219097162889823,1.1044255642002523,1.0304638130973318,-1.1681831088570378,1
0.4400158550706414,0.86768266396888,0.4810761927957843,-0.09191635408160471,-0.17214103059795055,-2.438536337240231,1.1227264596406985,-0.18399806082742373,-0.9054480740167674,1.0304638130973318,-0.09727962709821167,1
0.4400158550706414,0.38049419458713996,1.3920410303712096,-0.6491898585263957,-1.777697407420818,-0.14736403660879469,1.712925633723794,-1.1786297520587141,1.1044255642002523,-0.9704367948586523,0.852091020696683,0
1.0537838497164762,0.72848595843124,0.8281104166340416,0.9297517374005113,-0.5700994487848158,-1.1888059914412659,-1.171716483392401,-0.5448821257874495,-0.9054480740167674,-0.9704367948586523,0.22478400920451735,0
0.3842187646482928,-0.4546860386387003,-0.21299225488073026,-0.15102111970453733,0.8227550148692107,-1.1888059914412659,-1.2555317507178108,1.127507443539499,1.1044255642002523,-0.9704367948586523,-0.014046987390534406,0
1.0537838497164762,1.5636661916570802,-0.8203021465976805,0.18672039814079044,0.5894690455872552,-0.28622296391979096,-0.0017950436418858375,-0.4040493199493906,-0.9054480740167674,1.0304638130973318,-1.2425296793101535,0
-1.4570852192892119,1.3548711333506203,0.4810761927957843,-0.5900850929034637,-1.002364627160203,-1.8831006279962466,0.47315813786877076,0.38813521288969005,1.1044255642002523,1.0304638130973318,-0.3072470071225188,0
-1.4570852192892119,0.72848595843124,-1.2540949263955021,1.5039123177375682,1.3236337136216425,-0.8416586731637754,-1.1612395749767246,0.009647047199906902,-0.9054480740167674,1.0304638130973318,-1.321130286675713,0
-1.6244764905562576,0.3108958418183199,-0.2997508108402946,-0.42121433398079977,3.0664171311986013,-1.8831006279962466,1.244957057823588,0.7666233785794732,-0.9054480740167674,1.0304638130973318,-0.4457446365958996,1
-1.4012881288668633,1.6332645444259002,0.5678347487553487,0.051623791002659826,-0.920028402707748,0.13035381801319784,0.09948173770965128,-1.2138379535182287,-0.9054480740167674,-0.9704367948586523,-0.3611247645261325,1
1.0537838497164762,0.5196909001247799,-1.0371985364965912,1.022630654807977,-0.20644779078647335,0.13035381801319784,-0.3230869017226242,1.4795894581346456,-0.9054480740167674,1.0304638130973318,-1.096937749775374,0
-1.3454910384445147,-0.5242843914075203,-1.5577498722539773,0.26271223965598967,-0.6318516171241563,-0.3556524275752888,0.34394293407543025,0.5025618676331127,-0.9054480740167674,1.0304638130973318,-1.2026823894954182,1
0.5516100359153386,1.6332645444259002,-0.08285442094138377,0.23738162581758915,-0.0898048061454966,1.0329368455346728,0.4591889266478691,-0.8089436367338096,1.1044255642002523,1.0304638130973318,-0.782868374684701,1
1.109580940138825,0.1716991362806799,0.0472834129979627,-2.0254865437461067,0.28756955592825423,-0.28622296391979096,-1.6082543340455782,-1.3282646082616514,-0.9054480740167674,1.0304638130973318,-0.10485585208505117,1
-0.9549114054880742,1.4940678388882602,1.4354203083509918,0.6680020610703827,-0.7141878415766112,-0.008505109297798425,1.7338794505551467,-1.231442054247986,1.1044255642002523,1.0304638130973318,0.26810054172544,0
0.8305954880270818,-1.0114728607892605,0.0472834129979627,0.034736715110393196,-0.2819226632012241,-0.9805176004747718,-0.48722513356821895,0.9954766880663186,-0.9054480740167674,-0.9704367948586523,0.5565366132276424,0
-0.17375213957519348,1.3548711333506203,0.7413518606744772,0.5244619159861182,0.09545169887252672,-2.438536337240231,-1.541900580746295,0.30891675960578213,-0.9054480740167674,1.0304638130973318,-0.13152124994687273,0
0.04943622211420104,0.5196909001247799,-0.690164312658334,0.16138978430239112,0.49341011705939103,-0.14736403660879469,1.2170186353817847,-0.42165342067914796,1.1044255642002523,1.0304638130973318,-0.8307213267563098,0
1.109580940138825,-0.5938827441763403,-1.21071564841572,-0.5900850929034637,1.5157515706773708,-0.28622296391979096,1.7094333309185685,-0.5888923776118428,-0.9054480740167674,-0.9704367948586523,-0.8602257887936237,0
-0.11795504915284484,-1.3594646246333606,1.0883860845127344,0.8790905097237126,-0.007468581693041681,1.7966609457451512,1.0912957343936698,1.2507361486478001,1.1044255642002523,1.0304638130973318,1.8947655684247713,1
0.3842187646482928,-1.4986613301710006,-1.3408534823550664,0.17827686019465774,-0.5700994487848158,0.6857895272571823,1.2170186353817847,1.3211525515668296,1.1044255642002523,1.0304638130973318,-0.6117387298706475,1
-0.2853463204198907,-0.38508768586988024,0.7413518606744772,-1.3331164321631845,0.7198347343036423,-0.4250818912307866,0.42775820140084037,0.29131265887602475,1.1044255642002523,-0.9704367948586523,0.7990666416821474,1
0.2168274933812469,1.5636661916570802,0.9148689725936059,1.3012674070303722,0.41793524464464127,0.13035381801319784,1.4614798317475644,0.08886550048381524,1.1044255642002523,-0.9704367948586523,-0.10643331041589152,0
-0.17375213957519348,1.4940678388882602,-1.2540949263955021,-1.4766565772474491,-0.192725086711065,0.9635073818791748,-1.6327004536821559,1.1187053931746198,-0.9054480740167674,-0.9704367948586523,-1.5108635401583321,0
0.32842167422594415,0.10210078351185986,0.003904135018180542,0.8875340476698453,0.5071328211348003,0.5469305999461866,0.9201728969376243,0.8810500333228959,1.1044255642002523,-0.9704367948586523,-0.10676064964924555,1
1.388566392250568,-0.7330794497139803,-0.4732679227594232,1.4785817038991689,-0.3848429437667925,1.7272314820896535,0.5849118276359843,-0.3512370177601185,1.1044255642002523,-0.9704367948586523,-0.10953375187472664,0
0.04943622211420104,-1.3594646246333606,0.43769691481600215,-1.147358597348254,-0.5426540406339971,-0.8416586731637754,-1.583808214409,-1.4690974140997102,1.1044255642002523,-0.9704367948586523,1.2065642575961955,0
1.6117547539399626,1.4940678388882602,-0.12623369892116593,-0.15102111970453733,-1.949231208363432,1.0329368455346728,0.14138937137235633,0.9426643858770468,1.1044255642002523,-0.9704367948586523,-0.7648463445296534,0
0.27262458380359555,-0.8026778024828004,-1.1239570924561557,-0.24390003711200198,-0.3299521274651562,-0.4250818912307866,0.04011259002081921,-1.1698277016938354,1.1044255642002523,-0.9704367948586523,-0.6955227316699645,0
-0.2853463204198907,-1.0114728607892605,-0.12623369892116593,-0.201682347381336,-1.8051428155716367,0.1997832816686957,0.658250186545718,-1.6979507235865559,1.1044255642002523,-0.9704367948586523,0.38430706642913687,1
1.2769722114058708,0.9372810167377,-0.5600264787189876,1.8332102976367632,-0.6524356732372697,-0.5639408185417829,-1.4860237358626882,1.206725896823407,-0.9054480740167674,-0.9704367948586523,-0.8772022442090782,0
0.04943622211420104,-1.1506695663269004,-1.514370594274195,-1.130471521455988,0.6031917496626635,-0.14736403660879469,1.0528804035361905,0.2737085581462674,-0.9054480740167674,1.0304638130973318,-0.9408752500688974,1
1.6675518443623112,0.03250243074303985,1.0883860845127344,-0.3367789545194678,-1.5444114381388625,0.1997832816686957,-1.2729932647439381,1.3827669041209807,1.1044255642002523,-0.9704367948586523,0.8269018528141947,0
-1.568679400133909,-0.6634810969451603,-0.039475142961601616,1.4954687797914357,-0.18586373467335984,0.6163600636016845,-0.2951484792808209,-0.05196730535424368,-0.9054480740167674,-0.9704367948586523,0.25968182962728115,1
-0.5643317725316338,-1.4290629774021806,-0.7335435906381161,-0.35366603041173444,0.07486764275941324,-0.008505109297798425,1.318295416733322,1.5059956092292817,1.1044255642002523,-0.9704367948586523,0.007255368428699028,1
-1.6802735809786062,-1.0810712135580804,-1.6011291502337595,-0.9700443004794574,-0.24075455097499615,-2.438536337240231,0.2007585190611884,-0.5096739243279348,1.1044255642002523,-0.9704367948586523,-1.0546520283369054,0
-1.2338968575998173,1.7028628971947202,-0.34313008882007673,0.24582516376372304,-0.4877632243323609,-0.07793457295329626,-0.43134828868461234,0.7930295296741091,-0.9054480740167674,-0.9704367948586523,-0.9727057158760992,1
-1.5128823097115605,-1.5682596829398205,-1.21071564841572,0.7946551302623807,0.34246037222989145,1.5189430911231587,-1.5907928200194508,-0.7033190323552654,-0.9054480740167674,1.0304638130973318,-0.43628800418978064,1
1.5001605730952654,-0.8722761552516204,0.3075590808766557,-0.42121433398079977,0.48654876502168687,-0.07793457295329626,0.5884041304412095,-1.7595650761407065,1.1044255642002523,1.0304638130973318,0.7197884881765689,0
-1.2338968575998173,1.21567442781298,1.0016275285531702,0.5413489918783848,0.006254122382367635,1.5189430911231587,1.688479514087216,-0.42165342067914796,-0.9054480740167674,1.0304638130973318,0.10921820695930258,1
0.04943622211420104,1.6332645444259002,1.3052824744116454,-1.4175518116245165,-0.43287240803072463,-0.14736403660879469,1.4265568036953096,0.8370397814985027,1.1044255642002523,-0.9704367948586523,0.1168513269869119,0
1.2211751209835222,0.3108958418183199,1.0883860845127344,-1.3668905839477172,0.8982298872839605,-1.6748122370297525,0.7455577566763534,-1.231442054247986,-0.9054480740167674,-0.9704367948586523,0.655113987802026,0
0.32842167422594415,1.3548711333506203,-1.2540949263955021,-0.4718755616575985,-1.3454322290454308,-0.4250818912307866,-1.3917315601216023,0.018449097564785782,1.1044255642002523,1.0304638130973318,-1.4787520549601587,0
-1.0665055863327715,-1.3594646246333606,0.0472834129979627,0.575123143662917,0.7129733822659381,-0.5639408185417829,-0.9237629842213961,-1.011390795126019,1.1044255642002523,-0.9704367948586523,0.7936434710990506,0
-0.06215795873049621,-0.5938827441763403,-0.6467850346785519,0.7439939025855808,0.43851930075775475,-0.21679350026429253,-1.105362730093118,-1.4955035651943462,-0.9054480740167674,-0.9704367948586523,-0.34021206061697745,0
0.8305954880270818,1.3548711333506203,0.22080052491709135,-1.2233504388634533,0.21209468351350444,-1.2582354550967636,-0.5186558588152478,0.4145413639843263,-0.9054480740167674,1.0304638130973318,-0.48297276429816477,1
0.2168274933812469,-0.4546860386387003,-2.295197597910274,0.7102197508010487,-0.0006072296553365353,-0.008505109297798425,-0.9342398926370724,1.594016112878068,1.1044255642002523,-0.9704367948586523,-1.888654299483112,0
0.7190013071823845,1.14607607504416,1.0016275285531702,0.14450270841012447,-1.9355085042880227,-0.3556524275752888,-0.9063014701952691,-0.6681108308957506,1.1044255642002523,-0.9704367948586523,0.142493591277156,0
-0.4527375916869366,0.65888760566242,-0.9504399805370269,-0.9193830728026581,1.4334153462249168,1.3106547001566653,0.39632747615381164,0.28251060851114584,-0.9054480740167674,-0.9704367948586523,-1.0742720822614193,1
1.109580940138825,1.4244694861194402,1.1317653624925168,-1.3753341218938504,0.8707844791331418,-1.2582354550967636,-0.6443787598033628,1.594016112878068,1.1044255642002523,-0.9704367948586523,0.09940927566974299,0
1.3327693018282194,0.03250243074303985,0.7847311386542594,0.2120510119791898,-0.9817805710470894,0.26921274532419415,0.6058656444673366,0.528968018727749,1.1044255642002523,-0.9704367948586523,0.5749546300689524,0
-0.9549114054880742,-1.4290629774021806,0.6979725826946951,1.2843803311381057,0.7884482546806879,0.4080716726351898,1.5522797046834251,0.6081864720116569,1.1044255642002523,-0.9704367948586523,1.5410249874135349,0
-0.17375213957519348,0.2412974890494999,0.6112140267351308,0.009406101271993855,0.19837197943809512,0.824648454568178,0.4696658350635454,-1.125817449869442,-0.9054480740167674,-0.9704367948586523,0.31429328777856463,0
-1.3454910384445147,0.7980843112000601,0.7413518606744772,-0.9700443004794574,-0.5906835048979293,-0.3556524275752888,0.8677883548592429,-0.025561154259607435,1.1044255642002523,1.0304638130973318,0.12583331022095137,1
-1.5128823097115605,-0.38508768586988024,-1.2974742043752843,-1.9157205504463748,1.2344361371314843,0.1997832816686957,0.8677883548592429,-0.4656636725035412,1.1044255642002523,1.0304638130973318,-1.0148280985927185,1
-0.17375213957519348,1.6332645444259002,-0.7335435906381161,1.5292429315759688,-0.4397337600684288,0.33864220897969194,-0.6024711261406578,-0.10477960754351577,-0.9054480740167674,-0.9704367948586523,-1.2046119848432701,0
0.8305954880270818,-0.31548933310106025,-1.1239570924561557,1.0310741927541098,1.399108586036394,-1.7442417006852502,-1.7060388125918895,1.0570910406204694,-0.9054480740167674,-0.9704367948586523,-0.8862583099529164,0
-1.568679400133909,-1.0810712135580804,0.39431763683621995,0.2795993155482551,0.5551622853987325,-0.3556524275752888,-1.566346700382873,-0.1399878090030305,1.1044255642002523,1.0304638130973318,0.9509798128671613,0
-1.12230267675512,-1.4290629774021806,-0.9070607025572448,1.4701381659530361,0.9874274637741205,-0.008505109297798425,-0.7735939635967033,-1.5395138170187397,1.1044255642002523,1.0304638130973318,-0.1786561005391597,0
0.7190013071823845,0.72848595843124,0.0472834129979627,0.2036074740330571,0.6031917496626635,0.060924354357699405,0.6512655809352673,1.426777155945374,1.1044255642002523,1.0304638130973318,-0.35493385175056924,1
-1.6802735809786062,-1.3594646246333606,-0.9504399805370269,-0.5647544790650637,0.5551622853987325,0.060924354357699405,1.4090952896691828,0.1592819034028447,1.1044255642002523,1.0304638130973318,-0.2615985388380988,1
-0.2853463204198907,0.03250243074303985,-1.0371985364965912,0.5413489918783848,0.22581738758891376,0.47750113629068763,1.5906950355409044,1.4971935588644032,-0.9054480740167674,1.0304638130973318,-0.9367287064025013,1
-0.06215795873049621,-1.4986613301710006,-1.0371985364965912,-0.8687218451258588,-0.7416332497274298,2.004949336711646,-1.6676234817344102,0.25610445741651,-0.9054480740167674,1.0304638130973318,-0.28212688414579623,1
1.0537838497164762,0.9372810167377,1.0450068065329523,-1.0291490661023894,0.06800629072170906,-0.6333702821972813,1.6989564225028926,-1.5131076659241036,1.1044255642002523,1.0304638130973318,0.2767123291806373,0
1.0537838497164762,0.9372810167377,0.003904135018180542,0.7608809784778474,0.9462593515478916,0.4080716726351898,-0.6339018513876864,0.18568805449748055,-0.9054480740167674,-0.9704367948586523,-0.47177279950458334,0
0.2168274933812469,1.7028628971947202,-1.1239570924561557,0.8453163579391794,0.747280142454461,1.380084163812163,1.185587910134756,0.2649065077813885,-0.9054480740167674,1.0304638130973318,-1.4737244727556686,0
0.2168274933812469,0.65888760566242,-0.2997508108402946,-1.316229356270918,0.5208555252102096,-1.8831006279962466,-1.1298088497296959,-1.0025887447611403,1.1044255642002523,1.0304638130973318,-0.5859085280123492,0
-0.3411434108422393,-1.7074563884774605,-1.2974742043752843,-1.2740116665402519,-2.0521514889290002,0.26921274532419415,-1.5384082779410697,-0.10477960754351577,1.1044255642002523,1.0304638130973318,-0.463827768471947,0
0.6074071263376873,-0.10669427479460018,0.0472834129979627,-0.4718755616575985,-0.21330914282417848,-1.7442417006852502,-0.43833289429506317,-0.1399878090030305,1.1044255642002523,-0.9704367948586523,0.03339130700607394,0
-0.2853463204198907,0.72848595843124,-0.8203021465976805,-0.7420687759338609,-0.32309077542745107,2.2826671913336387,1.2414647550183626,0.43214546471408366,-0.9054480740167674,-0.9704367948586523,-0.9990648083673318,1
-1.5128823097115605,-1.3594646246333606,1.478799586330774,0.4569136124170529,-1.1258689638388848,0.5469305999461866,-0.9866244347154537,-0.8441518381933243,-0.9054480740167674,-0.9704367948586523,2.307686354921916,1
-0.6759259533763311,1.07647772227534,1.0450068065329523,0.026293177164259284,0.9393979995101874,0.4080716726351898,-1.2206087226655566,0.29131265887602475,1.1044255642002523,1.0304638130973318,0.20682952789993,1
-1.1780997671774687,1.4244694861194402,0.22080052491709135,1.1577272619461079,-2.0521514889290002,-1.9525300916517443,1.419572198084859,-0.9145682411123538,1.1044255642002523,1.0304638130973318,-0.5093389449671841,0
1.6675518443623112,1.2852727805818,-0.039475142961601616,0.29648639144052175,0.8639231270954376,-0.5639408185417829,1.517356676631171,-0.18399806082742373,1.1044255642002523,1.0304638130973318,-0.6337471528544655,0
-1.2338968575998173,0.38049419458713996,0.9148689725936059,-0.6745204723647956,1.3716631778855755,-0.49451135488628506,-1.7130234182023405,-1.3282646082616514,1.1044255642002523,-0.9704367948586523,0.47786385728264685,0
0.4400158550706414,-0.38508768586988024,1.3920410303712096,-1.9410511642847748,-0.20644779078647335,1.7966609457451512,0.7804807847286075,-1.6275343206675266,-0.9054480740167674,-0.9704367948586523,1.3779692183656156,0
0.32842167422594415,-0.10669427479460018,0.39431763683621995,0.16138978430239112,-0.06922075003238214,0.7552189909126802,-0.679301787855617,-0.6329026294362363,-0.9054480740167674,-0.9704367948586523,0.328027038105793,0
-1.4570852192892119,-0.037095922025780166,-0.9070607025572448,-1.7552933294698443,1.001150167849529,-1.7442417006852502,-0.4488098027107394,-0.7913395360040523,1.1044255642002523,-0.9704367948586523,-0.8030278195460263,0
-1.3454910384445147,0.72848595843124,-0.9938192585168091,-0.6914075482570616,-0.7828013619536568,-0.008505109297798425,-0.12053333901954999,-0.32483086666548266,-0.9054480740167674,-0.9704367948586523,-1.127890999690684,1
-0.5085346821092852,-0.31548933310106025,0.6979725826946951,-0.7589558518261276,0.6855279741151195,-1.605382773374254,-0.26721005683901783,1.6292243143375829,-0.9054480740167674,-0.9704367948586523,0.7156552602698618,1
0.8305954880270818,0.3108958418183199,0.003904135018180542,-0.5394238652266644,-0.9406124588208614,-1.6748122370297525,0.04011259002081921,0.08006345011893637,-0.9054480740167674,1.0304638130973318,-0.20493181250885326,1
-0.3411434108422393,-0.10669427479460018,1.2619031964318632,-1.3584470460015838,-1.2493733005175667,0.47750113629068763,0.27409687797092214,0.18568805449748055,1.1044255642002523,-0.9704367948586523,1.0646163658550896,0
0.7747983976047331,1.2852727805818,0.8714896946138238,-0.7589558518261276,0.30815361204136865,0.7552189909126802,-0.13101024743522632,1.5588079114185536,-0.9054480740167674,-0.9704367948586523,-0.012317018093287089,1
0.6074071263376873,1.14607607504416,1.0016275285531702,1.140840186053841,-0.021191285768450994,0.47750113629068763,0.693173214597972,1.4795894581346456,1.1044255642002523,-0.9704367948586523,0.142493591277156,0
-1.12230267675512,0.3108958418183199,-1.1239570924561557,1.1323966481077083,-1.7639747033454087,1.9355198730561483,0.7525423622868044,1.3563607530263444,-0.9054480740167674,-0.9704367948586523,-1.0993794448321679,1
-0.3411434108422393,-0.24589098033224022,-1.4276120383146307,1.5292429315759688,1.4608607543757337,0.4080716726351898,-0.2218101203710871,-1.4162851119104383,-0.9054480740167674,1.0304638130973318,-1.1754832479643584,0
-1.0665055863327715,0.1716991362806799,0.9148689725936059,-0.015924512566406687,-0.4191497039553153,0.1997832816686957,-1.2625163563282618,0.4761557165384769,-0.9054480740167674,1.0304638130973318,0.5988174854044538,1
0.4400158550706414,-1.2898662718645404,-2.078301208011363,0.25426870170985577,0.5345782292856189,-1.2582354550967636,0.48014274347922176,1.0834971917151057,-0.9054480740167674,-0.9704367948586523,-1.4750020449656425,0
1.6675518443623112,0.65888760566242,0.654593304714913,1.1492837239999751,1.6598399634691663,0.894077918223677,0.9411267137689769,1.1803197457287706,1.1044255642002523,1.0304638130973318,0.13035801821962104,1
-0.7875201342210283,0.1716991362806799,-1.514370594274195,-1.5104307290319816,0.26012414777743653,-1.7442417006852502,0.4696658350635454,0.2737085581462674,-0.9054480740167674,1.0304638130973318,-1.3714678595661605,1
-0.39694050126458796,-0.8026778024828004,0.003904135018180542,0.7946551302623807,1.3167723615839382,2.074378800367144,0.2950506948022745,-1.6979507235865559,1.1044255642002523,1.0304638130973318,0.3831402434992675,1
0.04943622211420104,-1.0810712135580804,1.4354203083509918,1.2928238690842384,-0.878860290481521,0.894077918223677,-0.9586860122736504,1.6644325157970976,-0.9054480740167674,1.0304638130973318,1.9973964256692829,1
0.8305954880270818,-0.6634810969451603,-0.6034057566987697,-0.9278266107487915,1.4677221064134398,2.9075323642331203,0.4941119547001234,-0.0959775571786369,-0.9054480740167674,1.0304638130973318,-0.2666541958506129,1
0.4400158550706414,-0.6634810969451603,-0.2997508108402946,1.3772592485455704,-0.8445535302929982,0.4080716726351898,-0.588501914919756,-0.37764316885475474,1.1044255642002523,1.0304638130973318,0.016757510175945445,0
1.555957663517614,0.38049419458713996,0.8714896946138238,2.06118582218236,-0.5838221528602241,0.9635073818791748,1.454495226137113,-0.3688411184898759,-0.9054480740167674,1.0304638130973318,0.44384320606318856,1
0.6074071263376873,1.14607607504416,1.0450068065329523,0.7608809784778474,-1.4895206218372263,-0.28622296391979096,0.5255426799471521,-0.2632165141113317,1.1044255642002523,-0.9704367948586523,0.17270847298298742,0
-1.12230267675512,-0.037095922025780166,-0.039475142961601616,0.575123143662917,0.28070820389055007,-0.07793457295329626,-0.787563174817605,-0.9057661907474751,-0.9054480740167674,1.0304638130973318,-0.07488070664443117,1
0.6632042167600359,-0.8722761552516204,0.6112140267351308,-1.1558021352943872,0.6580825659643008,-1.1193765277857675,-0.10656412779864831,-0.6064964783416001,-0.9054480740167674,-0.9704367948586523,1.0137941159990438,0
0.2168274933812469,-1.3594646246333606,1.218523918452081,1.0564048065925091,0.795309606718392,-1.535953309718756,1.199557121355658,1.7084427676214917,1.1044255642002523,1.0304638130973318,2.032405830590486,1
0.8863925784494304,1.2852727805818,-0.4732679227594232,-1.0629232178869221,-1.4689365657241127,0.1997832816686957,-0.588501914919756,-0.4656636725035412,1.1044255642002523,1.0304638130973318,-0.929666264645503,0
-1.568679400133909,-1.1506695663269004,-1.5577498722539773,0.3471476191173216,0.39048983649382263,-0.07793457295329626,0.07503561807307327,0.09766755084869373,1.1044255642002523,1.0304638130973318,-0.9850295963078989,1
-1.5128823097115605,1.3548711333506203,-0.7335435906381161,0.4569136124170529,0.43165794872005053,-1.1193765277857675,0.6163425528830129,1.2243299975531639,1.1044255642002523,-0.9704367948586523,-1.1273005406088668,0
1.3327693018282194,0.72848595843124,-0.039475142961601616,-2.135252537045838,0.6374985098511864,-0.9110881368192733,0.8782652632749193,0.09766755084869373,-0.9054480740167674,1.0304638130973318,-0.4193469474122456,1
0.27262458380359555,1.21567442781298,1.4354203083509918,0.3893653088479876,-0.7896627139913609,-0.008505109297798425,-1.1507626665610482,-0.6152985287064789,-0.9054480740167674,-0.9704367948586523,0.40822783681781905,0
-1.3454910384445147,-0.38508768586988024,1.4354203083509918,2.6353464025194167,-2.0521514889290002,-1.1193765277857675,0.21472773028209008,0.08886550048381524,1.1044255642002523,1.0304638130973318,1.4165627234778473,0
0.5516100359153386,-0.5242843914075203,1.0016275285531702,-2.135252537045838,0.7335574383790506,0.33864220897969194,1.4265568036953096,-1.3546707593562874,1.1044255642002523,1.0304638130973318,1.1292003194979368,0
0.942189668871779,1.21567442781298,0.7847311386542594,-0.07502927818933809,-0.14469562244713288,-1.1193765277857675,1.6221257607879331,-1.3018584571670153,1.1044255642002523,-0.9704367948586523,-0.04028660796995583,0
-0.2295492299975421,-0.31548933310106025,-1.4276120383146307,-2.0001559299077067,0.29443090796595933,0.26921274532419415,0.5325272855576029,0.6874049252955649,1.1044255642002523,1.0304638130973318,-1.1532439049900463,0
-0.06215795873049621,-1.4986613301710006,-0.2997508108402946,-0.9278266107487915,-0.0898048061454966,-1.1888059914412659,1.6780026056715398,1.4707874077697671,-0.9054480740167674,1.0304638130973318,0.5183590269002718,1
1.4443634826729166,1.7028628971947202,-1.2540949263955021,-1.9832688540154406,0.24640144370202724,-1.1888059914412659,0.23568154711344247,0.7930295296741091,1.1044255642002523,1.0304638130973318,-1.5572275989022637,0
-1.289693948022166,0.5196909001247799,-1.5577498722539773,0.13605917046399177,0.7678641985675734,-2.438536337240231,-0.21133321195541108,-1.4955035651943462,-0.9054480740167674,-0.9704367948586523,-1.4962623843039704,1
1.2211751209835222,0.10210078351185986,0.8714896946138238,0.7777680543701141,-1.908063096137205,-0.14736403660879469,0.16932779381415938,-0.34243496739524,-0.9054480740167674,1.0304638130973318,0.604931692493339,0
1.0537838497164762,-1.2898662718645404,0.43769691481600215,0.3893653088479876,1.179545320829847,1.5189430911231587,-1.3533162292641225,-1.7507630257758278,-0.9054480740167674,1.0304638130973318,1.1520364071877616,0
-0.17375213957519348,-1.3594646246333606,0.8714896946138238,-0.9700443004794574,-0.17900238263565568,1.449513627467661,-0.3545176269696533,0.03605319829454315,-0.9054480740167674,1.0304638130973318,1.6653651314819127,1
-1.0107084959104229,-0.7330794497139803,-0.34313008882007673,-0.6407463205802624,1.6804240195822806,0.33864220897969194,-0.15894866987702969,-1.0818071980450485,1.1044255642002523,-0.9704367948586523,0.013414169694700313,0
0.4400158550706414,-0.5242843914075203,1.3052824744116454,0.25426870170985577,-0.46717916821924743,-2.0913890189627407,1.2065417269661087,1.2947464004721934,-0.9054480740167674,1.0304638130973318,1.405864369717487,1
0.49581294549299004,0.45009254735595994,1.0016275285531702,-0.9362701486949241,-0.6936037854634977,0.894077918223677,0.8922344744958209,-1.3898789608158022,-0.9054480740167674,-0.9704367948586523,0.5061678428031605,0
-0.5643317725316338,-1.0114728607892605,0.5678347487553487,-1.3668905839477172,-0.14469562244713288,0.1997832816686957,0.3404506312702049,-1.7507630257758278,1.1044255642002523,1.0304638130973318,1.0732252536231588,0
-1.1780997671774687,-0.38508768586988024,3.300729261481625,-0.2692306509504025,0.5208555252102096,-0.4250818912307866,-0.546594281257051,-0.17519601046254524,1.1044255642002523,1.0304638130973318,3.076083443303789,0
-0.5085346821092852,-0.10669427479460018,-0.34313008882007673,-0.9784878384255901,-0.27506131116351895,1.2412252365011673,-1.105362730093118,-1.2138379535182287,-0.9054480740167674,-0.9704367948586523,-0.29807389048110944,0
-1.736070671400955,-0.7330794497139803,-0.7335435906381161,0.3893653088479876,0.5963303976249594,0.6163600636016845,-0.5431019784518256,0.8370397814985027,-0.9054480740167674,-0.9704367948586523,-0.3554295950135801,1
0.7747983976047331,1.5636661916570802,-1.514370594274195,1.2928238690842384,-0.39170429580449667,2.004949336711646,0.6163425528830129,1.4795894581346456,-0.9054480740167674,-0.9704367948586523,-1.696968226867858,1
0.27262458380359555,-1.2898662718645404,-1.1239570924561557,2.6100157886810176,0.04056088257089044,-1.4665238460632577,-0.8399477168959861,-1.6099302199377692,1.1044255642002523,-0.9704367948586523,-0.47853918380400634,0
-0.6201288629539825,-0.31548933310106025,0.2641798028968735,0.3218170052789211,2.3048070550133954,-1.39709438240776,-0.26721005683901783,-0.3688411184898759,1.1044255642002523,-0.9704367948586523,0.3342472673596761,0
-0.3411434108422393,1.14607607504416,0.134041968957527,0.6342279092858495,0.37676713241841425,-1.1888059914412659,-0.40690216904803433,1.752453019445885,1.1044255642002523,1.0304638130973318,-0.4618040428394723,1
0.7747983976047331,0.03250243074303985,0.43769691481600215,-0.6323027826341296,0.45910335687086823,-0.28622296391979096,0.916680594132399,0.8194356807687453,-0.9054480740167674,1.0304638130973318,0.2870149469315331,0
0.2168274933812469,1.2852727805818,-0.8203021465976805,-0.5647544790650637,-1.5101046779503398,1.6578020184341555,1.3287723251489982,1.594016112878068,1.1044255642002523,-0.9704367948586523,-1.166401554078333,1
1.2211751209835222,-0.8026778024828004,0.654593304714913,1.275936793191973,1.399108586036394,-0.6333702821972813,0.682696306182296,-1.1786297520587141,1.1044255642002523,1.0304638130973318,1.005445806096901,0
-0.5085346821092852,0.7980843112000601,-0.12623369892116593,-0.3030048027349346,1.1040704484150972,-0.6333702821972813,-0.5640557952831782,-0.9761825936665046,-0.9054480740167674,1.0304638130973318,-0.5113901257314335,1
1.388566392250568,-0.31548933310106025,-1.6445084282135416,0.051623791002659826,-0.7279105456520205,0.4080716726351898,-0.24625624000766513,-1.2138379535182287,1.1044255642002523,-0.9704367948586523,-1.3439479014451388,0
-1.736070671400955,-0.5242843914075203,-1.0371985364965912,1.2168320275690403,1.0834863923019828,0.894077918223677,-1.2590240535230364,-0.6945169819903869,-0.9054480740167674,-0.9704367948586523,-0.7284011605476174,0
1.2211751209835222,-1.4290629774021806,-0.9504399805370269,-0.29456126478880185,0.34246037222989145,-2.3691068735847334,-1.171716483392401,0.7930295296741091,-0.9054480740167674,-0.9704367948586523,-0.2251339677811245,1
1.2769722114058708,-1.5682596829398205,-0.6467850346785519,1.4954687797914357,0.05428358664629975,-0.008505109297798425,-1.1856856946133025,-1.1786297520587141,1.1044255642002523,1.0304638130973318,0.18392920034777396,1
1.0537838497164762,-0.1762926275634202,0.8281104166340416,0.5582360677706515,1.3373564176970527,-0.7027997458527792,-1.3009316871857413,0.08886550048381524,1.1044255642002523,-0.9704367948586523,0.7401301431031729,1
0.4400158550706414,0.03250243074303985,1.4354203083509918,0.4400265365247863,-0.5220699845208837,-0.14736403660879469,-1.1298088497296959,-0.8089436367338096,1.1044255642002523,1.0304638130973318,1.1148415359516148,0
-0.9549114054880742,0.7980843112000601,-0.690164312658334,-0.6829640103109283,-0.7347718976897246,1.449513627467661,-1.0494858852095112,1.1627156449990137,1.1044255642002523,-0.9704367948586523,-0.9255853591004836,0
-0.6201288629539825,-0.10669427479460018,0.3075590808766557,0.49068776420158494,0.2189560355512086,-0.21679350026429253,-1.367285440485024,-1.7331589250460704,-0.9054480740167674,-0.9704367948586523,0.2543681053308631,0
0.8305954880270818,1.6332645444259002,1.4354203083509918,-0.45498848576533185,0.5483009333610283,-1.605382773374254,0.4766504406739964,-0.9761825936665046,-0.9054480740167674,-0.9704367948586523,0.201200049018626,0
-1.289693948022166,-0.4546860386387003,-1.3408534823550664,0.448470074470919,1.001150167849529,-1.535953309718756,1.6989564225028926,0.3705311121599327,1.1044255642002523,-0.9704367948586523,-1.0294592814406804,1
1.1653780305611736,-0.037095922025780166,3.300729261481625,-0.12569050586613797,-0.15155697448483704,-0.008505109297798425,1.3113108111228708,-1.4162851119104383,-0.9054480740167674,1.0304638130973318,2.7284856780267117,0
-1.289693948022166,-0.31548933310106025,0.8714896946138238,0.9550823512389106,-0.8651375864061117,-0.3556524275752888,-1.5977774256299018,-0.11358165790839427,1.1044255642002523,1.0304638130973318,0.8682184574339354,0
-1.2338968575998173,-0.9418745080204404,-1.1239570924561557,-0.05814220229707266,2.6067065446723965,0.060924354357699405,-0.28117926805991916,-0.22800831265181695,-0.9054480740167674,1.0304638130973318,-0.6364059839619131,1
1.109580940138825,1.07647772227534,0.003904135018180542,2.0442987462900932,-1.1121462597634755,-0.4250818912307866,1.2414647550183626,1.2419340982829217,-0.9054480740167674,-0.9704367948586523,-0.5259809537690574,1
1.388566392250568,0.5196909001247799,-0.4732679227594232,-0.3030048027349346,0.06114493868400392,1.3106547001566653,-1.2869624759648395,0.4409475150789621,-0.9054480740167674,1.0304638130973318,-0.664336062369395,1
1.1653780305611736,1.7028628971947202,3.300729261481625,-0.5647544790650637,0.8090323107938003,-0.008505109297798425,1.2030494241608833,0.49375981726823426,-0.9054480740167674,1.0304638130973318,1.3653818162285587,1
-0.3411434108422393,-1.4986613301710006,-0.9938192585168091,0.330260543225055,1.1932680249052574,-1.8136711643407482,0.3125122088284016,1.594016112878068,1.1044255642002523,1.0304638130973318,-0.23503947761367475,1
0.49581294549299004,1.14607607504416,-1.6011291502337595,1.0648483445386432,-0.57696080082252,0.824648454568178,1.492910556994593,1.6996407172566124,1.1044255642002523,-0.9704367948586523,-1.670399311072728,1
0.16103040295889828,-1.2898662718645404,-0.9504399805370269,1.0564048065925091,-1.9217858002126134,2.004949336711646,1.3008339027071947,0.5377700690926275,1.1044255642002523,1.0304638130973318,-0.29736411813825464,1
1.109580940138825,-0.24589098033224022,-0.3865093667998589,0.14450270841012447,-0.6044062089733386,0.13035381801319784,0.6058656444673366,0.08006345011893637,1.1044255642002523,-0.9704367948586523,-0.27077894960758364,0
-0.39694050126458796,0.5196909001247799,-1.1239570924561557,0.3218170052789211,0.8913685352462563,0.1997832816686957,0.5395118911680539,0.3793331625248116,1.1044255642002523,-0.9704367948586523,-1.1634918555301401,0
-0.3411434108422393,-0.5938827441763403,-1.1239570924561557,0.3218170052789211,0.664943918002005,-0.8416586731637754,-1.0145628571572571,-0.4128513703142695,1.1044255642002523,1.0304638130973318,-0.7802236767664472,0
-1.1780997671774687,-0.10669427479460018,0.17742124693730918,-1.1135844455637214,0.6992506781905278,-0.28622296391979096,-1.3498239264588971,1.7172448179863702,-0.9054480740167674,1.0304638130973318,0.14387970616846854,0
0.32842167422594415,0.5892892528936,-0.7769228686178984,1.0141871168618433,0.7404187904167547,0.5469305999461866,-0.30911769050172255,0.7226131267550796,-0.9054480740167674,-0.9704367948586523,-0.9208502803571125,1
-1.6802735809786062,0.1716991362806799,0.6979725826946951,-1.2993422803786518,1.385385881960984,1.1717957728456683,-1.105362730093118,-0.7385272338147801,-0.9054480740167674,-0.9704367948586523,0.42289915103207726,0
-1.4012881288668633,1.21567442781298,0.0472834129979627,-1.1135844455637214,-0.7896627139913609,0.47750113629068763,-1.4022084685372784,-1.557117917748497,-0.9054480740167674,-0.9704367948586523,-0.5486029787294335,0
-0.7875201342210283,1.07647772227534,-1.0371985364965912,0.034736715110393196,-1.2287892444044533,1.8660904094006492,-0.7037479074921948,-1.6011281695728905,1.1044255642002523,1.0304638130973318,-1.258791435438045,0
-0.2853463204198907,0.9372810167377,1.478799586330774,-0.34522249246560055,0.39048983649382263,0.060924354357699405,1.244957057823588,-1.037796946220655,-0.9054480740167674,-0.9704367948586523,0.5885811327994791,1
0.10523331253654966,-0.24589098033224022,0.5678347487553487,0.7862115923162468,-1.0709781475372484,-1.1888059914412659,-1.699054206981439,-0.9409743922069899,-0.9054480740167674,-0.9704367948586523,0.5585333238861261,0
-0.2853463204198907,1.6332645444259002,1.522178864310556,0.43158299857865356,-1.2905414127437946,-1.1193765277857675,-0.7351786327392236,-0.2984247155708464,-0.9054480740167674,-0.9704367948586523,0.2574325303731018,0
-0.843317224643377,-0.5938827441763403,0.6112140267351308,0.11917209457172515,1.268742897320007,1.3106547001566653,-0.27768696525469383,-1.0025887447611403,1.1044255642002523,1.0304638130973318,0.8198185637770793,0
0.6074071263376873,0.5892892528936,0.5678347487553487,-1.1642456732405206,0.26698549981514075,1.0329368455346728,0.026143378799917526,0.4585516158087195,-0.9054480740167674,-0.9704367948586523,0.09949496986903572,1
1.5001605730952654,-1.3594646246333606,-0.3865093667998589,0.0009625633258599405,0.033699530533186264,-1.7442417006852502,-1.1228242441192449,-1.011390795126019,1.1044255642002523,-0.9704367948586523,0.3348425972133335,0
0.6632042167600359,1.4244694861194402,-0.2563715328605124,-0.07502927818933809,0.05428358664629975,-0.21679350026429253,1.6081565495670318,-1.099411298774806,1.1044255642002523,-0.9704367948586523,-0.8282070605389075,0
1.5001605730952654,-1.3594646246333606,0.7847311386542594,0.2036074740330571,-0.10352751022090494,-0.21679350026429253,0.2636199695552458,-0.10477960754351577,-0.9054480740167674,-0.9704367948586523,1.5736049567047696,0
1.0537838497164762,0.5892892528936,0.5678347487553487,-0.46343202371146575,1.261881545282303,-0.772229209508277,0.06455870965739692,1.3651628033912229,1.1044255642002523,-0.9704367948586523,0.09949496986903572,0
1.2211751209835222,-1.7074563884774605,-1.2974742043752843,0.5075748400938516,-1.5512727901765677,-0.008505109297798425,-1.7269926294232423,-0.11358165790839427,-0.9054480740167674,1.0304638130973318,-0.463827768471947,0
-0.4527375916869366,-1.0810712135580804,0.654593304714913,-0.3789966442501338,-1.5924409024027948,-0.008505109297798425,-0.06116419133071791,-0.2984247155708464,1.1044255642002523,1.0304638130973318,1.212583966067692,0
-0.39694050126458796,-0.31548933310106025,-1.6445084282135416,0.40625238474025305,-0.9543351628962707,-0.9805176004747718,1.1681263961086292,0.2737085581462674,-0.9054480740167674,-0.9704367948586523,-1.3439479014451388,1
-1.4012881288668633,-1.4290629774021806,0.22080052491709135,0.7862115923162468,0.30129226000366355,-1.4665238460632577,-0.9901167375206791,-0.8529538885582032,-0.9054480740167674,-0.9704367948586523,1.029768447751923,0
1.109580940138825,-1.6378580357086405,1.5655581422903382,-0.5647544790650637,1.865680524600303,0.824648454568178,-0.5326250700361495,-0.5184759746928133,-0.9054480740167674,-0.9704367948586523,2.692534991111709,0
-1.4570852192892119,-0.24589098033224022,-1.2974742043752843,-0.8096170795029263,0.8982298872839605,0.26921274532419415,-1.6850849957605372,-1.0025887447611403,-0.9054480740167674,-0.9704367948586523,-1.0623952106697618,0
1.1653780305611736,1.5636661916570802,-0.2997508108402946,0.4569136124170529,0.6169144537380739,-0.008505109297798425,1.6535564860349619,0.25610445741651,1.1044255642002523,-0.9704367948586523,-0.9017007686418749,0
-0.4527375916869366,-1.6378580357086405,-1.0371985364965912,-1.3668905839477172,-0.07608210207008728,-2.1608184826182386,-1.524439066720168,0.6962069756604438,1.1044255642002523,-0.9704367948586523,-0.20804594703250007,0
0.04943622211420104,-1.0810712135580804,-1.1673363704359379,1.0986224963231752,-1.3660162851585445,-0.28622296391979096,1.3776645644221541,0.6081864720116569,-0.9054480740167674,1.0304638130973318,-0.6186451063360212,1
0.942189668871779,0.5892892528936,0.7847311386542594,-0.015924512566406687,0.5345782292856189,0.5469305999461866,-0.6653325766347153,-0.8617559389230817,-0.9054480740167674,-0.9704367948586523,0.2640667844216406,0
-0.17375213957519348,-0.6634810969451603,-1.3408534823550664,-0.1425775817584046,2.0921051418445544,-0.008505109297798425,0.2950506948022745,0.98667463770144,-0.9054480740167674,-0.9704367948586523,-0.9549397676293969,1
0.6074071263376873,1.5636661916570802,1.4354203083509918,0.532905453932251,-0.24075455097499615,-1.1888059914412659,0.6128502500777876,-0.8617559389230817,-0.9054480740167674,1.0304638130973318,0.23439560025238698,0
-0.5643317725316338,0.9372810167377,-0.5166472007392053,0.46535715036318565,-0.5700994487848158,-0.14736403660879469,-1.2660086591334871,-1.231442054247986,-0.9054480740167674,1.0304638130973318,-0.8460153638471939,0
-0.3411434108422393,-0.24589098033224022,1.0016275285531702,-0.015924512566406687,-0.23389319893729196,0.33864220897969194,-0.20784090915018544,-0.5272780250576922,1.1044255642002523,1.0304638130973318,0.9354934482014488,0
-0.2295492299975421,-0.9418745080204404,-1.1673363704359379,0.862203433831446,0.6237758057757781,-2.0913890189627407,-0.6234249429720102,0.34412496106529683,-0.9054480740167674,1.0304638130973318,-0.6789301573931245,1
0.9979867592941277,-0.10669427479460018,1.1317653624925168,-0.7082946241493283,0.12289710702334536,1.380084163812163,-1.559362094772422,-1.257848205342622,1.1044255642002523,-0.9704367948586523,0.9541279666926954,0
-0.6201288629539825,1.4940678388882602,0.134041968957527,0.6933326749087821,0.9462593515478916,-1.327664918752262,1.1506648820825018,0.5201659683628701,1.1044255642002523,1.0304638130973318,-0.5926885301538045,1
0.942189668871779,1.0068793695065201,1.0016275285531702,-1.1135844455637214,-0.028052637806155165,-0.4250818912307866,-1.6012697284351272,1.2771422997424364,-0.9054480740167674,1.0304638130973318,0.21063588489216617,1
-1.4012881288668633,0.86768266396888,-1.21071564841572,0.49068776420158494,-0.24075455097499615,1.2412252365011673,0.5220503771419268,-0.7297251834499017,-0.9054480740167674,1.0304638130973318,-1.3266111744946762,1
-0.843317224643377,-1.0810712135580804,0.17742124693730918,-0.35366603041173444,0.23954009166432308,0.13035381801319784,-0.6618402738294898,-0.17519601046254524,-0.9054480740167674,-0.9704367948586523,0.7329763518667194,0
-0.6759259533763311,0.65888760566242,-0.9504399805370269,-1.350003508055451,-0.5495153926717014,1.1023663091901705,-1.0879012160669908,-0.9585784929367472,-0.9054480740167674,-0.9704367948586523,-1.0742720822614193,0
0.49581294549299004,1.6332645444259002,-0.2997508108402946,0.23738162581758915,1.7970670042232575,1.5883725547786578,0.5709426164150825,-0.48326777323329856,-0.9054480740167674,-0.9704367948586523,-0.9234495780708907,1
0.942189668871779,0.45009254735595994,0.0472834129979627,-0.05814220229707266,0.8502004230200293,-1.535953309718756,0.24965075833434414,-1.6803466228567985,-0.9054480740167674,1.0304638130973318,-0.23403911636260294,0
-0.6759259533763311,-1.2898662718645404,-0.690164312658334,-1.5864225705471804,-1.1258689638388848,0.9635073818791748,-0.6583479710242645,1.6028181632429475,-0.9054480740167674,-0.9704367948586523,-0.025601519639626657,1
1.2211751209835222,-0.31548933310106025,0.7413518606744772,-2.135252537045838,-0.7622173058405433,1.380084163812163,0.03312798441036822,-0.2984247155708464,1.1044255642002523,1.0304638130973318,0.7537960595608797,0
-0.5643317725316338,-0.38508768586988024,-1.4276120383146307,-0.17635173354293665,0.5894690455872552,-0.4250818912307866,-0.8993168645848183,1.021882839160955,1.1044255642002523,1.0304638130973318,-1.1306086139294125,0
-0.2295492299975421,0.03250243074303985,0.4810761927957843,1.6136783110373007,0.19151062740039096,-0.008505109297798425,1.25892626904449,-1.257848205342622,1.1044255642002523,1.0304638130973318,0.32300740732371025,0
1.6117547539399626,-1.4986613301710006,-0.08285442094138377,0.30492992938665564,0.31501496407907287,-2.0219595553072427,-0.6618402738294898,1.1011012924448627,1.1044255642002523,1.0304638130973318,0.7537960595608797,0
0.4400158550706414,1.4244694861194402,1.0883860845127344,-0.6998510862031949,-0.192725086711065,0.824648454568178,-0.9028091673900436,1.268340249377558,1.1044255642002523,-0.9704367948586523,0.07042126516322264,0
0.942189668871779,-0.24589098033224022,0.654593304714913,1.073291882484776,0.47282606094627755,-2.438536337240231,0.8677883548592429,0.7578213282145944,-0.9054480740167674,-0.9704367948586523,0.6339253487491907,0
-1.4012881288668633,-0.7330794497139803,1.4354203083509918,0.8959775856159793,-0.16527967856024636,1.0329368455346728,-1.6955619041762136,1.4179751055804952,1.1044255642002523,-0.9704367948586523,1.6937024311435347,0
-1.736070671400955,1.0068793695065201,0.43769691481600215,1.2674932552458391,0.5894690455872552,-1.4665238460632577,-0.822486202869859,-1.1698277016938354,-0.9054480740167674,-0.9704367948586523,-0.19051465102887935,1
-0.006360868308147588,-0.31548933310106025,-1.21071564841572,0.6680020610703827,0.8021709587560962,1.449513627467661,-0.4488098027107394,-0.07837345644887952,1.1044255642002523,1.0304638130973318,-0.9625399085349536,0
-1.0665055863327715,-0.7330794497139803,0.43769691481600215,0.8706469717775787,1.6598399634691663,-0.008505109297798425,1.3217877195385475,0.4233434143492048,-0.9054480740167674,1.0304638130973318,0.7511016991112617,1
-0.11795504915284484,-0.24589098033224022,-0.7769228686178984,0.7186632887471814,-0.5220699845208837,1.0329368455346728,1.5592643102938757,0.335322910700418,-0.9054480740167674,1.0304638130973318,-0.6100430614913743,1
-0.5085346821092852,0.1716991362806799,1.175144640472299,-0.5056497134421317,-0.007468581693041681,-0.8416586731637754,0.7420654538711281,1.268340249377558,-0.9054480740167674,1.0304638130973318,0.8099194866513052,1
1.0537838497164762,-0.8026778024828004,1.0450068065329523,-1.6793014879546455,-1.2493733005175667,-1.39709438240776,-0.0367180716941402,-1.0025887447611403,-0.9054480740167674,1.0304638130973318,1.378829143655481,0
1.5001605730952654,0.10210078351185986,-0.4732679227594232,-0.5563109411189304,1.8862645807134175,-1.8136711643407482,0.48014274347922176,-1.1434215505991994,-0.9054480740167674,-0.9704367948586523,-0.4981914378276671,0
1.3327693018282194,1.07647772227534,-0.9504399805370269,1.0986224963231752,-2.0247060807781816,1.1023663091901705,-0.3126099933069482,-0.8705579892879606,1.1044255642002523,-0.9704367948586523,-1.1977238952989626,0
-0.7317230437986797,1.0068793695065201,-1.4276120383146307,-0.4127707960346659,1.735314835883916,0.6857895272571823,-0.714224815907871,1.3827669041209807,-0.9054480740167674,1.0304638130973318,-1.5173971929215673,0
1.6675518443623112,0.1716991362806799,-0.8636814245774627,-0.16790819559680395,0.10231305091023186,0.6857895272571823,1.562756613099101,1.5500058610536749,-0.9054480740167674,1.0304638130973318,-0.8437128564490317,1
-0.006360868308147588,0.03250243074303985,0.7413518606744772,-1.2064633629711865,0.43851930075775475,0.26921274532419415,-1.356808532069348,0.24730240705163115,1.1044255642002523,-0.9704367948586523,0.5389621696767753,0
-0.11795504915284484,1.6332645444259002,-0.4732679227594232,-0.5816415549573304,-0.16527967856024636,0.5469305999461866,-0.5500865840622765,0.009647047199906902,-0.9054480740167674,-0.9704367948586523,-1.0359145407798422,1
-0.17375213957519348,-1.6378580357086405,1.175144640472299,-0.03281158845867212,0.04056088257089044,-0.28622296391979096,1.3811568672273795,0.3705311121599327,1.1044255642002523,1.0304638130973318,2.2574478503900774,1
0.942189668871779,-0.037095922025780166,-0.039475142961601616,0.47380068830931954,0.6100531017003697,0.4080716726351898,0.766511573507706,0.4145413639843263,-0.9054480740167674,-0.9704367948586523,-0.07488070664443117,1
0.7190013071823845,-1.5682596829398205,-0.08285442094138377,-0.4887626375498651,-1.6747771268552496,-0.9110881368192733,-1.6571465733187338,-1.1610256513289567,1.1044255642002523,-0.9704367948586523,0.8041464048853286,0
-0.17375213957519348,-1.2202679190957204,1.2619031964318632,-0.5563109411189304,-0.666158377312679,-0.3556524275752888,-1.6781003901500862,0.660998774200929,1.1044255642002523,1.0304638130973318,1.948200821325543,0
-0.11795504915284484,1.2852727805818,0.43769691481600215,0.8284292820469127,-0.8651375864061117,3.115820755199615,0.0470971956312699,-0.16639396009766635,-0.9054480740167674,1.0304638130973318,-0.30823612988432453,1
-0.8991143150657256,0.5196909001247799,0.17742124693730918,0.30492992938665564,0.46596470890857333,0.060924354357699405,-0.0681487969411689,0.062459349389179,-0.9054480740167674,-0.9704367948586523,-0.16518026920864948,1
0.4400158550706414,1.14607607504416,-0.12623369892116593,0.43158299857865356,0.013115474420071806,-2.0913890189627407,-0.21133321195541108,-1.6539404717621624,-0.9054480740167674,-0.9704367948586523,-0.6430933330744604,0
-0.7317230437986797,0.65888760566242,0.8281104166340416,1.520799393629835,0.6443598618888925,-0.4250818912307866,-0.7037479074921948,0.9338623355121676,1.1044255642002523,1.0304638130973318,0.2605882993527063,0
-0.7875201342210283,-1.3594646246333606,-1.1239570924561557,-0.5394238652266644,0.17778792332498164,-1.1193765277857675,1.688479514087216,1.1803197457287706,-0.9054480740167674,-0.9704367948586523,-0.4451188883923854,1
-1.736070671400955,0.9372810167377,0.5678347487553487,-0.07502927818933809,1.097209096377393,0.13035381801319784,-0.8085169916489573,0.4233434143492048,1.1044255642002523,-0.9704367948586523,-0.06634335480008884,0
-1.0107084959104229,-0.1762926275634202,0.8281104166340416,0.532905453932251,-0.7553559538028382,-0.9110881368192733,-0.04719498010981623,0.8722479829580174,-0.9054480740167674,-0.9704367948586523,0.7401301431031729,1
1.0537838497164762,-0.037095922025780166,-0.2997508108402946,-0.9109395348565248,0.06800629072170906,-0.21679350026429253,-0.3440407185539769,0.08006345011893637,1.1044255642002523,1.0304638130973318,-0.2933248405149097,0
0.8305954880270818,1.7028628971947202,0.9148689725936059,0.2036074740330571,1.1452385606413242,-0.772229209508277,-1.16473187778195,0.4145413639843263,-0.9054480740167674,-0.9704367948586523,-0.1655088297923485,0
0.9979867592941277,1.21567442781298,0.8281104166340416,0.0009625633258599405,0.9393979995101874,0.1997832816686957,-1.0494858852095112,-0.3688411184898759,1.1044255642002523,-0.9704367948586523,-0.010385644984103838,0
-1.6802735809786062,-0.4546860386387003,0.7413518606744772,2.787330085549814,-1.516966029988045,-0.6333702821972813,1.4475106205266624,1.0306848895258334,-0.9054480740167674,1.0304638130973318,0.8451480306518971,1
1.2211751209835222,-1.4290629774021806,-0.4732679227594232,0.07695440484105917,-1.0435327393864298,0.33864220897969194,1.2379724522131375,-0.11358165790839427,-0.9054480740167674,1.0304638130973318,0.28612257188048734,1
-0.2295492299975421,-1.0114728607892605,-1.6445084282135416,1.1492837239999751,-0.07608210207008728,2.004949336711646,-1.0634550964304128,0.6345926231062932,1.1044255642002523,-0.9704367948586523,-1.1227014680577858,0
0.942189668871779,-0.9418745080204404,0.134041968957527,0.8199857441007801,-0.23389319893729196,-1.1888059914412659,1.3008339027071947,0.43214546471408366,1.1044255642002523,1.0304638130973318,0.5967950455432228,0
0.9979867592941277,-1.0810712135580804,0.39431763683621995,-1.1980198250250533,-0.06235939799467797,0.7552189909126802,-1.0285320683781587,0.7138110763902011,-0.9054480740167674,1.0304638130973318,0.9509798128671613,1
-0.11795504915284484,-1.2202679190957204,0.0472834129979627,-1.5948661084933136,0.8227550148692107,-2.438536337240231,0.4312505042060657,1.004278738431197,-0.9054480740167674,-0.9704367948586523,0.6960796486089142,0
0.32842167422594415,-0.10669427479460018,1.0450068065329523,0.22893808787145642,0.30129226000366355,-0.21679350026429253,-1.475546827447012,0.044855248659421636,1.1044255642002523,1.0304638130973318,0.8804690339177652,0
1.0537838497164762,0.1716991362806799,1.4354203083509918,1.2506061793535725,0.36304442834300493,0.1997832816686957,1.3148031139280967,1.1011012924448627,-0.9054480740167674,-0.9704367948586523,1.0210214878981565,1
-1.568679400133909,1.07647772227534,-1.514370594274195,0.2711557776021224,0.6992506781905278,-0.772229209508277,-1.5768236087985494,-0.00795705352985007,1.1044255642002523,-0.9704367948586523,-1.5946629062029973,0
-1.736070671400955,0.72848595843124,-0.039475142961601616,0.051623791002659826,1.1109318004528015,-1.8831006279962466,0.17980470222983572,1.611620213607826,1.1044255642002523,1.0304638130973318,-0.4193469474122456,1
-1.3454910384445147,0.7980843112000601,-0.5166472007392053,-0.31144834068106847,-2.0521514889290002,-0.07793457295329626,0.9655728334055547,0.8898520836877744,1.1044255642002523,-0.9704367948586523,-0.7981406719100065,1
-0.17375213957519348,-0.31548933310106025,-2.078301208011363,-1.3668905839477172,-0.39170429580449667,1.5883725547786578,-1.3498239264588971,-1.1610256513289567,1.1044255642002523,-0.9704367948586523,-1.725355894355324,0
1.2769722114058708,-1.2202679190957204,-0.9938192585168091,-0.9953749143178567,-0.8994443465946345,-0.14736403660879469,-0.3475330213592023,1.1627156449990137,-0.9054480740167674,-0.9704367948586523,-0.3771670708624819,1
0.3842187646482928,-1.1506695663269004,0.7413518606744772,-1.6708579500085123,0.49341011705939103,0.5469305999461866,-1.6117466368508035,0.18568805449748055,-0.9054480740167674,-0.9704367948586523,1.3551507543591836,0
-1.6244764905562576,1.4940678388882602,-0.34313008882007673,-1.1389150594021213,-0.46717916821924743,1.1717957728456683,0.6268194612986893,1.7084427676214917,-0.9054480740167674,-0.9704367948586523,-0.9083111898428611,1
-0.006360868308147588,-0.7330794497139803,-1.0805778144763734,-0.5563109411189304,0.08172899479711741,2.5603850459556297,-0.6862863934660678,0.7754254289443517,-0.9054480740167674,1.0304638130973318,-0.6832907191987189,1
-1.2338968575998173,1.5636661916570802,-0.6034057566987697,0.7608809784778474,0.8845071832085522,-1.1193765277857675,0.1937739134507374,-1.4602953637348315,-0.9054480740167674,1.0304638130973318,-1.1005176331983708,0
-1.2338968575998173,1.4244694861194402,-0.21299225488073026,-0.4718755616575985,-0.6112675610110427,-0.9805176004747718,1.4998951626050436,-0.3688411184898759,-0.9054480740167674,-0.9704367948586523,-0.7992190500323871,1
-0.7317230437986797,1.0068793695065201,1.218523918452081,0.23738162581758915,0.37676713241841425,-0.28622296391979096,-0.6897786962712932,0.062459349389179,1.1044255642002523,-0.9704367948586523,0.3649245525541065,0
0.7747983976047331,-0.5242843914075203,-0.6467850346785519,0.11072855662559122,1.604949147167531,0.6163600636016845,-1.5873005172142254,1.1979238464585285,-0.9054480740167674,1.0304638130973318,-0.37269023883676655,0
0.10523331253654966,1.14607607504416,1.478799586330774,0.48224422625545227,0.8639231270954376,-2.438536337240231,0.6023733416621112,0.8106336304038664,1.1044255642002523,-0.9704367948586523,0.47485729004130156,0
1.555957663517614,-0.38508768586988024,-0.5600264787189876,-1.0713667558330553,-1.6267476625913175,0.6857895272571823,0.9900189530421327,-0.45686162213866266,1.1044255642002523,-0.9704367948586523,-0.35873851168478826,0
0.04943622211420104,-1.3594646246333606,-0.8203021465976805,1.0479612686463764,-0.2956453672766334,0.13035381801319784,1.587202732735679,0.5377700690926275,-0.9054480740167674,-0.9704367948586523,-0.1239582766723837,1
-0.5085346821092852,-0.9418745080204404,1.0883860845127344,-1.4513259634090492,0.36990578038070915,-0.5639408185417829,-1.2066395114446549,0.2737085581462674,1.1044255642002523,1.0304638130973318,1.532326861029877,0
1.2769722114058708,-1.6378580357086405,-1.2540949263955021,-0.48031909960373237,0.5757463415118469,0.4080716726351898,-0.3894406550219073,-1.3194625578967727,1.1044255642002523,-0.9704367948586523,-0.4497610252111842,0
-0.2295492299975421,-1.2898662718645404,1.218523918452081,-0.04969866435093875,-0.25447725505040547,0.894077918223677,1.1890802129399813,-0.9321723418421112,1.1044255642002523,1.0304638130973318,1.967324202683645,0
-0.006360868308147588,-0.6634810969451603,-0.6467850346785519,0.7439939025855808,-0.6524356732372697,1.0329368455346728,1.059865009146641,-0.5624862265172069,1.1044255642002523,-0.9704367948586523,-0.3071415824258356,1
0.9979867592941277,-1.5682596829398205,-1.4709913162944128,1.3772592485455704,0.07486764275941324,-0.008505109297798425,0.42426589859561503,-1.0730051476801699,1.1044255642002523,-0.9704367948586523,-0.7225420985917286,0
-1.4012881288668633,1.3548711333506203,1.218523918452081,0.7524374405317147,-1.1121462597634755,0.33864220897969194,-0.8189939000646337,-1.231442054247986,1.1044255642002523,1.0304638130973318,0.19064263820847785,1
-0.17375213957519348,-1.5682596829398205,-2.295197597910274,1.4110334003301037,1.1383772086036201,0.26921274532419415,-0.7666093579862524,-1.557117917748497,-0.9054480740167674,1.0304638130973318,-1.6290133975312313,1
-1.3454910384445147,0.10210078351185986,-0.5166472007392053,-0.8687218451258588,1.9274326929396444,1.2412252365011673,-1.3253778068223192,1.3123505012019512,-0.9054480740167674,-0.9704367948586523,-0.5337760549347965,1
-1.736070671400955,1.7028628971947202,-1.0371985364965912,1.1830578757845072,0.41107389260693705,0.4080716726351898,1.4614798317475644,-0.7385272338147801,-0.9054480740167674,-0.9704367948586523,-1.4180557219912722,1
1.388566392250568,1.21567442781298,-0.1696129769009481,1.0057435789157105,-0.23389319893729196,0.6857895272571823,-1.1542549693662738,-0.7385272338147801,-0.9054480740167674,-0.9704367948586523,-0.6981077936586919,0
1.2769722114058708,1.0068793695065201,0.6112140267351308,-2.135252537045838,0.9737047596987102,0.894077918223677,0.24266615272389347,-1.037796946220655,-0.9054480740167674,1.0304638130973318,-0.06708371689932695,1
-1.6244764905562576,0.86768266396888,0.22080052491709135,-0.24390003711200198,0.8021709587560962,2.004949336711646,0.28108148358137286,-0.08717550681375841,1.1044255642002523,-0.9704367948586523,-0.2864075574668985,0
-0.4527375916869366,0.5196909001247799,-0.5600264787189876,0.5835666816090508,-0.27506131116351895,-0.6333702821972813,-0.4662713167368664,0.05365729902430051,-0.9054480740167674,1.0304638130973318,-0.7308901681241609,1
-0.5085346821092852,0.1716991362806799,0.3509383588564378,-0.5478674031727977,-0.04177534188156448,1.6578020184341555,-0.5256404644256987,-1.0289948958557764,-0.9054480740167674,-0.9704367948586523,0.1414298160362754,0
1.5001605730952654,-1.7074563884774605,-0.21299225488073026,-1.1220279835098546,-0.618128913048747,2.5603850459556297,0.5779272220255335,0.3793331625248116,-0.9054480740167674,-0.9704367948586523,0.7609156754285361,1
1.6117547539399626,-1.2202679190957204,0.4810761927957843,2.1202905878052922,0.17778792332498164,-0.008505109297798425,-0.403409866242809,0.7842274793092305,-0.9054480740167674,-0.9704367948586523,1.1432657817219956,1
-1.3454910384445147,0.7980843112000601,-1.1673363704359379,0.08539794278719189,0.31501496407907287,-0.21679350026429253,-0.8678861393377896,-0.43925752140890534,1.1044255642002523,-0.9704367948586523,-1.2760582488742953,0
1.2211751209835222,0.45009254735595994,-1.514370594274195,0.11917209457172515,-0.7965240660290661,-0.4250818912307866,-0.3649945353853293,0.3001147092409032,-0.9054480740167674,-0.9704367948586523,-1.4452868677247612,1
1.388566392250568,1.5636661916570802,0.39431763683621995,-1.350003508055451,-1.0984235556880662,0.6857895272571823,1.0633573119518664,0.009647047199906902,-0.9054480740167674,-0.9704367948586523,-0.44726222108417,0
0.8305954880270818,1.21567442781298,0.6979725826946951,-0.6407463205802624,-1.3591549331208401,-1.9525300916517443,1.6151411551774826,-1.0730051476801699,1.1044255642002523,-0.9704367948586523,-0.10008853394165905,0
0.27262458380359555,0.7980843112000601,-1.6445084282135416,-0.9362701486949241,0.43165794872005053,-0.008505109297798425,0.4626812294530947,0.8106336304038664,1.1044255642002523,1.0304638130973318,-1.6265311386481067,0
-1.6244764905562576,-1.4986613301710006,1.175144640472299,1.0648483445386432,-0.007468581693041681,-0.28622296391979096,0.9725574390160057,1.0658930909853481,-0.9054480740167674,-0.9704367948586523,2.119330848992407,1
1.0537838497164762,0.3108958418183199,-0.3865093667998589,0.49068776420158494,-0.08294345410779146,-0.008505109297798425,0.10297404051487663,0.528968018727749,1.1044255642002523,-0.9704367948586523,-0.5145483006207697,0
0.04943622211420104,-1.3594646246333606,-1.5577498722539773,-0.5985286308495964,0.48654876502168687,-0.008505109297798425,0.42426589859561503,-0.6152985287064789,1.1044255642002523,-0.9704367948586523,-0.9039197622781026,0
-0.2295492299975421,1.4244694861194402,-0.7769228686178984,0.5413489918783848,-0.920028402707748,-0.49451135488628506,1.6919718168924418,1.5059956092292817,-0.9054480740167674,-0.9704367948586523,-1.1760631866171516,1
0.8305954880270818,-0.4546860386387003,0.43769691481600215,-0.2776741888965352,-1.0984235556880662,0.824648454568178,-0.2287947259815381,-0.15759190973278786,1.1044255642002523,1.0304638130973318,0.5717677976383958,0
-1.3454910384445147,0.45009254735595994,1.0016275285531702,0.2120510119791898,0.25326279573973143,0.5469305999461866,-1.5279313695253933,-0.8265477374635669,-0.9054480740167674,1.0304638130973318,0.5061678428031605,1
0.10523331253654966,-1.1506695663269004,-0.039475142961601616,0.2120510119791898,-1.7708360553831137,1.7966609457451512,1.5837104299304539,-0.32483086666548266,1.1044255642002523,-0.9704367948586523,0.5603725220571557,1
0.16103040295889828,-0.9418745080204404,-1.0371985364965912,0.3978088467941203,-0.2613386070881106,-0.008505109297798425,1.0109727698734852,0.6786028749306864,1.1044255642002523,-0.9704367948586523,-0.5513576370994899,0
-0.006360868308147588,-1.0114728607892605,0.5678347487553487,0.2795993155482551,2.544954376333055,-0.008505109297798425,-0.3684868381905548,1.2155279471882854,1.1044255642002523,1.0304638130973318,1.0732252536231588,0
-0.4527375916869366,1.4244694861194402,0.3075590808766557,0.40625238474025305,-1.3797389892339538,-0.21679350026429253,1.6710180000610892,-0.5008718739630559,1.1044255642002523,1.0304638130973318,-0.45136292395414346,0
-1.0107084959104229,-0.6634810969451603,-0.6034057566987697,1.2506061793535725,-0.43287240803072463,-0.28622296391979096,-0.5500865840622765,-0.9409743922069899,-0.9054480740167674,1.0304638130973318,-0.2666541958506129,1
-0.006360868308147588,-1.7074563884774605,-0.7769228686178984,0.6257843713397168,-2.0521514889290002,0.26921274532419415,-0.45928671112641556,0.44974956544384065,1.1044255642002523,-0.9704367948586523,0.12404908460028496,1
1.3327693018282194,1.3548711333506203,-1.4709913162944128,-0.3621095683578672,-0.23389319893729196,1.1023663091901705,0.37188135651723364,1.4795894581346456,1.1044255642002523,1.0304638130973318,-1.6251901859398636,0
0.7747983976047331,-0.31548933310106025,1.3486617523914275,-0.12569050586613797,2.030352973505213,0.1997832816686957,-0.8015323860385065,-1.1170153995045633,1.1044255642002523,1.0304638130973318,1.2877672496351396,0
0.6074071263376873,0.3108958418183199,0.3509383588564378,1.225275565515173,0.48654876502168687,-0.008505109297798425,0.682696306182296,1.0658930909853481,-0.9054480740167674,-0.9704367948586523,0.07028284359062796,1
-0.8991143150657256,-0.8722761552516204,1.2619031964318632,0.08539794278719189,-0.6249902650864521,-0.008505109297798425,-1.224101025470782,-0.07837345644887952,-0.9054480740167674,-0.9704367948586523,1.6438061756186346,1
-1.568679400133909,0.5892892528936,-0.9070607025572448,-0.40432725808853315,2.249916238711758,0.824648454568178,-1.3812546517059259,1.0570910406204694,1.1044255642002523,-0.9704367948586523,-1.0195933690886756,1
1.109580940138825,-1.4986613301710006,-0.7769228686178984,-0.6660769344186623,-1.7845587594585222,-0.6333702821972813,0.10995864612532731,0.018449097564785782,1.1044255642002523,1.0304638130973318,0.00039755504693348397,0
0.27262458380359555,0.1716991362806799,-0.690164312658334,0.25426870170985577,0.47282606094627755,-1.535953309718756,0.17980470222983572,-0.4304554710440268,1.1044255642002523,1.0304638130973318,-0.7029781889511304,0
1.2211751209835222,0.86768266396888,1.0883860845127344,-0.8940524589642582,0.07486764275941324,0.6857895272571823,-1.3847469545111513,0.6962069756604438,-0.9054480740167674,1.0304638130973318,0.3440188770953907,1
-0.6201288629539825,0.38049419458713996,1.218523918452081,1.275936793191973,-0.24761590301270128,0.4080716726351898,1.6081565495670318,1.409173055215616,1.1044255642002523,1.0304638130973318,0.716008415818852,1
-1.0107084959104229,0.10210078351185986,0.0472834129979627,-1.0798102937791887,0.836477718944619,1.380084163812163,0.24266615272389347,-0.6329026294362363,-0.9054480740167674,-0.9704367948586523,-0.07117603254211649,1
-0.06215795873049621,-1.4290629774021806,-1.2540949263955021,1.4701381659530361,-1.2082051882913396,-2.438536337240231,-1.231085631081233,-0.1399878090030305,-0.9054480740167674,1.0304638130973318,-0.5504790384748776,0
1.2769722114058708,-0.037095922025780166,0.5678347487553487,-0.31144834068106847,0.32873766815448213,-0.14736403660879469,-0.6723171822451661,-0.9497764425718686,-0.9054480740167674,-0.9704367948586523,0.4348222723866858,1
0.8863925784494304,-1.5682596829398205,1.4354203083509918,-1.1135844455637214,0.19837197943809512,0.13035381801319784,1.0354188895100631,-1.1170153995045633,-0.9054480740167674,1.0304638130973318,2.4739619555633596,0
-0.7875201342210283,0.5196909001247799,1.5655581422903382,0.16983332224852382,-0.8925829945569294,-1.605382773374254,0.06805101246262257,0.9778725873365616,1.1044255642002523,1.0304638130973318,0.8996854228676067,0
-1.4012881288668633,-1.4986613301710006,0.958248250573388,-0.9869313763717235,2.0097689173920985,-0.07793457295329626,-1.1018704272878925,-1.0554010469504125,-0.9054480740167674,1.0304638130973318,1.8838938163317984,0
-1.2338968575998173,-0.037095922025780166,1.0883860845127344,0.009406101271993855,-0.17900238263565568,1.2412252365011673,-1.3987161657320528,1.0306848895258334,1.1044255642002523,-0.9704367948586523,0.8717105401276428,0
-1.4012881288668633,-0.38508768586988024,-1.4709913162944128,-0.6069721687957297,-0.13783427040942775,2.1438082640226415,-0.2532408456181161,-0.2456124133815743,-0.9054480740167674,1.0304638130973318,-1.1692021190416437,0
0.04943622211420104,0.5892892528936,0.6112140267351308,0.9297517374005113,-1.050394091424135,1.0329368455346728,-0.5815173093093052,1.7436509690810065,1.1044255642002523,-0.9704367948586523,0.13240933277955685,0
-0.5085346821092852,0.03250243074303985,0.6979725826946951,0.11072855662559122,-0.16527967856024636,-0.3556524275752888,0.5325272855576029,-1.0642030973152912,-0.9054480740167674,-0.9704367948586523,0.5029697092845974,1
-0.6201288629539825,-1.4290629774021806,-0.08285442094138377,-1.231793976809586,2.4077273355789637,1.3106547001566653,1.4719567401632403,-1.4338892126401954,-0.9054480740167674,-0.9704367948586523,0.7044233770581696,0
-0.7317230437986797,0.65888760566242,0.7413518606744772,-0.6323027826341296,-0.25447725505040547,0.9635073818791748,-0.8923322589743674,-1.4955035651943462,1.1044255642002523,-0.9704367948586523,0.19547315878616345,0
0.8863925784494304,0.1716991362806799,0.8714896946138238,0.6933326749087821,0.5414395813233231,-0.49451135488628506,1.2274955437974613,1.1803197457287706,-0.9054480740167674,1.0304638130973318,0.5636338185299785,1
1.6117547539399626,0.2412974890494999,1.3052824744116454,1.275936793191973,0.9874274637741205,-0.6333702821972813,1.454495226137113,-0.21920626228693846,1.1044255642002523,1.0304638130973318,0.8709245714601378,0
-0.7317230437986797,-1.1506695663269004,1.478799586330774,-0.06658574024320538,-0.17900238263565568,-0.21679350026429253,1.3916337756430555,-1.7507630257758278,-0.9054480740167674,-0.9704367948586523,2.1057746404222106,1
0.2168274933812469,0.86768266396888,0.8714896946138238,-1.0798102937791887,-0.41228835191761015,-1.1193765277857675,1.5662489159043265,1.3211525515668296,1.1044255642002523,-0.9704367948586523,0.18641226845481837,0
-0.17375213957519348,1.7028628971947202,-1.6011291502337595,1.0395177307002426,0.49341011705939103,-0.3556524275752888,1.1820956073295306,1.3299546019317081,1.1044255642002523,1.0304638130973318,-1.7799026019598503,1
1.555957663517614,-1.3594646246333606,1.1317653624925168,0.6848891369626494,-0.24075455097499615,0.47750113629068763,0.3125122088284016,1.0834971917151057,1.1044255642002523,1.0304638130973318,1.940645655813343,0
-0.7875201342210283,-0.4546860386387003,0.9148689725936059,1.3012674070303722,-0.3368134795028604,1.1023663091901705,-0.3265792045278499,-0.8881620900177177,1.1044255642002523,-0.9704367948586523,1.0013653066596115,0
-1.6802735809786062,1.2852727805818,0.5244554707755664,0.2711557776021224,0.9737047596987102,-0.4250818912307866,-0.04021037449936554,-0.4480595717737838,-0.9054480740167674,1.0304638130973318,-0.24905230752611715,1
-1.736070671400955,-1.0114728607892605,-0.3865093667998589,-0.5478674031727977,-0.06235939799467797,1.449513627467661,1.2903569942915187,0.8634459325931385,-0.9054480740167674,1.0304638130973318,0.12596274623137863,1
0.8305954880270818,-1.6378580357086405,-1.21071564841572,0.4991313021477189,1.2550201932445968,0.6857895272571823,-0.7072402102974203,-0.03436320462448631,-0.9054480740167674,1.0304638130973318,-0.40141800957544743,0
-1.5128823097115605,1.4940678388882602,0.003904135018180542,0.30492992938665564,-0.0898048061454966,0.6857895272571823,-1.2031472086394297,-1.2138379535182287,1.1044255642002523,-0.9704367948586523,-0.678767437341729,0
-0.6759259533763311,1.2852727805818,1.4354203083509918,-0.6069721687957297,-1.3522935810831351,-0.9805176004747718,-1.2660086591334871,-0.9057661907474751,1.1044255642002523,-0.9704367948586523,0.3723778272350617,0
-1.1780997671774687,1.2852727805818,1.0450068065329523,0.17827686019465774,-2.0521514889290002,1.8660904094006492,1.1297110652511493,1.6644325157970976,-0.9054480740167674,-0.9704367948586523,0.10605062662312774,1
0.5516100359153386,-1.1506695663269004,1.0883860845127344,-0.21856942327360263,-1.8874790400240906,-0.008505109297798425,0.8992190801062719,-1.231442054247986,1.1044255642002523,-0.9704367948586523,1.7083855242711965,0
-1.6802735809786062,-0.31548933310106025,0.958248250573388,0.7271068266933154,-1.7090838870437723,-0.3556524275752888,-0.019256557668012864,0.7930295296741091,-0.9054480740167674,-0.9704367948586523,0.9445000560159728,1
-1.6244764905562576,-0.10669427479460018,0.654593304714913,0.47380068830931954,0.28070820389055007,-0.5639408185417829,-0.7980400832332811,-0.07837345644887952,1.1044255642002523,1.0304638130973318,0.5490038364305818,1
-0.5085346821092852,0.5892892528936,1.478799586330774,-1.088253831725322,-0.9955032751224978,-0.3556524275752888,0.6093579472725622,0.8722479829580174,1.1044255642002523,1.0304638130973318,0.7906965909899749,1
1.2769722114058708,-0.24589098033224022,0.8281104166340416,-1.18957628707892,-2.0247060807781816,-1.0499470641302695,-1.625715848071705,0.5641762201872637,1.1044255642002523,1.0304638130973318,0.7847093984753202,0
-1.12230267675512,-1.5682596829398205,0.7413518606744772,-0.11724696792000405,-0.13097291837172356,-0.008505109297798425,0.2252046386977661,-0.21040421192205996,1.1044255642002523,-0.9704367948586523,1.7106177038248311,0
-0.6759259533763311,-0.9418745080204404,-0.21299225488073026,0.009406101271993855,-1.1052849077257714,-0.008505109297798425,-0.3684868381905548,-0.5096739243279348,1.1044255642002523,1.0304638130973318,0.2566016580935302,0
-1.5128823097115605,0.1716991362806799,-0.34313008882007673,0.7439939025855808,0.47968741298398265,0.26921274532419415,1.6570487888401872,0.8986541340526528,-0.9054480740167674,-0.9704367948586523,-0.4215088539553286,1
0.27262458380359555,0.3108958418183199,0.5678347487553487,0.4991313021477189,0.45910335687086823,-0.008505109297798425,0.01566647038424119,-0.6241005790713574,1.1044255642002523,-0.9704367948586523,0.24229200365280382,0
0.32842167422594415,0.03250243074303985,-1.6445084282135416,1.4532510900607696,0.5688849894741408,0.6857895272571823,0.16932779381415938,1.0130807887960762,-0.9054480740167674,-0.9704367948586523,-1.440623151892986,0
-0.11795504915284484,1.5636661916570802,0.6979725826946951,-0.4972061754959978,-2.0521514889290002,0.824648454568178,0.7280962426502264,0.6345926231062932,-0.9054480740167674,-0.9704367948586523,-0.24844535652767416,1
-1.289693948022166,-0.31548933310106025,-0.7335435906381161,-0.5563109411189304,0.05428358664629975,-0.7027997458527792,-0.06465649413594357,0.2737085581462674,-0.9054480740167674,-0.9704367948586523,-0.5429911163337496,0
0.10523331253654966,0.1716991362806799,-2.295197597910274,-0.9953749143178567,-0.11725021429631426,-0.07793457295329626,-0.972655223494552,-0.45686162213866266,-0.9054480740167674,-0.9704367948586523,-2.0047738633067147,0
1.1653780305611736,0.03250243074303985,-1.6445084282135416,0.7355503646394481,-1.2493733005175667,-1.535953309718756,0.11694325173577831,-1.037796946220655,-0.9054480740167674,1.0304638130973318,-1.440623151892986,0
0.6632042167600359,0.5196909001247799,1.1317653624925168,0.0009625633258599405,-2.0521514889290002,1.7966609457451512,1.5383104934625231,0.740217227484837,1.1044255642002523,-0.9704367948586523,0.566914894093777,0
0.16103040295889828,-0.31548933310106025,1.0450068065329523,-1.8988334745541087,-0.10352751022090494,1.1023663091901705,-0.3265792045278499,-1.4338892126401954,-0.9054480740167674,1.0304638130973318,1.02078165459801,0
1.109580940138825,0.65888760566242,0.654593304714913,0.17827686019465774,1.1040704484150972,-1.4665238460632577,0.6163425528830129,1.6556304654322191,-0.9054480740167674,-0.9704367948586523,0.13035801821962104,1
1.4443634826729166,0.5892892528936,0.134041968957527,0.24582516376372304,-2.0521514889290002,-0.9110881368192733,1.6570487888401872,1.6820366165268554,-0.9054480740167674,1.0304638130973318,-0.2296486592361733,1
-0.5643317725316338,1.07647772227534,-0.7769228686178984,-0.16790819559680395,-0.8514148823307024,-0.14736403660879469,1.140187973666826,-1.3018584571670153,1.1044255642002523,-0.9704367948586523,-1.075588815020798,0
0.6632042167600359,1.4940678388882602,-0.7335435906381161,0.2795993155482551,0.14348116313645884,0.060924354357699405,0.5430041939732791,-1.3898789608158022,1.1044255642002523,-0.9704367948586523,-1.1665479114066344,0
-0.4527375916869366,-0.5242843914075203,-0.039475142961601616,-1.257124590647986,1.1658226167544388,-0.7027997458527792,0.8119115099756364,-0.3072267659357253,1.1044255642002523,1.0304638130973318,0.18063786160233478,1
-0.843317224643377,-1.0114728607892605,-1.3408534823550664,1.6390089248757,-0.3162294233897469,-1.1888059914412659,1.5103720710207198,1.6292243143375829,1.1044255642002523,-0.9704367948586523,-0.8212997611604012,1
-1.2338968575998173,-0.1762926275634202,1.0016275285531702,0.3640346950095871,1.99604621331669,0.4080716726351898,1.5941873383461298,-0.3512370177601185,1.1044255642002523,-0.9704367948586523,0.8891659867362768,0
-0.11795504915284484,1.5636661916570802,0.3509383588564378,-1.8228416330389094,-1.8394495757601594,-0.008505109297798425,1.6256180635931585,-0.47446572286842004,-0.9054480740167674,1.0304638130973318,-0.4756646303065266,1
1.3327693018282194,-0.24589098033224022,-0.9504399805370269,-0.03281158845867212,-2.0521514889290002,0.060924354357699405,0.42775820140084037,0.7138110763902011,-0.9054480740167674,1.0304638130973318,-0.7608271112175033,1
1.5001605730952654,-0.5938827441763403,-0.9504399805370269,0.3893653088479876,1.0560409841511662,-0.28622296391979096,-0.41388677465848517,-1.1346195002343207,1.1044255642002523,-0.9704367948586523,-0.6202194527120946,0
0.7747983976047331,-1.4290629774021806,-1.1239570924561557,-1.1558021352943872,-2.0521514889290002,-0.4250818912307866,-1.2939470815752905,-0.48326777323329856,1.1044255642002523,1.0304638130973318,-0.41104543674898364,0
-0.5085346821092852,1.2852727805818,-0.9504399805370269,0.5160183780399855,0.47968741298398265,-1.1193765277857675,-0.41039447185325983,-0.7297251834499017,1.1044255642002523,1.0304638130973318,-1.255177287615644,0
-0.006360868308147588,-1.0114728607892605,-0.039475142961601616,1.6812266146063661,-0.2956453672766334,-0.7027997458527792,1.5348181906572977,0.3617290617950542,1.1044255642002523,-0.9704367948586523,0.47042183982838964,1
-0.843317224643377,0.3108958418183199,0.2641798028968735,-0.6745204723647956,-0.920028402707748,1.1717957728456683,1.3497261419803508,-1.1874318024235928,1.1044255642002523,1.0304638130973318,0.001479179565757468,1
0.9979867592941277,-0.7330794497139803,-1.4276120383146307,0.40625238474025305,-0.43287240803072463,-2.1608184826182386,0.07154331526784792,0.1680839537677232,1.1044255642002523,-0.9704367948586523,-1.011151843383857,0
1.0537838497164762,0.10210078351185986,-0.1696129769009481,0.18672039814079044,-1.3179868208946122,0.060924354357699405,0.11694325173577831,1.2595381990126786,-0.9054480740167674,1.0304638130973318,-0.24909911807776255,0
-0.843317224643377,0.65888760566242,-1.0805778144763734,0.9550823512389106,-0.32309077542745107,-0.008505109297798425,-0.679301787855617,0.05365729902430051,-0.9054480740167674,-0.9704367948586523,-1.1719447931112335,0
-1.0107084959104229,0.5196909001247799,1.4354203083509918,-0.13413404381227068,0.02683817849548112,0.13035381801319784,-0.16942557829270602,0.6433946734711716,1.1044255642002523,-0.9704367948586523,0.7998542642354576,0
-1.289693948022166,-0.38508768586988024,0.958248250573388,-1.105140907617588,-0.4191497039553153,0.7552189909126802,0.7350808482606771,-1.4955035651943462,1.1044255642002523,-0.9704367948586523,0.9920341672433037,0
0.4400158550706414,-0.6634810969451603,-1.0371985364965912,0.8959775856159793,-0.5975448569356334,0.060924354357699405,-0.3545176269696533,-0.17519601046254524,-0.9054480740167674,1.0304638130973318,-0.671528061602839,1
-1.6802735809786062,0.5892892528936,0.654593304714913,-1.046036141994656,0.26698549981514075,-0.008505109297798425,-1.1018704272878925,-1.425087162275317,-0.9054480740167674,-0.9704367948586523,0.1653236956900776,0
0.7190013071823845,-1.6378580357086405,-0.5166472007392053,1.807879683798364,1.7147307797708036,-0.7027997458527792,0.13091246295668,0.35292701143017535,-0.9054480740167674,1.0304638130973318,0.37207024059634175,1
-0.39694050126458796,0.65888760566242,-1.1239570924561557,0.5413489918783848,-0.2681999591258148,1.3106547001566653,-0.972655223494552,-0.7737354352742949,-0.9054480740167674,-0.9704367948586523,-1.204502363394505,0
0.3842187646482928,1.0068793695065201,-0.34313008882007673,-0.6323027826341296,0.8502004230200293,1.1023663091901705,1.643079577619286,-0.747329284179659,-0.9054480740167674,-0.9704367948586523,-0.7459538546118648,0
-1.289693948022166,0.1716991362806799,-0.1696129769009481,1.0986224963231752,-0.9886419230847936,-0.008505109297798425,-0.39642526063235817,-1.4867015148294676,1.1044255642002523,-0.9704367948586523,-0.2807741864574277,1
1.2211751209835222,1.4940678388882602,0.9148689725936059,-0.03281158845867212,-1.3660162851585445,-0.28622296391979096,1.419572198084859,-0.6681108308957506,1.1044255642002523,1.0304638130973318,-0.07621508702625805,0
-0.5643317725316338,0.9372810167377,-1.4276120383146307,-0.25234357505813587,0.47282606094627755,-0.7027997458527792,-0.9691629206893266,0.02725114792966427,-0.9054480740167674,-0.9704367948586523,-1.5009398514467622,0
0.6074071263376873,-1.3594646246333606,1.3052824744116454,-0.7167381620954616,-0.23389319893729196,0.47750113629068763,-1.0983781244826671,0.3001147092409032,-0.9054480740167674,-0.9704367948586523,2.1241660053676297,0
0.7747983976047331,-1.1506695663269004,0.8281104166340416,-1.9241640883925082,1.1658226167544388,0.4080716726351898,0.39632747615381164,-1.5219097162889823,-0.9054480740167674,1.0304638130973318,1.4434594468371875,0
-1.568679400133909,-0.38508768586988024,0.43769691481600215,0.5920102195551835,1.3716631778855755,0.6857895272571823,0.9620805306003294,0.5377700690926275,-0.9054480740167674,-0.9704367948586523,0.5289121058965295,1
-0.3411434108422393,-1.7074563884774605,-0.690164312658334,-1.6708579500085123,0.8707844791331418,0.894077918223677,0.22171233589254077,-0.03436320462448631,1.1044255642002523,-0.9704367948586523,0.2220285601123237,0
1.4443634826729166,-1.2202679190957204,-0.21299225488073026,-0.8265041553951928,0.8502004230200293,0.6163600636016845,-0.955193709468425,0.13287575230820844,-0.9054480740167674,1.0304638130973318,0.4277679687410652,0
-0.17375213957519348,-0.1762926275634202,-0.5600264787189876,0.41469592268638694,-2.0521514889290002,1.1023663091901705,-1.625715848071705,1.1715176953638922,-0.9054480740167674,1.0304638130973318,-0.45215660596165674,1
0.7190013071823845,-1.5682596829398205,0.3509383588564378,-0.530980327280531,0.46596470890857333,1.2412252365011673,0.399819778959037,-0.553684176152328,-0.9054480740167674,1.0304638130973318,1.2812365622219084,1
0.10523331253654966,-1.4986613301710006,-1.4709913162944128,0.13605917046399177,0.8913685352462563,1.2412252365011673,-1.3009316871857413,-1.1434215505991994,-0.9054480740167674,-0.9704367948586523,-0.7530009494670127,1
-0.5085346821092852,-0.037095922025780166,-0.8203021465976805,-1.257124590647986,-1.304264116819203,-2.3691068735847334,-0.5605634924779527,0.18568805449748055,1.1044255642002523,1.0304638130973318,-0.7302131082558667,0
0.27262458380359555,1.4940678388882602,-1.4276120383146307,-0.3789966442501338,0.013115474420071806,0.1997832816686957,0.6023733416621112,1.5676099617834327,-0.9054480740167674,-0.9704367948586523,-1.6256354164088982,1
-1.1780997671774687,0.86768266396888,1.3486617523914275,0.14450270841012447,-1.0641167954995434,-0.9805176004747718,-1.41617767975818,0.062459349389179,1.1044255642002523,-0.9704367948586523,0.5331468074640779,0
-1.4570852192892119,-0.7330794497139803,0.8714896946138238,-0.9869313763717235,1.0629023361888703,1.1023663091901705,-1.314900898406643,1.1715176953638922,-0.9054480740167674,1.0304638130973318,1.1609281043426851,1
-0.7875201342210283,-0.31548933310106025,1.0883860845127344,1.6812266146063661,-0.9749192190093843,-2.3691068735847334,-1.541900580746295,0.9074561844175322,-0.9054480740167674,1.0304638130973318,1.0589224538890285,0
-0.6201288629539825,0.65888760566242,-0.9070607025572448,-0.6660769344186623,-0.8102467701044754,1.5189430911231587,1.7199102393342451,0.062459349389179,1.1044255642002523,-0.9704367948586523,-1.0417145119781481,1
0.5516100359153386,1.4244694861194402,-1.514370594274195,1.3688157105994376,-0.4740405202569516,-0.9110881368192733,-0.40690216904803433,0.5201659683628701,-0.9054480740167674,1.0304638130973318,-1.6688593652279968,1
0.2168274933812469,-0.8026778024828004,-0.9504399805370269,-0.19323880943520327,2.3185297590888037,-1.1193765277857675,1.4056029868639575,-0.32483086666548266,1.1044255642002523,1.0304638130973318,-0.5295745816439287,0
0.49581294549299004,0.72848595843124,-1.0805778144763734,-1.6117531843855797,1.0423182800757558,0.33864220897969194,-0.7316863299339982,0.1064696012135726,1.1044255642002523,-0.9704367948586523,-1.1923040953523605,0
0.32842167422594415,-0.9418745080204404,-1.1239570924561557,-1.172689211186654,1.6667013155068704,-0.4250818912307866,0.8712806576644686,0.02725114792966427,-0.9054480740167674,1.0304638130973318,-0.6364059839619131,1
0.10523331253654966,-0.5938827441763403,-1.3842327603348485,0.1529462463562572,-1.8600336318732729,1.8660904094006492,-0.9936090403259046,0.740217227484837,-0.9054480740167674,1.0304638130973318,-1.0202300128479764,1
-0.843317224643377,0.9372810167377,0.22080052491709135,1.022630654807977,-1.2974027647814987,1.380084163812163,-0.019256557668012864,-0.31602881630060375,1.1044255642002523,1.0304638130973318,-0.31583839769516225,1
0.27262458380359555,-1.1506695663269004,-1.0371985364965912,1.765661994067698,1.385385881960984,-0.5639408185417829,1.1227264596406985,-1.4074830615455596,1.1044255642002523,-0.9704367948586523,-0.4551774414398799,0
-0.39694050126458796,0.65888760566242,-0.8636814245774627,0.10228501867945851,-1.8051428155716367,1.1023663091901705,1.0912957343936698,1.0130807887960762,-0.9054480740167674,1.0304638130973318,-1.0091569416948765,1
0.32842167422594415,-0.8722761552516204,1.0450068065329523,-1.21490690091732,-0.6867424334257926,-0.5639408185417829,1.0144650726787108,0.6521967238360505,1.1044255642002523,1.0304638130973318,1.433802155745438,0
1.4443634826729166,-0.7330794497139803,-0.1696129769009481,0.25426870170985577,2.119550549995373,-0.5639408185417829,1.1192341568354731,1.5852140625131896,-0.9054480740167674,-0.9704367948586523,0.17734473178726945,0
-1.12230267675512,-0.5242843914075203,-0.1696129769009481,-0.8602783071797255,-0.9886419230847936,0.7552189909126802,-1.021547462767708,-0.25441446374645316,-0.9054480740167674,-0.9704367948586523,0.06206755436538438,0
-0.5085346821092852,0.5196909001247799,-0.8636814245774627,0.37247823295572097,-1.8668949839109772,1.5189430911231587,-0.0751334025516196,-1.4867015148294676,-0.9054480740167674,-0.9704367948586523,-0.9638295382658422,0
1.1653780305611736,-1.3594646246333606,-0.8203021465976805,-0.9784878384255901,0.05428358664629975,-0.008505109297798425,-0.06465649413594357,-1.3282646082616514,1.1044255642002523,-0.9704367948586523,-0.1239582766723837,0
0.5516100359153386,0.10210078351185986,-0.1696129769009481,-2.135252537045838,-1.8257268716847501,-0.3556524275752888,1.3532184447855762,0.9602684866068039,1.1044255642002523,1.0304638130973318,-0.24909911807776255,1
-0.5643317725316338,-0.1762926275634202,-0.2997508108402946,1.309710944976505,1.2824656013954154,0.33864220897969194,-0.7212094215183219,-1.5219097162889823,1.1044255642002523,-0.9704367948586523,-0.22860284051200103,0
-0.6201288629539825,0.10210078351185986,0.39431763683621995,-0.25234357505813587,-0.9131670506700438,-0.9110881368192733,1.492910556994593,1.4355792063102524,-0.9054480740167674,-0.9704367948586523,0.2135009043149175,1
-0.2853463204198907,0.5892892528936,0.22080052491709135,0.026293177164259284,-1.1190076118011807,1.5883725547786578,-0.18339478951360771,-0.7649333849094164,1.1044255642002523,1.0304638130973318,-0.16381993341513143,1
1.388566392250568,1.4244694861194402,-0.6467850346785519,0.9888565030234439,0.033699530533186264,-0.9805176004747718,0.5814195248307589,1.409173055215616,-0.9054480740167674,-0.9704367948586523,-1.0890991550975906,0
-0.06215795873049621,0.86768266396888,3.300729261481625,1.8754279873674293,-0.41228835191761015,-0.6333702821972813,-0.8189939000646337,0.9602684866068039,1.1044255642002523,-0.9704367948586523,1.9516062852292289,0
-1.4570852192892119,-0.8026778024828004,-0.9504399805370269,0.7017762128549149,0.26698549981514075,-0.008505109297798425,-0.3265792045278499,1.3035484508370727,1.1044255642002523,1.0304638130973318,-0.5295745816439287,0
-0.2853463204198907,0.72848595843124,1.3920410303712096,0.07695440484105917,0.5414395813233231,0.1997832816686957,0.7211116370397754,-1.0025887447611403,1.1044255642002523,-0.9704367948586523,0.643469131005413,1
0.4400158550706414,-1.2202679190957204,0.4810761927957843,0.448470074470919,-0.22017049486188264,2.004949336711646,0.03312798441036822,0.335322910700418,-0.9054480740167674,-0.9704367948586523,1.1432657817219956,1
0.10523331253654966,0.65888760566242,1.1317653624925168,-0.3198918786272012,-1.1876211321782262,-0.21679350026429253,1.492910556994593,-1.4338892126401954,1.1044255642002523,1.0304638130973318,0.48849129133560554,0
-1.12230267675512,-0.4546860386387003,-0.2997508108402946,0.009406101271993855,0.7610028465298693,2.629814509611129,0.8154038127808618,-1.0465989965855338,1.1044255642002523,1.0304638130973318,-0.09215562539439202,0
0.7190013071823845,0.3108958418183199,-0.12623369892116593,0.11917209457172515,-0.707326489538907,-0.008505109297798425,0.21123542747686444,-0.6681108308957506,1.1044255642002523,1.0304638130973318,-0.308137308546159,0
1.388566392250568,-0.8026778024828004,-1.1239570924561557,-0.8180606174490596,-0.8857216425192251,-0.772229209508277,1.3392492335646742,0.8458418318633811,1.1044255642002523,1.0304638130973318,-0.6955227316699645,0
1.1653780305611736,-0.38508768586988024,1.3486617523914275,0.0009625633258599405,0.150342515174163,-0.8416586731637754,0.5674503136098572,-1.6715445724919198,-0.9054480740167674,1.0304638130973318,1.3393757132533848,0
-1.4012881288668633,1.6332645444259002,0.8281104166340416,0.3471476191173216,-1.9766766165142506,-0.008505109297798425,0.5010965603105741,1.4179751055804952,-0.9054480740167674,1.0304638130973318,-0.19242732046270505,1
-1.2338968575998173,-0.037095922025780166,-1.0805778144763734,0.4991313021477189,0.41107389260693705,-1.39709438240776,-0.8993168645848183,-1.5131076659241036,-0.9054480740167674,1.0304638130973318,-0.9486572421263457,0
0.7190013071823845,1.0068793695065201,-0.08285442094138377,0.41469592268638694,0.20523333147580028,-0.7027997458527792,-0.37896374660623094,-0.4304554710440268,1.1044255642002523,1.0304638130973318,-0.5608074534175362,1
-0.843317224643377,-0.10669427479460018,1.2619031964318632,-1.3837776598399838,1.1589612647167344,-1.0499470641302695,0.6268194612986893,-1.4778994644645889,-0.9054480740167674,1.0304638130973318,1.0646163658550896,0
-0.3411434108422393,-0.8026778024828004,0.0472834129979627,1.225275565515173,-0.5083472804454744,-2.438536337240231,1.3567107475908016,0.9514664362419254,1.1044255642002523,1.0304638130973318,0.4246272810057763,1
-0.6201288629539825,0.03250243074303985,0.8714896946138238,1.140840186053841,1.3716631778855755,0.894077918223677,-0.654855668219039,-1.257848205342622,-0.9054480740167674,1.0304638130973318,0.6469395508533075,0
-0.2295492299975421,0.86768266396888,-0.9938192585168091,-0.12569050586613797,0.5483009333610283,0.824648454568178,-1.0075782515468061,1.3563607530263444,-0.9054480740167674,1.0304638130973318,-1.169004565854104,1
1.6675518443623112,-0.1762926275634202,1.0016275285531702,0.4400265365247863,-0.021191285768450994,0.33864220897969194,0.3160045116336272,0.1064696012135726,1.1044255642002523,-0.9704367948586523,0.8891659867362768,0
1.4443634826729166,-0.24589098033224022,-1.514370594274195,-0.24390003711200198,1.8794032286757134,-1.1888059914412659,-1.524439066720168,1.5764120121483112,1.1044255642002523,1.0304638130973318,-1.250875272827423,0
0.7747983976047331,1.5636661916570802,0.2641798028968735,0.7355503646394481,0.10231305091023186,1.7272314820896535,0.7385731510659027,-0.7385272338147801,-0.9054480740167674,1.0304638130973318,-0.5324694487512398,1
-1.6802735809786062,-0.4546860386387003,-0.4732679227594232,-0.8518347692335922,-0.5289313365585878,-0.21679350026429253,0.6966655174031977,-0.15759190973278786,-0.9054480740167674,1.0304638130973318,-0.2483729014021065,1
1.555957663517614,1.4244694861194402,1.175144640472299,1.3350415588149045,0.13661981109875468,-0.8416586731637754,-0.5186558588152478,0.6874049252955649,-0.9054480740167674,1.0304638130973318,0.12839728617626334,1
1.2211751209835222,-1.5682596829398205,-0.34313008882007673,0.6848891369626494,-0.5495153926717014,0.1997832816686957,1.3602030503960267,1.1715176953638922,-0.9054480740167674,1.0304638130973318,0.5178923104833799,1
0.6074071263376873,1.14607607504416,-1.5577498722539773,0.7102197508010487,0.39048983649382263,0.1997832816686957,-0.005287346447111491,-0.27201856447621053,-0.9054480740167674,-0.9704367948586523,-1.6401844293668966,0
-1.736070671400955,-0.4546860386387003,-1.3408534823550664,-0.13413404381227068,1.3648018258478714,-2.438536337240231,0.49760425750534876,1.3827669041209807,-0.9054480740167674,-0.9704367948586523,-1.0294592814406804,1
1.0537838497164762,-1.1506695663269004,-0.6467850346785519,-1.4597695013551824,-0.0006072296553365353,-0.008505109297798425,-1.0250397655729333,-1.3458687089914088,-0.9054480740167674,-0.9704367948586523,-0.05778832528886591,0
1.1653780305611736,0.1716991362806799,-1.0371985364965912,0.8706469717775787,0.10231305091023186,0.13035381801319784,-0.3021330848912719,0.7314151771199585,1.1044255642002523,-0.9704367948586523,-0.9844475239469327,0
0.2168274933812469,-0.38508768586988024,0.17742124693730918,-1.4259953495706497,0.8296163669069149,-0.4250818912307866,1.2519416634340388,-0.5360800754225706,1.1044255642002523,1.0304638130973318,0.29735107522314236,0
1.0537838497164762,1.3548711333506203,-0.34313008882007673,0.8875340476698453,1.2275747850937802,-1.39709438240776,-1.0145628571572571,-1.3986810111806809,-0.9054480740167674,-0.9704367948586523,-0.863711904845398,0
-0.3411434108422393,-1.2898662718645404,1.478799586330774,-0.8096170795029263,-0.46031781618154227,-1.327664918752262,-0.39293295782713267,-0.3952472695845121,1.1044255642002523,-0.9704367948586523,2.2390868011822733,0
-0.17375213957519348,-0.8026778024828004,0.2641798028968735,-1.6286402602778463,0.1846492753626858,-0.008505109297798425,-0.6478710626085882,1.3387566522965866,-0.9054480740167674,1.0304638130973318,0.6320624685383208,1
-0.6201288629539825,-1.1506695663269004,1.175144640472299,-0.024368050512539402,0.8296163669069149,-0.008505109297798425,-1.231085631081233,1.690838666891734,1.1044255642002523,-0.9704367948586523,1.7966942167491995,0
-1.1780997671774687,-0.4546860386387003,-1.3408534823550664,1.1746143378383744,0.34246037222989145,-0.49451135488628506,-0.7456555411548998,-0.37764316885475474,1.1044255642002523,-0.9704367948586523,-1.0294592814406804,0
0.4400158550706414,1.4940678388882602,1.3920410303712096,-1.0038184522639901,-1.908063096137205,0.4080716726351898,-0.9447168010527487,1.3651628033912229,1.1044255642002523,1.0304638130973318,0.23940757266279852,1
-1.1780997671774687,-0.8026778024828004,0.7847311386542594,1.5967912351450342,1.0148728719249371,-0.49451135488628506,1.468464437358015,0.03605319829454315,-0.9054480740167674,1.0304638130973318,1.1299069186164274,1
0.2168274933812469,0.86768266396888,-0.3865093667998589,0.6426714472319834,0.5414395813233231,-0.9110881368192733,0.8293730240017635,0.7666233785794732,-0.9054480740167674,-0.9704367948586523,-0.7277060616605012,1
0.942189668871779,0.72848595843124,1.522178864310556,0.13605917046399177,0.6169144537380739,0.1997832816686957,-0.654855668219039,-1.6011281695728905,1.1044255642002523,1.0304638130973318,0.7400887744979275,0
1.5001605730952654,1.0068793695065201,-0.9070607025572448,-0.46343202371146575,-1.221927892366749,-1.1888059914412659,0.9062036857167226,0.20329215522723793,-0.9054480740167674,-0.9704367948586523,-1.1471043905329104,0
0.3842187646482928,-0.5938827441763403,1.3052824744116454,-0.3958837201424004,0.16406521924957232,-0.008505109297798425,-1.6815926929553118,-1.5131076659241036,-0.9054480740167674,1.0304638130973318,1.4598354599944894,0
0.4400158550706414,0.3108958418183199,0.003904135018180542,0.41469592268638694,0.877645831170846,-1.535953309718756,0.08202022368352395,-0.8177456870986884,1.1044255642002523,-0.9704367948586523,-0.20493181250885326,0
0.16103040295889828,-1.1506695663269004,0.9148689725936059,0.8368728199930466,-0.8994443465946345,0.26921274532419415,-0.8853476533639165,0.23850035668675265,-0.9054480740167674,-0.9704367948586523,1.5317681393151905,0
1.2211751209835222,0.5196909001247799,3.300729261481625,-0.6238592446879964,-0.6318516171241563,0.13035381801319784,-1.3603008348745735,1.0834971917151057,-0.9054480740167674,-0.9704367948586523,2.2307675379629273,0
0.10523331253654966,-0.037095922025780166,0.2641798028968735,-0.8433912312874595,0.8913685352462563,0.060924354357699405,1.3287723251489982,0.2120942055921168,-0.9054480740167674,1.0304638130973318,0.1799707828711273,1
1.2769722114058708,-0.8026778024828004,-0.690164312658334,-0.24390003711200198,-0.6798810813880883,1.5189430911231587,-1.0634550964304128,1.532401760323918,1.1044255642002523,1.0304638130973318,-0.28065235660487536,1
0.8305954880270818,-1.0114728607892605,1.3052824744116454,1.3857027864917042,-0.20644779078647335,-2.438536337240231,1.1122495512250226,1.0922992420799842,1.1044255642002523,-0.9704367948586523,1.8052008275168072,0
-0.4527375916869366,0.65888760566242,-1.4276120383146307,-1.257124590647986,-1.057255443461839,0.4080716726351898,-0.31610229611217355,-1.2138379535182287,1.1044255642002523,1.0304638130973318,-1.4324053553774043,0
1.2211751209835222,1.07647772227534,0.7413518606744772,1.1323966481077083,1.8794032286757134,-0.28622296391979096,-1.7095311153971153,-0.3864452192196332,1.1044255642002523,1.0304638130973318,-0.006906862586857983,0
-0.5643317725316338,-0.8026778024828004,-1.514370594274195,0.01784963921812657,0.5414395813233231,0.6163600636016845,0.8014346015599602,0.5905823712818996,-0.9054480740167674,-0.9704367948586523,-1.0689060692285446,0
-1.5128823097115605,0.3108958418183199,-0.690164312658334,-1.6961885638469116,-0.25447725505040547,0.060924354357699405,0.3229891172440779,1.5412038106887964,1.1044255642002523,1.0304638130973318,-0.755361124707816,1
1.3327693018282194,1.07647772227534,-1.4276120383146307,-0.4887626375498651,-0.44659511210613295,-0.07793457295329626,-0.5570711896727273,1.7172448179863702,1.1044255642002523,1.0304638130973318,-1.5335953660639152,0
0.04943622211420104,-1.4986613301710006,-0.2997508108402946,0.5920102195551835,-1.256234652555272,-1.2582354550967636,-0.7735939635967033,0.9250602851472891,-0.9054480740167674,-0.9704367948586523,0.5183590269002718,1
1.4443634826729166,-1.4986613301710006,-0.9070607025572448,1.79943614585223,-0.11038886225861008,-0.7027997458527792,-1.49999294708359,0.2649065077813885,-0.9054480740167674,-0.9704367948586523,-0.14086466454943136,0
0.2168274933812469,0.1716991362806799,-1.0371985364965912,-1.3668905839477172,0.6923893261528237,3.115820755199615,1.527833585046847,0.9074561844175322,1.1044255642002523,1.0304638130973318,-0.9844475239469327,1
0.8305954880270818,-1.2202679190957204,0.0472834129979627,-2.135252537045838,-0.8239694741798838,0.6163600636016845,-0.03322576888891455,-0.8001415863689311,-0.9054480740167674,1.0304638130973318,0.6960796486089142,1
-0.6759259533763311,-1.6378580357086405,1.478799586330774,-1.350003508055451,0.11603575498564021,1.1023663091901705,-1.4580853134208849,-0.7649333849094164,-0.9054480740167674,1.0304638130973318,2.5958489598402354,0
-0.7317230437986797,1.07647772227534,1.522178864310556,1.1239531101615745,-0.3711202396913832,-0.3556524275752888,1.2763877830706167,0.5465721194575064,1.1044255642002523,-0.9704367948586523,0.5427009986648826,1
0.16103040295889828,1.4244694861194402,-1.4276120383146307,-1.8397287089311762,1.4265539941872107,-0.008505109297798425,-0.7840708720123795,1.3123505012019512,1.1044255642002523,1.0304638130973318,-1.6108833442149562,0
1.109580940138825,-0.24589098033224022,1.0450068065329523,1.4954687797914357,-0.6524356732372697,0.824648454568178,-1.0459935824042859,1.6556304654322191,1.1044255642002523,1.0304638130973318,0.9731894606329815,0
0.6074071263376873,1.07647772227534,1.218523918452081,1.2083884896229065,0.8090323107938003,-2.0219595553072427,-0.7770862664019286,-0.553684176152328,-0.9054480740167674,1.0304638130973318,0.3289646081780946,1
-0.843317224643377,-0.6634810969451603,-1.21071564841572,0.16983332224852382,1.4402766982626212,-0.7027997458527792,0.21472773028209008,1.048288990255591,1.1044255642002523,1.0304638130973318,-0.8334776079037293,1
1.6675518443623112,0.2412974890494999,0.17742124693730918,-0.6576333964725289,-0.3848429437667925,-0.3556524275752888,-1.49999294708359,1.2419340982829217,-0.9054480740167674,1.0304638130973318,-0.03360126452241868,0
1.5001605730952654,1.6332645444259002,-0.9504399805370269,0.034736715110393196,-0.5975448569356334,0.9635073818791748,-0.0751334025516196,0.43214546471408366,-0.9054480740167674,1.0304638130973318,-1.3451931882294594,1
0.7190013071823845,1.5636661916570802,-1.514370594274195,0.5920102195551835,0.9531207035855978,0.4080716726351898,1.3706799588117036,-0.5360800754225706,-0.9054480740167674,-0.9704367948586523,-1.696968226867858,1
0.6074071263376873,0.3108958418183199,1.0450068065329523,0.4400265365247863,-1.8257268716847501,-0.49451135488628506,-1.1018704272878925,0.4233434143492048,-0.9054480740167674,-0.9704367948586523,0.6207121557895908,0
0.10523331253654966,-0.9418745080204404,1.2619031964318632,1.7403313802292988,0.45224200483316407,0.4080716726351898,-0.6024711261406578,0.3001147092409032,-0.9054480740167674,-0.9704367948586523,1.7024235547547233,0
-1.289693948022166,0.65888760566242,0.09066269097774486,-0.28611772684266795,-1.6130249585159082,-0.3556524275752888,-0.3754714438010056,0.3793331625248116,1.1044255642002523,1.0304638130973318,-0.2928903954629067,1
-0.3411434108422393,-1.0114728607892605,-1.4709913162944128,-1.341559970109318,1.261881545282303,1.1023663091901705,0.28806608919182386,0.4233434143492048,-0.9054480740167674,1.0304638130973318,-0.9504719212592804,1
-1.6802735809786062,1.4244694861194402,-0.2997508108402946,-1.518874266978115,-0.25447725505040547,0.26921274532419415,1.4510029233318875,1.2243299975531639,-0.9054480740167674,-0.9704367948586523,-0.8571950710454278,1
1.1653780305611736,1.7028628971947202,1.3486617523914275,-1.7215191776853116,-0.0898048061454966,1.7966609457451512,-0.37896374660623094,-1.1610256513289567,-0.9054480740167674,-0.9704367948586523,0.11283492402963485,0
-1.289693948022166,-0.31548933310106025,-0.1696129769009481,0.17827686019465774,-0.7416332497274298,-0.28622296391979096,-1.5174544611097174,-0.4656636725035412,-0.9054480740167674,-0.9704367948586523,-0.04716072555050888,0
-1.289693948022166,-0.31548933310106025,-0.7335435906381161,-0.2607871130042686,-1.6198863105536132,1.2412252365011673,-0.5431019784518256,0.3001147092409032,-0.9054480740167674,-0.9704367948586523,-0.5429911163337496,1
0.4400158550706414,-1.4290629774021806,1.1317653624925168,0.009406101271993855,1.309911009546234,0.060924354357699405,-1.0948858216774418,-0.7649333849094164,1.1044255642002523,-0.9704367948586523,2.005803659833182,0
-0.843317224643377,1.5636661916570802,-0.7335435906381161,-0.5647544790650637,-0.17214103059795055,-0.7027997458527792,0.5185580743367012,1.6820366165268554,-0.9054480740167674,1.0304638130973318,-1.1857248608654403,1
-1.736070671400955,-0.38508768586988024,-1.21071564841572,-1.147358597348254,3.3065644525182605,-0.008505109297798425,-1.6571465733187338,-0.8353497878284458,-0.9054480740167674,1.0304638130973318,-0.9376410883682561,0
-0.39694050126458796,0.7980843112000601,-1.5577498722539773,0.6004537575013175,-0.8308308262175889,1.380084163812163,-0.7386709355444491,-0.10477960754351577,1.1044255642002523,1.0304638130973318,-1.5628087950528684,1
1.6117547539399626,-1.5682596829398205,-1.2974742043752843,-2.135252537045838,-0.6592970252749749,0.26921274532419415,0.1448816741775817,1.3299546019317081,1.1044255642002523,1.0304638130973318,-0.5317060356570966,0
0.6074071263376873,1.2852727805818,0.9148689725936059,-0.8349476933413261,-0.920028402707748,0.7552189909126802,-0.7910554776228303,-1.4778994644645889,-0.9054480740167674,1.0304638130973318,0.017274893085816815,0
0.4400158550706414,0.5196909001247799,-1.0805778144763734,0.7693245164239814,-0.17214103059795055,-1.1193765277857675,0.16583549100893405,1.127507443539499,-0.9054480740167674,-0.9704367948586523,-1.1302148026527574,1
0.5516100359153386,-1.1506695663269004,-0.9070607025572448,-0.9362701486949241,1.6255332032806435,-1.1193765277857675,-1.356808532069348,0.24730240705163115,1.1044255642002523,-0.9704367948586523,-0.3227144027228754,0
-0.39694050126458796,-1.1506695663269004,1.478799586330774,0.37247823295572097,1.04917963211346,1.1717957728456683,1.5348181906572977,-1.645138421397284,-0.9054480740167674,1.0304638130973318,2.1057746404222106,0
0.3842187646482928,-1.4986613301710006,-0.690164312658334,-0.8349476933413261,-1.5444114381388625,-0.008505109297798425,-0.7421632383496745,1.4179751055804952,-0.9054480740167674,-0.9704367948586523,0.09457236811117685,0
0.16103040295889828,0.65888760566242,1.522178864310556,-0.4887626375498651,1.2481588412068927,-0.14736403660879469,1.4649721345527895,-1.6187322703026479,-0.9054480740167674,1.0304638130973318,0.7815094238850481,0
-1.6244764905562576,-0.5938827441763403,0.3509383588564378,0.5582360677706515,0.706112030228232,-0.28622296391979096,-0.619932640166785,0.05365729902430051,-0.9054480740167674,1.0304638130973318,0.5798122276955497,1
0.9979867592941277,0.5892892528936,1.3052824744116454,-1.316229356270918,0.5002714690970962,0.13035381801319784,0.9725574390160057,-1.5835240688431331,-0.9054480740167674,-0.9704367948586523,0.6590391393478912,0
0.27262458380359555,-0.10669427479460018,0.3509383588564378,0.7271068266933154,-0.7004651375012019,-0.008505109297798425,-0.8993168645848183,-1.5131076659241036,-0.9054480740167674,1.0304638130973318,0.2911975717183279,0
0.6632042167600359,0.45009254735595994,-0.3865093667998589,0.026293177164259284,-0.618128913048747,-2.0913890189627407,0.5814195248307589,1.3651628033912229,-0.9054480740167674,1.0304638130973318,-0.5704968250743137,0
0.6632042167600359,-1.7074563884774605,-0.6034057566987697,1.2506061793535725,0.150342515174163,1.449513627467661,-0.6269172457772356,0.9338623355121676,1.1044255642002523,1.0304638130973318,0.3200080356243624,1
1.0537838497164762,-1.2202679190957204,-0.4732679227594232,0.18672039814079044,-0.5632380967471107,-0.14736403660879469,0.019158773189466533,-1.0642030973152912,-0.9054480740167674,-0.9704367948586523,0.15945628887321617,0
-0.11795504915284484,1.3548711333506203,-0.6034057566987697,-1.105140907617588,1.3579404738101652,1.8660904094006492,0.5953887360516605,0.4233434143492048,-0.9054480740167674,-0.9704367948586523,-1.0394376620210435,1
0.32842167422594415,-0.1762926275634202,1.522178864310556,1.723444304337032,-0.6044062089733386,-1.8136711643407482,0.29854299760749986,1.0394869398907118,-0.9054480740167674,1.0304638130973318,1.3362735176355882,1
0.10523331253654966,1.4940678388882602,0.8281104166340416,-1.020705528156256,-1.997260672627364,-1.8136711643407482,0.25314306113956947,1.3739648537561013,-0.9054480740167674,1.0304638130973318,-0.133601025151541,1
-1.12230267675512,1.0068793695065201,0.09066269097774486,-0.25234357505813587,-1.3317095249700215,-0.28622296391979096,-1.5279313695253933,-0.11358165790839427,-0.9054480740167674,-0.9704367948586523,-0.43737651928798377,1
-0.7317230437986797,-0.9418745080204404,-0.6034057566987697,0.946638813292778,-1.26995735663068,1.0329368455346728,-0.8888399561691419,1.4003710048507376,-0.9054480740167674,-0.9704367948586523,-0.12611590278737417,1
0.27262458380359555,-0.9418745080204404,0.39431763683621995,-1.9326076263386414,-0.2681999591258148,-1.2582354550967636,0.2391738499186678,0.02725114792966427,1.1044255642002523,-0.9704367948586523,0.8519400861304919,0
0.6632042167600359,1.4244694861194402,-1.2540949263955021,1.436364014168503,0.22581738758891376,-1.327664918752262,-1.6955619041762136,0.660998774200929,-0.9054480740167674,-0.9704367948586523,-1.4949313021888748,0
1.5001605730952654,1.4940678388882602,1.5655581422903382,-1.18957628707892,0.06114493868400392,0.4080716726351898,-0.8818553505586912,1.690838666891734,-0.9054480740167674,1.0304638130973318,0.3541794489133644,0
1.5001605730952654,-0.7330794497139803,-1.21071564841572,-0.4887626375498651,0.47968741298398265,-0.3556524275752888,-0.9586860122736504,-0.9321723418421112,-0.9054480740167674,1.0304638130973318,-0.8062386407681458,1
0.942189668871779,1.07647772227534,-0.7769228686178984,0.2711557776021224,-0.25447725505040547,0.5469305999461866,-0.8853476533639165,-1.1698277016938354,-0.9054480740167674,1.0304638130973318,-1.075588815020798,0
1.6117547539399626,-0.4546860386387003,0.2641798028968735,-0.06658574024320538,-0.22017049486188264,-0.28622296391979096,0.11345094893055296,-0.553684176152328,-0.9054480740167674,-0.9704367948586523,0.41555052163068096,0
-0.843317224643377,0.03250243074303985,-1.3842327603348485,0.7777680543701141,1.8107897082986677,-0.008505109297798425,0.27409687797092214,-1.1786297520587141,1.1044255642002523,-0.9704367948586523,-1.2246683895399209,0
-1.2338968575998173,0.2412974890494999,1.0883860845127344,-1.645527336170113,1.2481588412068927,1.380084163812163,1.4160798952796336,-0.7561313345445375,1.1044255642002523,1.0304638130973318,0.6969772953096466,1
1.388566392250568,-0.24589098033224022,3.300729261481625,0.7102197508010487,0.42479659668234543,-0.008505109297798425,-0.41039447185325983,0.85464388222826,1.1044255642002523,-0.9704367948586523,2.9333821070726596,0
1.2769722114058708,1.0068793695065201,-1.6011291502337595,0.7946551302623807,0.9531207035855978,-0.008505109297798425,1.478941345773691,-0.07837345644887952,1.1044255642002523,1.0304638130973318,-1.6408281270511198,0
0.942189668871779,-0.31548933310106025,0.134041968957527,1.022630654807977,-1.9766766165142506,-0.008505109297798425,0.5185580743367012,-0.43925752140890534,1.1044255642002523,-0.9704367948586523,0.21982486948662064,0
0.8305954880270818,0.86768266396888,0.654593304714913,-1.6370837982239796,-0.8376921782552931,0.6163600636016845,1.4300491065005356,-0.4656636725035412,-0.9054480740167674,1.0304638130973318,0.02880565981424608,1
-1.12230267675512,-0.38508768586988024,1.5655581422903382,-1.5104307290319816,-0.4397337600684288,1.449513627467661,1.1506648820825018,-1.0730051476801699,-0.9054480740167674,1.0304638130973318,1.5323432388145404,0
1.6675518443623112,0.2412974890494999,-0.9938192585168091,-0.3705531063039999,-0.8308308262175889,-0.5639408185417829,0.6442809753248163,-0.18399806082742373,1.1044255642002523,1.0304638130973318,-0.972916555735073,0
-0.8991143150657256,-1.4986613301710006,-0.9070607025572448,-1.40066473573225,-1.5855795503650905,0.6857895272571823,-0.5151635560100223,0.4409475150789621,-0.9054480740167674,1.0304638130973318,-0.14086466454943136,0
-0.4527375916869366,-1.2898662718645404,0.8714896946138238,-1.8481722468773094,0.43851930075775475,-0.49451135488628506,-0.9167783786109452,-1.2666502557075008,1.1044255642002523,-0.9704367948586523,1.6049740713521417,0
-0.7317230437986797,0.1716991362806799,-0.9938192585168091,-0.4127707960346659,1.4334153462249168,0.6163600636016845,-0.9831321319102282,1.6644325157970976,1.1044255642002523,1.0304638130973318,-0.9492638570724574,1
-1.3454910384445147,0.1716991362806799,-1.4276120383146307,0.2120510119791898,-0.007468581693041681,-2.3691068735847334,1.5662489159043265,-0.20160216155718108,-0.9054480740167674,1.0304638130973318,-1.3011005258172097,1
-0.06215795873049621,-1.4986613301710006,0.7847311386542594,2.8126606993882133,0.6718052700397091,0.13035381801319784,1.5906950355409044,1.5764120121483112,1.1044255642002523,1.0304638130973318,1.6955441902033117,1
-0.6201288629539825,-0.24589098033224022,0.3509383588564378,0.532905453932251,-0.034913989843859336,0.4080716726351898,0.7734961791181568,-1.2842543564372582,-0.9054480740167674,1.0304638130973318,0.3700532617284647,1
-0.843317224643377,-0.9418745080204404,0.39431763683621995,1.7487749181754313,-0.44659511210613295,1.380084163812163,1.3287723251489982,0.9426643858770468,-0.9054480740167674,-0.9704367948586523,0.8519400861304919,1
-0.5085346821092852,1.3548711333506203,0.134041968957527,-0.06658574024320538,0.9531207035855978,0.9635073818791748,1.4510029233318875,0.4145413639843263,1.1044255642002523,1.0304638130973318,-0.5415480166900469,1
0.27262458380359555,-1.5682596829398205,0.9148689725936059,0.5413489918783848,-1.4620752136864086,-0.14736403660879469,0.02963568160514287,1.127507443539499,1.1044255642002523,1.0304638130973318,1.901453766759463,0
1.2211751209835222,-0.24589098033224022,-1.514370594274195,-0.17635173354293665,-1.9149244481749093,0.26921274532419415,0.4382351098165167,0.35292701143017535,1.1044255642002523,-0.9704367948586523,-1.250875272827423,0
-0.8991143150657256,1.2852727805818,-1.6011291502337595,2.6944511681423493,-1.475797917761817,-0.008505109297798425,-0.2951484792808209,1.6292243143375829,-0.9054480740167674,1.0304638130973318,-1.6990559553022002,1
-1.4570852192892119,-1.6378580357086405,0.8714896946138238,-0.7167381620954616,0.8845071832085522,1.7272314820896535,-0.2986407820860465,0.44974956544384065,-0.9054480740167674,1.0304638130973318,1.9190467409399201,0
-1.3454910384445147,-0.10669427479460018,-0.5166472007392053,-0.5816415549573304,0.09545169887252672,0.6857895272571823,-1.625715848071705,1.004278738431197,1.1044255642002523,1.0304638130973318,-0.44539175603096876,1
-0.39694050126458796,0.5892892528936,-0.5166472007392053,0.7862115923162468,0.39048983649382263,-1.9525300916517443,-0.2427639372024398,1.3299546019317081,1.1044255642002523,1.0304638130973318,-0.7233641028939872,1
-0.7875201342210283,0.10210078351185986,1.4354203083509918,0.18672039814079044,1.735314835883916,0.26921274532419415,0.5918964332464353,0.7578213282145944,1.1044255642002523,-0.9704367948586523,1.067531714886019,0
-0.39694050126458796,1.07647772227534,-1.3842327603348485,-0.45498848576533185,-1.1944824842159303,-0.008505109297798425,-0.28467157086514483,0.08886550048381524,1.1044255642002523,-0.9704367948586523,-1.503061595994374,0
-1.12230267675512,-1.7074563884774605,1.0450068065329523,0.946638813292778,1.2481588412068927,-0.8416586731637754,1.2868646914862933,-0.8001415863689311,1.1044255642002523,-0.9704367948586523,2.1816180703530974,0
-0.9549114054880742,-1.2202679190957204,0.3075590808766557,-0.06658574024320538,-0.3985656478422018,0.060924354357699405,-0.5954865205302069,1.2507361486478001,1.1044255642002523,-0.9704367948586523,0.9643913284767629,0
1.5001605730952654,-0.1762926275634202,1.0450068065329523,-0.07502927818933809,-0.5563767447094065,-0.9110881368192733,-1.2939470815752905,-0.06957140608400104,1.1044255642002523,-0.9704367948586523,0.926424947644553,0
-0.3411434108422393,0.86768266396888,-1.1673363704359379,0.2120510119791898,0.08859034683482254,-1.4665238460632577,1.0773265231727678,0.4233434143492048,-0.9054480740167674,-0.9704367948586523,-1.2950898527665617,1
0.49581294549299004,-1.3594646246333606,-1.1239570924561557,-1.7806239433082436,0.25326279573973143,-0.6333702821972813,0.5953887360516605,-1.4778994644645889,1.1044255642002523,1.0304638130973318,-0.4451188883923854,0
0.7190013071823845,-0.24589098033224022,0.17742124693730918,-1.6370837982239796,-0.21330914282417848,0.1997832816686957,-0.91328607580572,-0.00795705352985007,1.1044255642002523,1.0304638130973318,0.2192692120023357,0
-0.3411434108422393,-0.037095922025780166,-0.9504399805370269,1.073291882484776,0.6374985098511864,0.9635073818791748,0.11345094893055296,0.6962069756604438,-0.9054480740167674,1.0304638130973318,-0.8394351751911062,1
0.8305954880270818,-0.5242843914075203,1.0450068065329523,-0.7082946241493283,0.09545169887252672,0.060924354357699405,-0.3545176269696533,0.3001147092409032,-0.9054480740167674,1.0304638130973318,1.168723755243587,1
-0.006360868308147588,-0.5938827441763403,-0.12623369892116593,-0.15946465765067003,-0.19958643874876916,0.9635073818791748,1.5208489794363964,-0.18399806082742373,-0.9054480740167674,-0.9704367948586523,0.13980061154608034,1
-1.2338968575998173,-0.9418745080204404,-1.3408534823550664,1.605234773091167,-0.4191497039553153,0.6857895272571823,0.3614044481015576,-0.9761825936665046,1.1044255642002523,1.0304638130973318,-0.8490268511179707,1
-0.8991143150657256,-1.3594646246333606,3.300729261481625,-0.11724696792000405,0.25326279573973143,-1.1193765277857675,-1.2066395114446549,-0.6681108308957506,-0.9054480740167674,1.0304638130973318,4.234650025241928,0
-1.4012881288668633,0.03250243074303985,-0.12623369892116593,-0.23545649916586925,-1.3866003412716579,0.6857895272571823,-0.005287346447111491,0.7050090260253222,-0.9054480740167674,-0.9704367948586523,-0.18088703816677418,1
-0.843317224643377,0.10210078351185986,-0.4732679227594232,0.8875340476698453,-1.0984235556880662,0.6857895272571823,1.2554339662392646,-0.9673805433016259,-0.9054480740167674,1.0304638130973318,-0.4981914378276671,1
-0.5085346821092852,-1.2202679190957204,0.3509383588564378,-0.6323027826341296,-0.3711202396913832,1.7966609457451512,0.5849118276359843,0.43214546471408366,-0.9054480740167674,1.0304638130973318,1.0091099417880716,0
-0.3411434108422393,-0.4546860386387003,-0.3865093667998589,1.191501413730641,0.5688849894741408,0.4080716726351898,1.1820956073295306,0.3177188099706606,1.1044255642002523,-0.9704367948586523,-0.17026426339824927,1
-0.6201288629539825,1.14607607504416,-0.690164312658334,0.862203433831446,2.208748126485531,-1.327664918752262,-0.8853476533639165,1.6556304654322191,-0.9054480740167674,1.0304638130973318,-1.0358867952502688,0
-0.5643317725316338,-1.7074563884774605,-0.9938192585168091,1.8332102976367632,-0.1584183265225422,-0.5639408185417829,1.3427415363699,-1.5483158673836184,-0.9054480740167674,1.0304638130973318,-0.12089960417981166,1
1.4443634826729166,0.2412974890494999,-1.0805778144763734,-0.7251817000415943,-1.818865519647045,-1.9525300916517443,0.8817575660801446,-1.3810769104509235,1.1044255642002523,-0.9704367948586523,-1.0424954661952697,0
-1.4012881288668633,1.3548711333506203,1.522178864310556,1.360372172653305,-0.8102467701044754,0.5469305999461866,0.7874653903390585,0.018449097564785782,-0.9054480740167674,1.0304638130973318,0.39565602158006496,1
-1.0107084959104229,1.6332645444259002,1.3920410303712096,0.532905453932251,0.6855279741151195,1.7272314820896535,-0.546594281257051,0.09766755084869373,1.1044255642002523,1.0304638130973318,0.17308380834138812,1
-0.9549114054880742,0.65888760566242,0.5678347487553487,-1.3668905839477172,-0.9955032751224978,-2.438536337240231,1.3427415363699,-1.6187322703026479,-0.9054480740167674,1.0304638130973318,0.06524287765307822,0
1.1653780305611736,1.0068793695065201,-0.08285442094138377,-2.135252537045838,-1.3385708770077258,1.7272314820896535,0.4696658350635454,1.1451115442692559,1.1044255642002523,1.0304638130973318,-0.5608074534175362,1
-1.4012881288668633,-0.8026778024828004,-0.42988864477964106,-0.8349476933413261,0.6786666220774153,0.47750113629068763,1.2170186353817847,-0.016759103894728948,1.1044255642002523,1.0304638130973318,-0.03173013156582162,1
-1.289693948022166,0.65888760566242,1.218523918452081,0.2711557776021224,0.48654876502168687,-1.1193765277857675,-0.4977020419838953,-0.5360800754225706,-0.9054480740167674,-0.9704367948586523,0.5536064319021488,0
1.0537838497164762,1.5636661916570802,-1.0371985364965912,0.41469592268638694,-1.5101046779503398,0.26921274532419415,-1.24854714510736,-0.6329026294362363,1.1044255642002523,1.0304638130973318,-1.384541725421936,0
0.8863925784494304,1.3548711333506203,0.3509383588564378,-0.083472816135472,-0.9131670506700438,-1.1193765277857675,-0.5989788233354324,1.2771422997424364,-0.9054480740167674,1.0304638130973318,-0.395109885710342,1
-1.3454910384445147,-0.38508768586988024,0.3075590808766557,-0.07502927818933809,1.2893269534331195,0.47750113629068763,-0.16942557829270602,-1.0642030973152912,1.1044255642002523,1.0304638130973318,0.4131315905598359,0
0.9979867592941277,1.6332645444259002,0.5678347487553487,-0.15102111970453733,0.8845071832085522,0.060924354357699405,0.10297404051487663,-1.1962338527884715,1.1044255642002523,-0.9704367948586523,-0.3611247645261325,0
1.5001605730952654,-0.8722761552516204,-0.8636814245774627,1.022630654807977,-1.2287892444044533,0.33864220897969194,0.026143378799917526,-1.011390795126019,-0.9054480740167674,-0.9704367948586523,-0.41423321913869365,0
-0.5085346821092852,0.86768266396888,-0.7769228686178984,-1.4766565772474491,-2.038428784853591,-0.9805176004747718,0.14837397698280702,0.4409475150789621,-0.9054480740167674,-0.9704367948586523,-1.0113979572135317,1
-0.17375213957519348,1.6332645444259002,1.0883860845127344,0.24582516376372304,0.28070820389055007,-0.8416586731637754,1.1820956073295306,1.0922992420799842,-0.9054480740167674,1.0304638130973318,-0.023729876399277625,1
-0.7875201342210283,1.4244694861194402,-0.08285442094138377,-0.8602783071797255,-0.2956453672766334,0.5469305999461866,-1.16473187778195,-0.5976944279767216,-0.9054480740167674,1.0304638130973318,-0.7122550185128261,0
-0.06215795873049621,1.6332645444259002,-0.5166472007392053,-0.9447136866410575,0.19151062740039096,-0.5639408185417829,-0.654855668219039,-1.152223600964078,-0.9054480740167674,1.0304638130973318,-1.0640307814570802,0
-0.11795504915284484,-1.2202679190957204,0.6979725826946951,1.1661707998922406,0.6580825659643008,-0.008505109297798425,1.3462338391751254,-1.0201928454908977,1.1044255642002523,1.0304638130973318,1.366858848278537,0
1.109580940138825,1.21567442781298,-0.42988864477964106,-1.020705528156256,-0.9749192190093843,-0.008505109297798425,0.19726621625596275,0.4233434143492048,-0.9054480740167674,1.0304638130973318,-0.8775135715738019,1
0.3842187646482928,-0.38508768586988024,-0.8203021465976805,-0.16790819559680395,-0.4397337600684288,-0.21679350026429253,0.2775891807761475,-0.8969641403825964,1.1044255642002523,-0.9704367948586523,-0.5902995423581754,0
0.16103040295889828,0.5196909001247799,-0.6034057566987697,1.9598633668287613,-0.920028402707748,1.1717957728456683,-0.08910261377252128,1.3299546019317081,-0.9054480740167674,1.0304638130973318,-0.7641672210015441,1
-0.7875201342210283,0.03250243074303985,1.3486617523914275,0.8284292820469127,-0.878860290481521,-0.21679350026429253,0.15885088539848335,-1.3898789608158022,-0.9054480740167674,1.0304638130973318,1.0428566151672598,0
1.5001605730952654,0.9372810167377,1.0450068065329523,-0.4887626375498651,0.5894690455872552,-0.21679350026429253,-1.0669473992356382,-1.645138421397284,-0.9054480740167674,-0.9704367948586523,0.2767123291806373,0
0.5516100359153386,-0.31548933310106025,-0.12623369892116593,-0.40432725808853315,0.15720386721186816,-0.6333702821972813,0.15186627978803235,-1.4514933133699528,1.1044255642002523,-0.9704367948586523,-0.009019926259490657,0
0.3842187646482928,1.6332645444259002,-1.6011291502337595,-1.2655681285941192,-1.5993022544404998,1.1023663091901705,1.7234025421394705,1.2155279471882854,-0.9054480740167674,-0.9704367948586523,-1.7669367983880282,1
-0.843317224643377,1.14607607504416,-0.7335435906381161,1.2928238690842384,0.754141494492165,-0.772229209508277,0.21822003308731544,0.528968018727749,-0.9054480740167674,-0.9704367948586523,-1.0661016769561003,0
-1.0107084959104229,1.21567442781298,-0.9938192585168091,0.9973000409695766,-0.35739753561597387,1.3106547001566653,-1.6047620312403525,1.611620213607826,-0.9054480740167674,-0.9704367948586523,-1.2662260903898732,1
-0.06215795873049621,1.07647772227534,-0.9070607025572448,0.6680020610703827,0.8021709587560962,0.13035381801319784,1.0214496782891613,-0.5712882768820854,1.1044255642002523,1.0304638130973318,-1.1671901252294214,0
-0.4527375916869366,-1.1506695663269004,1.3052824744116454,0.7862115923162468,-1.0366713873487257,2.7686734369221244,-0.3754714438010056,-1.011390795126019,1.1044255642002523,1.0304638130973318,1.9291572554662044,0
0.16103040295889828,-0.10669427479460018,0.654593304714913,-0.8096170795029263,-0.9474738108585666,-0.008505109297798425,-1.2206087226655566,0.22089625595699527,1.1044255642002523,1.0304638130973318,0.5490038364305818,1
0.6632042167600359,0.7980843112000601,-0.3865093667998589,-1.5948661084933136,0.26698549981514075,1.3106547001566653,1.2554339662392646,0.13287575230820844,-0.9054480740167674,1.0304638130973318,-0.7025571565171488,1
1.555957663517614,1.6332645444259002,0.2641798028968735,0.5413489918783848,-1.1190076118011807,0.5469305999461866,-1.0669473992356382,0.3177188099706606,1.1044255642002523,1.0304638130973318,-0.5579384492667978,0
0.7190013071823845,1.07647772227534,-0.8636814245774627,0.8790905097237126,-0.27506131116351895,-0.5639408185417829,1.457987528942339,-0.5360800754225706,1.1044255642002523,-0.9704367948586523,-1.1366563551598803,0
0.10523331253654966,-0.5938827441763403,-0.21299225488073026,1.605234773091167,-1.2425119484798626,0.5469305999461866,-0.2148255147606364,-1.741960975410949,1.1044255642002523,1.0304638130973318,0.05979849951890399,0
